-100.0000000000000000 -11.2873947512069694
-99.9799979997999770 -17.0381358439673427
-99.9599959995999541 -9.0386760072065595
-99.9399939993999453 -15.2380792451748377
-99.9199919991999224 -14.6762449221685678
-99.8999899989998994 -20.0322772278371914
-99.8799879987998764 -17.9489865824600869
-99.8599859985998535 -20.6785401747882247
-99.8399839983998447 -39.1739363621399335
-99.8199819981998218 -2.3234216070978002
-99.7999799979997988 21.1262461559505041
-99.7799779977997758 -9.2017386929111424
-99.7599759975997529 13.5489541010871566
-99.7399739973997441 -9.6731907729752820
-99.7199719971997212 -14.8913028341014133
-99.6999699969996982 -0.8434041467557636
-99.6799679967996752 -7.6867532992189762
-99.6599659965996665 9.7833523468089467
-99.6399639963996435 21.5290927970829280
-99.6199619961996206 7.1661940707092970
-99.5999599959995976 11.9590758283248491
-99.5799579957995746 22.8081867483633296
-99.5599559955995659 23.4676782192293985
-99.5399539953995429 11.1555421561902754
-99.5199519951995200 -4.3788479779244600
-99.4999499949994970 13.3198494970861585
-99.4799479947994740 6.4410707529692086
-99.4599459945994653 42.8437272812458616
-99.4399439943994423 12.3235079111800498
-99.4199419941994194 -34.4084532888454220
-99.3999399939993964 23.8052276942631877
-99.3799379937993734 -8.7544974859658655
-99.3599359935993647 1.9283079118245272
-99.3399339933993417 22.3457389800623112
-99.3199319931993188 12.5307398095619131
-99.2999299929992958 30.3862642526640485
-99.2799279927992870 3.0664578859413512
-99.2599259925992641 18.5735520513551435
-99.2399239923992411 20.8263763682404104
-99.2199219921992182 25.7324594172030672
-99.1999199919991952 15.8146308058865603
-99.1799179917991864 10.9916012080882339
-99.1599159915991635 29.4108668961599129
-99.1399139913991405 15.5901320130849008
-99.1199119911991176 -9.3267212251159926
-99.0999099909990946 -1.8849697773062122
-99.0799079907990858 43.7122917054169875
-99.0599059905990629 6.9102140039673303
-99.0399039903990399 8.1112232551201178
-99.0199019901990170 22.8624030412463384
-98.9998999899989940 18.2363450734201535
-98.9798979897989852 14.6638901362552367
-98.9598959895989623 3.8001845273057047
-98.9398939893989393 31.1159380352324177
-98.9198919891989163 41.7931957938503729
-98.8998899889988934 54.6896942370588022
-98.8798879887988846 -14.7240086506339836
-98.8598859885988617 -15.9984461823068234
-98.8398839883988387 43.8177440192191128
-98.8198819881988157 12.2647907762554507
-98.7998799879987928 19.5346340006070669
-98.7798779877987840 18.5815221883911157
-98.7598759875987611 25.9992139328080683
-98.7398739873987381 24.4059031054420501
-98.7198719871987151 6.1943872078802533
-98.6998699869987064 30.3212512098023765
-98.6798679867986834 37.4992940953156690
-98.6598659865986605 31.1570463503286135
-98.6398639863986375 25.1494022455137625
-98.6198619861986145 -3.0798462884832212
-98.5998599859986058 10.5859338521395401
-98.5798579857985828 25.1618171523661118
-98.5598559855985599 39.2622574067722212
-98.5398539853985369 10.7301208175648561
-98.5198519851985139 25.5231061624021223
-98.4998499849985052 23.8329691846373279
-98.4798479847984822 13.3695606107428731
-98.4598459845984593 3.9351063578583325
-98.4398439843984363 22.5645730042636750
-98.4198419841984133 42.1440813962129397
-98.3998399839984046 14.8110422961851587
-98.3798379837983816 13.5107546913719823
-98.3598359835983587 30.6667473033756792
-98.3398339833983357 19.8536669844973268
-98.3198319831983270 30.7105665740200564
-98.2998299829983040 -7.4894056366863708
-98.2798279827982810 13.2569731604919845
-98.2598259825982581 24.8997891378367555
-98.2398239823982351 17.7680933407550441
-98.2198219821982264 35.5009581355403085
-98.1998199819982034 20.0034930820970054
-98.1798179817981804 61.8856010750740424
-98.1598159815981575 13.0383733303443456
-98.1398139813981345 27.5264633566337729
-98.1198119811981257 -15.0821041362466239
-98.0998099809981028 30.2091989847334190
-98.0798079807980798 33.4193041030361044
-98.0598059805980569 29.0490228099578616
-98.0398039803980339 1.9649163966425576
-98.0198019801980251 -1.2040062534175533
-97.9997999799980022 38.6524162380698328
-97.9797979797979792 50.8400380413319226
-97.9597959795979563 -5.5499837938932366
-97.9397939793979333 14.4163442662262486
-97.9197919791979245 8.5701870160930635
-97.8997899789979016 52.2952032782127816
-97.8797879787978786 46.2489511942350333
-97.8597859785978557 15.7501163384566336
-97.8397839783978327 7.4153429457783950
-97.8197819781978239 -5.7512233626392728
-97.7997799779978010 53.6822625297605356
-97.7797779777977780 32.9023044925333181
-97.7597759775977551 15.1292835192683413
-97.7397739773977463 34.6237118962862809
-97.7197719771977233 -6.1546868697562971
-97.6997699769977004 56.3720384881505083
-97.6797679767976774 41.4172316308600088
-97.6597659765976545 30.3098033287422659
-97.6397639763976457 27.9715270328547305
-97.6197619761976227 26.4522353398836394
-97.5997599759975998 -31.6629824134484288
-97.5797579757975768 27.4594142022533525
-97.5597559755975539 21.4282155761711408
-97.5397539753975451 36.9501477358305195
-97.5197519751975221 43.3087935952860548
-97.4997499749974992 40.0021635101727639
-97.4797479747974762 60.5281092553639084
-97.4597459745974533 32.5946248203850786
-97.4397439743974445 42.4723405029646912
-97.4197419741974215 19.7792188660093728
-97.3997399739973986 31.3416259597144986
-97.3797379737973756 33.8093706985446687
-97.3597359735973669 19.0949134591014591
-97.3397339733973439 39.0514942269621983
-97.3197319731973209 36.0254715611836005
-97.2997299729972980 22.8653029286907632
-97.2797279727972750 30.8743571918128339
-97.2597259725972663 59.8979553617651987
-97.2397239723972433 32.6783625453093975
-97.2197219721972203 48.1322466548384966
-97.1997199719971974 28.8273931065340996
-97.1797179717971744 45.4294039622426311
-97.1597159715971657 3.4814187177571085
-97.1397139713971427 30.9395980879725769
-97.1197119711971197 26.3771996016723023
-97.0997099709970968 59.6961051879786027
-97.0797079707970738 23.1268252654841433
-97.0597059705970651 38.8825246895942485
-97.0397039703970421 33.0185586051992459
-97.0197019701970191 14.5879950668039626
-96.9996999699969962 43.9193197452213155
-96.9796979697969732 35.8968422320827187
-96.9596959695969645 52.1616636731206498
-96.9396939693969415 44.5943987778304205
-96.9196919691969185 25.5534377096397876
-96.8996899689968956 -7.4796287527710845
-96.8796879687968726 29.3802087639241734
-96.8596859685968639 33.5909628032020962
-96.8396839683968409 39.6635024227705983
-96.8196819681968179 9.1109383594907491
-96.7996799679967950 4.1940289863057778
-96.7796779677967862 21.2479734579946289
-96.7596759675967633 -1.2099764991402964
-96.7396739673967403 5.8601865013492009
-96.7196719671967173 42.6877831963153653
-96.6996699669966944 56.0758234774501574
-96.6796679667966856 -3.9539126956197919
-96.6596659665966627 13.0455696810744222
-96.6396639663966397 9.0971581535374959
-96.6196619661966167 37.4300758685000474
-96.5996599659965938 26.9094499316567024
-96.5796579657965850 21.1243412420537311
-96.5596559655965621 25.8020259902331439
-96.5396539653965391 53.8502617517711215
-96.5196519651965161 51.7723134443016377
-96.4996499649964932 13.7709576521098604
-96.4796479647964844 36.8017014280687462
-96.4596459645964615 39.8827084207067415
-96.4396439643964385 44.4277217858599016
-96.4196419641964155 22.2550098195438082
-96.3996399639964068 66.0548099065019301
-96.3796379637963838 24.7182167586032868
-96.3596359635963609 45.8606119270104529
-96.3396339633963379 54.6635108953261977
-96.3196319631963149 28.8906251599563788
-96.2996299629963062 35.0044518855416271
-96.2796279627962832 44.6666959152703384
-96.2596259625962603 55.4969070874739856
-96.2396239623962373 54.4311673349011045
-96.2196219621962143 64.2245425258514047
-96.1996199619962056 59.7007874932415064
-96.1796179617961826 48.8762490463722798
-96.1596159615961597 30.4092573732707088
-96.1396139613961367 39.3640533773128425
-96.1196119611961137 58.8214829265003800
-96.0996099609961050 19.6314953812869391
-96.0796079607960820 19.3151599434800936
-96.0596059605960590 62.0185264263932083
-96.0396039603960361 42.6707768729980614
-96.0196019601960131 85.8301341762941519
-95.9995999599960044 3.1208863538581895
-95.9795979597959814 10.7610897108689940
-95.9595959595959584 28.9330098291020228
-95.9395939593959355 21.6855580824417089
-95.9195919591959125 2.2847159782996371
-95.8995899589959038 48.5299990646100099
-95.8795879587958808 16.0228827879392597
-95.8595859585958578 25.7974038874831848
-95.8395839583958349 50.9401374888871530
-95.8195819581958119 32.8978126913200910
-95.7995799579958032 28.9194059235042964
-95.7795779577957802 54.6659043454895723
-95.7595759575957572 39.4836424249147058
-95.7395739573957343 49.6545542488865479
-95.7195719571957255 35.2344545289607964
-95.6995699569957026 36.4282209099226719
-95.6795679567956796 38.6766155290407880
-95.6595659565956566 47.2068892933230231
-95.6395639563956337 23.3299346085012189
-95.6195619561956249 47.0402516099509711
-95.5995599559956020 49.8764705972735314
-95.5795579557955790 -12.9326197111916130
-95.5595559555955560 21.1068512550528133
-95.5395539553955331 36.0891437964109301
-95.5195519551955243 33.9431929033174882
-95.4995499549955014 30.8232339396373121
-95.4795479547954784 26.5094464971941832
-95.4595459545954554 32.7772746194010693
-95.4395439543954467 35.4147793290909618
-95.4195419541954237 39.2079832765836898
-95.3995399539954008 37.1291360369690793
-95.3795379537953778 72.4738160981509623
-95.3595359535953548 12.9156944982651325
-95.3395339533953461 52.9482506576360734
-95.3195319531953231 40.4185870214419509
-95.2995299529953002 15.2605187567365270
-95.2795279527952772 24.4675241523566882
-95.2595259525952542 60.1799423513364644
-95.2395239523952455 73.0577029746146849
-95.2195219521952225 55.2204710590095047
-95.1995199519951996 44.6986719195044486
-95.1795179517951766 22.8681041823677944
-95.1595159515951536 43.1417798528878933
-95.1395139513951449 68.1739990270610861
-95.1195119511951219 43.0775713372544189
-95.0995099509950990 43.0672890865793221
-95.0795079507950760 38.8806237109634552
-95.0595059505950530 37.9688830694945949
-95.0395039503950443 5.5807514519449839
-95.0195019501950213 24.2634954460469672
-94.9994999499949984 25.7607529213920934
-94.9794979497949754 48.2080739328893983
-94.9594959495949524 33.2609186014273064
-94.9394939493949437 48.3684952396863537
-94.9194919491949207 26.4137078420708633
-94.8994899489948978 64.6157432219991819
-94.8794879487948748 92.8427442458431926
-94.8594859485948518 44.5731781468962964
-94.8394839483948431 25.5201571616059653
-94.8194819481948201 14.4238113622067026
-94.7994799479947972 28.9562900366241642
-94.7794779477947742 17.8169154198128830
-94.7594759475947654 9.3041003458897933
-94.7394739473947425 18.2749899612620332
-94.7194719471947195 19.7019670286217270
-94.6994699469946966 40.4269989893283324
-94.6794679467946736 34.1103016377023565
-94.6594659465946648 41.7388972278535562
-94.6394639463946419 54.2546325923712089
-94.6194619461946189 30.3357719724962429
-94.5994599459945960 59.8523519319450941
-94.5794579457945730 45.1256159222274675
-94.5594559455945642 25.4809211645713845
-94.5394539453945413 34.4764204849861784
-94.5194519451945183 21.4416091271185607
-94.4994499449944954 62.7987003834484767
-94.4794479447944866 26.6976910629494029
-94.4594459445944636 52.8662830938673096
-94.4394439443944407 40.9072659231817326
-94.4194419441944177 22.9208160677348403
-94.3994399439943948 62.4760263770966233
-94.3794379437943860 34.2089555172841457
-94.3594359435943630 50.9536401226066431
-94.3394339433943401 56.3648629807566977
-94.3194319431943171 48.6952714282482830
-94.2994299429942942 5.9194989006305327
-94.2794279427942854 41.8368530071984495
-94.2594259425942624 38.7917920913585021
-94.2394239423942395 71.9004961840153385
-94.2194219421942165 43.1141268473062027
-94.1994199419941936 28.4564486446129514
-94.1794179417941848 29.0178054924176152
-94.1594159415941618 50.6015591786383396
-94.1394139413941389 41.6289927098712411
-94.1194119411941159 10.1025507057117885
-94.0994099409940929 1.2187569949810317
-94.0794079407940842 -11.9820895686868241
-94.0594059405940612 15.2181891036080899
-94.0394039403940383 23.1432310433297346
-94.0194019401940153 43.1718012153252104
-93.9993999399939923 43.1354353418110747
-93.9793979397939836 41.2163544080231503
-93.9593959395939606 52.5065188819759499
-93.9393939393939377 21.4917703469502079
-93.9193919391939147 53.2660533950213377
-93.8993899389938917 57.2648321540251430
-93.8793879387938830 49.3308183759341148
-93.8593859385938600 44.5419641884459452
-93.8393839383938371 29.4767531017503686
-93.8193819381938141 33.0785200954327294
-93.7993799379938054 42.8284492299870436
-93.7793779377937824 1.6005253240997916
-93.7593759375937594 35.4193526820031934
-93.7393739373937365 16.0554277817057098
-93.7193719371937135 41.9484894242615738
-93.6993699369937048 39.9908414908721355
-93.6793679367936818 19.7142998955693329
-93.6593659365936588 47.0170221966965585
-93.6393639363936359 22.3128767265478984
-93.6193619361936129 55.3336807342861334
-93.5993599359936042 8.5745328555085329
-93.5793579357935812 33.3080280687445978
-93.5593559355935582 24.0379109093329362
-93.5393539353935353 36.3980643438154559
-93.5193519351935265 44.4106296649749481
-93.4993499349935036 7.4980251356743288
-93.4793479347934806 45.8417750669556909
-93.4593459345934576 0.2360467142895750
-93.4393439343934347 21.5034927625697101
-93.4193419341934259 34.5705894832184271
-93.3993399339934030 -19.8843823195077185
-93.3793379337933800 25.7084636714586026
-93.3593359335933570 9.0999953701449563
-93.3393339333933341 -36.5444472342413604
-93.3193319331933253 25.3119295200937415
-93.2993299329933024 20.2361998662275155
-93.2793279327932794 40.5674565307011648
-93.2593259325932564 21.4578695589059940
-93.2393239323932335 -12.1559586831319066
-93.2193219321932247 39.7249385621002915
-93.1993199319932017 51.4361424666380103
-93.1793179317931788 20.9100082472780926
-93.1593159315931558 41.5941198186014063
-93.1393139313931329 31.0218852370667655
-93.1193119311931241 27.9108672717086534
-93.0993099309931011 45.3943970687113705
-93.0793079307930782 29.9305433687985207
-93.0593059305930552 42.3809280476788359
-93.0393039303930323 40.3285836075163715
-93.0193019301930235 -2.8214999726259826
-92.9992999299930005 42.9621856453370015
-92.9792979297929776 37.2992856188208464
-92.9592959295929546 25.4507245696703919
-92.9392939293929317 32.4609998069642032
-92.9192919291929229 4.4647379384553645
-92.8992899289928999 24.0258688001306346
-92.8792879287928770 61.6695539933869199
-92.8592859285928540 21.0617986291787886
-92.8392839283928453 37.6017728194145846
-92.8192819281928223 10.3008945131387897
-92.7992799279927993 19.9169345929501986
-92.7792779277927764 31.2228280809621133
-92.7592759275927534 -6.5613383335906335
-92.7392739273927447 20.6183088016714180
-92.7192719271927217 13.2035060773313457
-92.6992699269926987 31.1317808803121814
-92.6792679267926758 38.8066449814268140
-92.6592659265926528 22.6941605729408593
-92.6392639263926441 42.9561950843115952
-92.6192619261926211 21.6287874440540442
-92.5992599259925981 23.9908255028637605
-92.5792579257925752 53.0031426702486925
-92.5592559255925664 21.8052551804368875
-92.5392539253925435 22.0345297856730973
-92.5192519251925205 47.5479946424163558
-92.4992499249924975 25.8723179169657058
-92.4792479247924746 -1.6340030232857394
-92.4592459245924658 46.2246854140489987
-92.4392439243924429 28.6433216389000620
-92.4192419241924199 12.2625415682561165
-92.3992399239923969 4.8209753256316148
-92.3792379237923740 4.5514388203384009
-92.3592359235923652 31.2425270655498224
-92.3392339233923423 31.8288980264173667
-92.3192319231923193 -0.1610755840187217
-92.2992299229922963 32.6255045047921968
-92.2792279227922734 -22.5478795781050998
-92.2592259225922646 8.6481807619241930
-92.2392239223922417 19.4550859964076110
-92.2192219221922187 37.1028031114429524
-92.1992199219921957 37.9979050666142797
-92.1792179217921728 51.0908689180182449
-92.1592159215921640 3.5281524472073009
-92.1392139213921411 13.9109481765076382
-92.1192119211921181 20.4622052202721996
-92.0992099209920951 31.7521912907729060
-92.0792079207920722 21.5834367436299281
-92.0592059205920634 42.9061815657281187
-92.0392039203920405 27.7586035565208427
-92.0192019201920175 -21.0891926164965682
-91.9991999199919945 1.5323881916486641
-91.9791979197919716 17.6451408867205330
-91.9591959195919628 21.2982159020693906
-91.9391939193919399 19.7117082634861127
-91.9191919191919169 -11.5128177490694270
-91.8991899189918939 2.5318726751922682
-91.8791879187918710 5.5391330905342624
-91.8591859185918622 23.5967033634696861
-91.8391839183918393 10.0101809951249923
-91.8191819181918163 7.9186086556319104
-91.7991799179917933 -7.0301762684974136
-91.7791779177917846 -27.3259777485912210
-91.7591759175917616 12.5005343784524250
-91.7391739173917387 12.8627036099152647
-91.7191719171917157 -2.3718255042474681
-91.6991699169916927 14.7350863431466674
-91.6791679167916840 4.4628873227922110
-91.6591659165916610 10.8933419629438486
-91.6391639163916381 34.1027035010270936
-91.6191619161916151 -31.1438291224253661
-91.5991599159916063 21.7459804582993819
-91.5791579157915834 29.3237007348321015
-91.5591559155915604 31.3973296679526328
-91.5391539153915375 8.0041571593409309
-91.5191519151915145 26.7993427456010771
-91.4991499149915057 3.8758136281486557
-91.4791479147914828 24.5490544989256492
-91.4591459145914598 17.1877394383059006
-91.4391439143914369 -18.8934315897012084
-91.4191419141914139 17.6154531260728504
-91.3991399139914051 20.0504416670215733
-91.3791379137913822 8.7899849198631088
-91.3591359135913592 21.9453145362281319
-91.3391339133913363 11.5035780667488741
-91.3191319131913133 47.2361285832222393
-91.2991299129913045 39.6047156624112660
-91.2791279127912816 -15.1160590632301179
-91.2591259125912586 0.3093772890319784
-91.2391239123912356 -16.2159423258327706
-91.2191219121912127 5.7449271998721088
-91.1991199119912039 -5.9003475070474138
-91.1791179117911810 10.7560514785412060
-91.1591159115911580 38.8349100161828602
-91.1391139113911350 -4.2535221834619072
-91.1191119111911121 0.6320871839917199
-91.0991099109911033 25.4977463314880630
-91.0791079107910804 1.5660391766985615
-91.0591059105910574 26.1695115799494786
-91.0391039103910344 21.9370396367101392
-91.0191019101910115 -28.1342875732509228
-90.9990999099910027 18.7870257636868061
-90.9790979097909798 28.9017218784631282
-90.9590959095909568 8.0844877528334926
-90.9390939093909338 10.1245643801429281
-90.9190919091909109 22.0927729047064503
-90.8990899089909021 11.1508619281423940
-90.8790879087908792 -5.7437296289893567
-90.8590859085908562 9.4093616134919369
-90.8390839083908332 -4.9137697045569357
-90.8190819081908245 7.1586815902065455
-90.7990799079908015 16.7928766479057074
-90.7790779077907786 24.3614604674687953
-90.7590759075907556 -17.1320021822580841
-90.7390739073907326 -12.7920220287042188
-90.7190719071907239 40.9026136928634685
-90.6990699069907009 1.5421227198095844
-90.6790679067906780 12.8787678588754098
-90.6590659065906550 -23.4932641209507196
-90.6390639063906463 -4.4500453456831055
-90.6190619061906233 11.9297275985795963
-90.5990599059906003 17.2199140661970702
-90.5790579057905774 -4.3623418294716680
-90.5590559055905544 15.0764321548102203
-90.5390539053905457 -25.4651587534265111
-90.5190519051905227 -20.0133289274496562
-90.4990499049904997 36.6617453802149456
-90.4790479047904768 14.3243924052110110
-90.4590459045904538 -21.2176327624181162
-90.4390439043904451 22.7374638041451718
-90.4190419041904221 -16.2434647234451930
-90.3990399039903991 -20.7987800606754796
-90.3790379037903762 -31.0240418387443810
-90.3590359035903532 1.6498112568500791
-90.3390339033903444 -0.1691190404654543
-90.3190319031903215 15.3857608390606071
-90.2990299029902985 5.3720830987600312
-90.2790279027902756 -3.9483516427054104
-90.2590259025902526 -9.0398073556415497
-90.2390239023902438 -7.7223911497579802
-90.2190219021902209 6.4171149465469366
-90.1990199019901979 25.2260258929160521
-90.1790179017901750 10.8903579453452100
-90.1590159015901520 20.3973213147168124
-90.1390139013901432 0.3892796010223649
-90.1190119011901203 -21.9273817723817608
-90.0990099009900973 16.5179278022040457
-90.0790079007900744 -17.4084214670115465
-90.0590059005900514 23.4726418142033211
-90.0390039003900426 -1.2032594807727608
-90.0190019001900197 10.5142163960684485
-89.9989998999899967 3.9965901729655635
-89.9789978997899738 14.1041348888774554
-89.9589958995899508 -10.2796705880162786
-89.9389938993899420 23.1875516976067715
-89.9189918991899191 3.0645201429076958
-89.8989898989898961 -30.8927459287642350
-89.8789878987898732 -7.3019068250301631
-89.8589858985898644 6.4949618355236982
-89.8389838983898414 -19.4089688348693912
-89.8189818981898185 -8.4177948457833196
-89.7989798979897955 17.4956856466232402
-89.7789778977897726 17.5445551330180933
-89.7589758975897638 8.3706378338439009
-89.7389738973897408 18.5331947185142205
-89.7189718971897179 -6.5015925842377742
-89.6989698969896949 18.3612982392264108
-89.6789678967896862 -4.3025975580820965
-89.6589658965896632 -21.7145214968024121
-89.6389638963896402 32.1166697392622709
-89.6189618961896173 -2.3432197371026819
-89.5989598959895943 2.1015509156915213
-89.5789578957895856 5.2851555871622571
-89.5589558955895626 -35.1709041025619484
-89.5389538953895396 -32.0924267827879248
-89.5189518951895167 -31.8592186525476322
-89.4989498949894937 1.3725240480341379
-89.4789478947894850 9.7629197537460524
-89.4589458945894620 5.1189812088693021
-89.4389438943894390 -40.0243978518495922
-89.4189418941894161 -0.3302096389549671
-89.3989398939893931 -12.5239464350130305
-89.3789378937893844 -4.6040144159551346
-89.3589358935893614 2.1391111785619410
-89.3389338933893384 -5.3522112529113084
-89.3189318931893155 -4.8414094484632404
-89.2989298929892925 0.9564973132849781
-89.2789278927892838 15.4543417798149196
-89.2589258925892608 -14.8965159690923485
-89.2389238923892378 -10.5077709865617734
-89.2189218921892149 -21.1638837149422194
-89.1989198919891919 -32.2033290977807880
-89.1789178917891832 15.0831469694161768
-89.1589158915891602 3.6534066721738885
-89.1389138913891372 4.6998584139510191
-89.1189118911891143 18.9014410382017495
-89.0989098909890913 -9.9148520747382296
-89.0789078907890826 -25.3767043510844488
-89.0589058905890596 13.7325656121761153
-89.0389038903890366 -1.4934185911090792
-89.0189018901890137 12.8517687977531203
-88.9988998899889907 4.6787735263201355
-88.9788978897889820 1.0841561410500002
-88.9588958895889590 12.1755428343345233
-88.9388938893889360 1.2536372093533714
-88.9188918891889131 -0.0234008221404416
-88.8988898889889043 17.0288759301857553
-88.8788878887888814 -13.5512202820035821
-88.8588858885888584 6.9486158125035278
-88.8388838883888354 -29.1173353918720608
-88.8188818881888125 -36.2272982756050226
-88.7988798879888037 33.4505042229890108
-88.7788778877887808 -10.6092201708082623
-88.7588758875887578 31.5507871510666433
-88.7388738873887348 -26.1366694501696912
-88.7188718871887261 -27.0670938330093698
-88.6988698869887031 11.7763166779147461
-88.6788678867886802 -24.9457162364690710
-88.6588658865886572 -48.3136336320331878
-88.6388638863886342 -6.7258290832518428
-88.6188618861886255 -33.5822901936412279
-88.5988598859886025 -10.4879986423335438
-88.5788578857885796 -7.9387402897650938
-88.5588558855885566 3.1098920638725929
-88.5388538853885336 -17.0371032447433706
-88.5188518851885249 -19.0694923128043463
-88.4988498849885019 -12.7653321522642909
-88.4788478847884790 -35.4353385550206994
-88.4588458845884560 -34.4060092345090140
-88.4388438843884330 -11.3814113984336327
-88.4188418841884243 -17.3531184252610871
-88.3988398839884013 -17.0967877714161745
-88.3788378837883783 -18.2415479275170185
-88.3588358835883554 31.3332899830111522
-88.3388338833883324 -41.8506893468577772
-88.3188318831883237 -6.3876244647980158
-88.2988298829883007 -37.0417262027111036
-88.2788278827882777 -7.3791559935904214
-88.2588258825882548 -22.6307481802539208
-88.2388238823882318 -2.1498904485252837
-88.2188218821882231 -9.4067854202655869
-88.1988198819882001 -17.7817679574869061
-88.1788178817881771 -7.0905548405452823
-88.1588158815881542 -21.8413032251243067
-88.1388138813881312 -40.8934825463298210
-88.1188118811881225 -21.6301189119523123
-88.0988098809880995 -33.9202053420871721
-88.0788078807880765 -21.4084722038877260
-88.0588058805880536 -15.9729177871877273
-88.0388038803880306 3.7986166334021654
-88.0188018801880219 -31.8859882138882931
-87.9987998799879989 -29.5825778604758298
-87.9787978797879759 6.4955017137260072
-87.9587958795879530 -19.8829390421893066
-87.9387938793879442 -15.5034339797572684
-87.9187918791879213 -23.0464304820175947
-87.8987898789878983 -19.9171124161492479
-87.8787878787878753 -29.5790225865073992
-87.8587858785878524 3.5531026623630062
-87.8387838783878436 -51.5662552094894977
-87.8187818781878207 9.3797814347108499
-87.7987798779877977 -34.1394665187150324
-87.7787778777877747 15.6998788300707837
-87.7587758775877660 -22.3742009357282363
-87.7387738773877430 2.8492454577464059
-87.7187718771877201 -16.7363037421850009
-87.6987698769876971 -40.0240435805046246
-87.6787678767876741 -33.0284550252597384
-87.6587658765876654 -23.4429055970789726
-87.6387638763876424 -48.8397738408578661
-87.6187618761876195 -22.8493177491391251
-87.5987598759875965 -31.8069888926142035
-87.5787578757875735 -29.6100095504680461
-87.5587558755875648 -46.5971844543195743
-87.5387538753875418 -45.9865377931480594
-87.5187518751875189 -3.5641558916743747
-87.4987498749874959 -4.6273590722649622
-87.4787478747874729 -26.4369620119175188
-87.4587458745874642 -43.0585501531369488
-87.4387438743874412 -47.0415725766063559
-87.4187418741874183 -1.8160500069582888
-87.3987398739873953 -24.7280526595311443
-87.3787378737873723 -26.4416961515205351
-87.3587358735873636 -24.2085047425356237
-87.3387338733873406 -10.4434232651745518
-87.3187318731873177 -29.1913162601226261
-87.2987298729872947 11.7792903494172876
-87.2787278727872717 -20.2599955416851998
-87.2587258725872630 -9.1145805385004905
-87.2387238723872400 -33.7531366547662586
-87.2187218721872171 -27.4140920218513315
-87.1987198719871941 -54.2368011693059628
-87.1787178717871711 -41.8119868178176333
-87.1587158715871624 -34.5276079786861985
-87.1387138713871394 -39.1416368264498615
-87.1187118711871165 -8.3963231959942028
-87.0987098709870935 -12.5263760728680538
-87.0787078707870705 -14.5079261323095743
-87.0587058705870618 -23.1197205658494873
-87.0387038703870388 -32.2456896991280431
-87.0187018701870159 -36.4484119398720665
-86.9986998699869929 -81.6721105613992506
-86.9786978697869841 -8.5124048943572603
-86.9586958695869612 -46.7810208282488560
-86.9386938693869382 -34.3653738039957801
-86.9186918691869153 -30.8226144336241425
-86.8986898689868923 -36.1399797266090843
-86.8786878687868835 -38.6898228443976535
-86.8586858685868606 -38.8172034009123550
-86.8386838683868376 7.0027896355646853
-86.8186818681868147 -57.4165287935417723
-86.7986798679868059 -15.3443238731837965
-86.7786778677867829 -5.3803549491139577
-86.7586758675867600 -20.3061614883878221
-86.7386738673867370 5.9921333724835222
-86.7186718671867141 -27.8196279526315600
-86.6986698669867053 3.3450688142790383
-86.6786678667866823 -34.1332916875010355
-86.6586658665866594 -27.5453980225380946
-86.6386638663866364 -18.4346437574829523
-86.6186618661866135 11.1300877960743350
-86.5986598659866047 -9.5190847054572565
-86.5786578657865817 -10.5896344583025162
-86.5586558655865588 -18.2405596178082980
-86.5386538653865358 -25.3641671850695047
-86.5186518651865129 -14.8852801857359864
-86.4986498649865041 -18.1749072030967547
-86.4786478647864811 -55.0651883700247566
-86.4586458645864582 -24.6526368277635228
-86.4386438643864352 -55.8408284072224319
-86.4186418641864122 -59.0421694218550712
-86.3986398639864035 -6.3950328773510385
-86.3786378637863805 -23.7348369519971847
-86.3586358635863576 -37.6952735118569038
-86.3386338633863346 -38.7182283772778248
-86.3186318631863116 -29.4347768500599116
-86.2986298629863029 -50.2750060238588716
-86.2786278627862799 -28.7958446728902722
-86.2586258625862570 -11.9047818683362188
-86.2386238623862340 -8.6031792661196640
-86.2186218621862110 -37.2215387207613801
-86.1986198619862023 -65.6909047116728857
-86.1786178617861793 -39.6951815996334147
-86.1586158615861564 -30.0703138938970582
-86.1386138613861334 -26.1539671721592555
-86.1186118611861104 -51.3886878373004521
-86.0986098609861017 -64.3652004483884497
-86.0786078607860787 -38.7536283415865768
-86.0586058605860558 -53.5767181040910998
-86.0386038603860328 -110.0785312516009924
-86.0186018601860241 -33.1217035099797528
-85.9985998599860011 1.8237486070143945
-85.9785978597859781 -77.2139192229971343
-85.9585958595859552 -33.9560793518531909
-85.9385938593859322 -42.1748199568571991
-85.9185918591859235 -48.3250371535183376
-85.8985898589859005 -40.5788479005617262
-85.8785878587858775 -39.7675107996091057
-85.8585858585858546 -29.9612605014213287
-85.8385838583858458 -55.2075072125672790
-85.8185818581858229 -55.3593286840982159
-85.7985798579857999 -12.0834590256238990
-85.7785778577857769 -53.0214757041277451
-85.7585758575857540 -68.0411210180555344
-85.7385738573857452 -54.9583279478438484
-85.7185718571857223 -56.1575852468951382
-85.6985698569856993 -50.8636764535053558
-85.6785678567856763 -32.8657850713242041
-85.6585658565856534 -85.4258106743376402
-85.6385638563856446 -54.1128263024503724
-85.6185618561856217 -51.2619223393551380
-85.5985598559855987 -50.1400266293583243
-85.5785578557855757 -50.1729780494384556
-85.5585558555855528 -45.2279261226139013
-85.5385538553855440 -35.8041445929412419
-85.5185518551855210 -75.8489540407581586
-85.4985498549854981 -52.6817321367565938
-85.4785478547854751 -21.9172445267658311
-85.4585458545854522 -73.4489151212732736
-85.4385438543854434 -59.5013972017069293
-85.4185418541854204 -36.2222620862211002
-85.3985398539853975 -7.5975134917596918
-85.3785378537853745 -71.3764565190228666
-85.3585358535853516 -32.9971201041515414
-85.3385338533853428 -56.0434801211607692
-85.3185318531853198 -8.7231126945804576
-85.2985298529852969 -50.9758953901922709
-85.2785278527852739 -39.8152615089475432
-85.2585258525852510 -55.0699577531464612
-85.2385238523852422 -22.3795852101906085
-85.2185218521852192 -31.8026201959058454
-85.1985198519851963 -55.9659892852712204
-85.1785178517851733 -74.2309364939127363
-85.1585158515851504 -69.8748959380826165
-85.1385138513851416 -56.0144982416544366
-85.1185118511851186 -22.0996067319792040
-85.0985098509850957 -78.6023576719743744
-85.0785078507850727 -58.8250161824618516
-85.0585058505850640 -57.6850139007941749
-85.0385038503850410 -55.3336931771161460
-85.0185018501850180 -60.8905787667950733
-84.9984998499849951 -60.3494658193820186
-84.9784978497849721 -85.4636036510181896
-84.9584958495849634 -45.2925442783746774
-84.9384938493849404 -48.9228862443314725
-84.9184918491849174 -68.7799966267718048
-84.8984898489848945 -29.0248070780836187
-84.8784878487848857 -50.8035052612585503
-84.8584858485848628 -53.9567205592736343
-84.8384838483848398 -35.4030777650169455
-84.8184818481848168 -52.0228434732382965
-84.7984798479847939 -25.8044043473681128
-84.7784778477847851 -61.7906937003070098
-84.7584758475847622 -88.6296885593492476
-84.7384738473847392 -64.1448279086302620
-84.7184718471847162 -57.2673113643739313
-84.6984698469846933 -73.4060451526724052
-84.6784678467846845 -52.6640959446928605
-84.6584658465846616 -32.4569792339068002
-84.6384638463846386 -54.3221111155725680
-84.6184618461846156 -28.6068276185422903
-84.5984598459845927 -76.4468730239784975
-84.5784578457845839 -52.3522909186323417
-84.5584558455845610 -62.4566702690367705
-84.5384538453845380 -19.9073260365503515
-84.5184518451845150 -59.8733242083064781
-84.4984498449844921 -55.0049949060318966
-84.4784478447844833 -37.3029192216367420
-84.4584458445844604 -58.8014676609302569
-84.4384438443844374 -59.5561028829487924
-84.4184418441844144 -79.7114579905057496
-84.3984398439843915 -99.8448672984803238
-84.3784378437843827 -40.1879987893220019
-84.3584358435843598 -50.6749436561388649
-84.3384338433843368 -74.1206842999503976
-84.3184318431843138 -62.4674136600539356
-84.2984298429842909 -57.6471867403224039
-84.2784278427842821 -49.5588410620058966
-84.2584258425842592 -50.6738520462755417
-84.2384238423842362 -95.5249791807502930
-84.2184218421842132 -67.3703166403198992
-84.1984198419841903 -52.1793186138837939
-84.1784178417841815 -36.8554215010469264
-84.1584158415841586 -79.8603153661123599
-84.1384138413841356 -80.1239938297166958
-84.1184118411841126 -62.6115823128925655
-84.0984098409840897 -46.3851960544460908
-84.0784078407840809 -89.3417763814659907
-84.0584058405840580 -26.3777349934214520
-84.0384038403840350 -103.4636447345016705
-84.0184018401840120 -86.6641218203861570
-83.9983998399839891 -43.9138789878903495
-83.9783978397839803 -58.4412460933814657
-83.9583958395839574 -69.9783450114915837
-83.9383938393839344 -79.5906501586457011
-83.9183918391839256 -61.0821416290614252
-83.8983898389839027 -70.7818284360753012
-83.8783878387838797 -64.5026555158606811
-83.8583858385838568 -35.6096550499051077
-83.8383838383838338 -44.0680330471509052
-83.8183818381838250 -47.0026039776806215
-83.7983798379838021 -49.3227102223374985
-83.7783778377837791 -39.3548101614412502
-83.7583758375837562 -58.6561246102450724
-83.7383738373837332 -99.1997353170147278
-83.7183718371837244 -63.6596205639448272
-83.6983698369837015 -24.8141930534831587
-83.6783678367836785 -79.4014946153925223
-83.6583658365836556 -91.9029652551250109
-83.6383638363836326 -29.5374727671965047
-83.6183618361836238 -89.9080864792003780
-83.5983598359836009 -45.5044271031840353
-83.5783578357835779 -70.9098969836527147
-83.5583558355835549 -25.9479037943058941
-83.5383538353835320 -63.0599284737061510
-83.5183518351835232 -78.5028040026600991
-83.4983498349835003 -38.6216385796842587
-83.4783478347834773 -37.6797084527452739
-83.4583458345834543 -71.3243009150496761
-83.4383438343834314 -98.3937732293212832
-83.4183418341834226 -60.8539872110554469
-83.3983398339833997 -70.4483966749978663
-83.3783378337833767 -40.4444110574079190
-83.3583358335833537 -71.0117014692282140
-83.3383338333833308 -45.7296762965936807
-83.3183318331833220 -85.9134111403537020
-83.2983298329832991 -49.6724392113545292
-83.2783278327832761 -112.6315267586841458
-83.2583258325832531 -59.1614542268851054
-83.2383238323832302 -48.1152904794107243
-83.2183218321832214 -34.9864002690099980
-83.1983198319831985 -70.5888348842609901
-83.1783178317831755 -56.3688932094100181
-83.1583158315831525 -87.3050725719686511
-83.1383138313831296 -80.5951203355669037
-83.1183118311831208 -49.0703387642262499
-83.0983098309830979 -65.2741888811819422
-83.0783078307830749 -70.3891143120802099
-83.0583058305830662 -86.5508119652222661
-83.0383038303830290 -67.8909958779246807
-83.0183018301830202 -70.2704392127569690
-82.9982998299829973 -65.9373291317575223
-82.9782978297829743 -70.7219829672801978
-82.9582958295829656 -47.6823733585446661
-82.9382938293829426 -73.0349136752625157
-82.9182918291829196 -72.3232907556480598
-82.8982898289828967 -109.4546789083365184
-82.8782878287828737 -90.1752326565031126
-82.8582858285828650 -34.2585698594301746
-82.8382838283828420 -90.4289557218247637
-82.8182818281828190 -58.3919854141108488
-82.7982798279827961 -98.8064632986138633
-82.7782778277827731 -69.6735916038938399
-82.7582758275827644 -80.7273093045780143
-82.7382738273827414 -89.0316665230961632
-82.7182718271827184 -71.0915979397402396
-82.6982698269826955 -83.4307402630065127
-82.6782678267826725 -88.0124187546809651
-82.6582658265826637 -88.1387189518842291
-82.6382638263826408 -48.0288912751176298
-82.6182618261826178 -58.9295764981790597
-82.5982598259825949 -87.4097440718742718
-82.5782578257825719 -65.4931520027492979
-82.5582558255825631 -56.8943514885800283
-82.5382538253825402 -30.9083470898560293
-82.5182518251825172 -88.8074309843624690
-82.4982498249824943 -90.2687038747118180
-82.4782478247824713 -65.4416728271579018
-82.4582458245824625 -116.0766598507361778
-82.4382438243824396 -75.5097462557092030
-82.4182418241824166 -96.4219529382863954
-82.3982398239823937 -59.9896355189891182
-82.3782378237823707 -108.2903281287358794
-82.3582358235823619 -50.4074162473388583
-82.3382338233823390 -73.3442865649503517
-82.3182318231823160 -82.0230931745509366
-82.2982298229822931 -54.2007229837157638
-82.2782278227822701 -109.4657521191389264
-82.2582258225822613 -60.0490528876760266
-82.2382238223822384 -63.6211551647667761
-82.2182218221822154 -60.2756664743103414
-82.1982198219821925 -74.8735551145775844
-82.1782178217821695 -36.2017188721145473
-82.1582158215821607 -95.8496846477474946
-82.1382138213821378 -76.0290548988478321
-82.1182118211821148 -63.9095437707653033
-82.0982098209821061 -71.6425670295549395
-82.0782078207820689 -71.0043798516690003
-82.0582058205820601 -71.9260606596549934
-82.0382038203820372 -83.5515415565485284
-82.0182018201820142 -87.5855156706393529
-81.9981998199820055 -76.3870476234567803
-81.9781978197819825 -59.8876604043249330
-81.9581958195819595 -73.5649495163632849
-81.9381938193819366 -128.2225470459784162
-81.9181918191819136 -78.4260571256915853
-81.8981898189819049 -62.7122983197889710
-81.8781878187818819 -81.6996860934156643
-81.8581858185818589 -52.7671259476050238
-81.8381838183818360 -112.7834136687086186
-81.8181818181818130 -120.0228870491314268
-81.7981798179818043 -93.2910752949416064
-81.7781778177817813 -77.4114236957496047
-81.7581758175817583 -75.9598855581984509
-81.7381738173817354 -97.9545120063230996
-81.7181718171817124 -92.8114560542383344
-81.6981698169817037 -59.7685053592656672
-81.6781678167816807 -78.7755532899208077
-81.6581658165816577 -69.9096877448558871
-81.6381638163816348 -71.4924293189617686
-81.6181618161816118 -63.5054592103050339
-81.5981598159816031 -86.1527955301106942
-81.5781578157815801 -103.6594125831174722
-81.5581558155815571 -83.6183597097624158
-81.5381538153815342 -100.7107136092026849
-81.5181518151815112 -86.7256454188242571
-81.4981498149815025 -76.8918977526102765
-81.4781478147814795 -72.8929851785659935
-81.4581458145814565 -67.1312562369296870
-81.4381438143814336 -55.1463186304287660
-81.4181418141814106 -78.6803552815769649
-81.3981398139814019 -102.6073559815314269
-81.3781378137813789 -55.1098324250818692
-81.3581358135813559 -81.9605746707516403
-81.3381338133813330 -88.1078817205234799
-81.3181318131813100 -74.6241389009152556
-81.2981298129813013 -87.5046885179381917
-81.2781278127812783 -43.4343179544751408
-81.2581258125812553 -118.7330738444219378
-81.2381238123812324 -81.6166579700174566
-81.2181218121812094 -72.5713606909626492
-81.1981198119812007 -65.0024154670208958
-81.1781178117811777 -63.5653982115837266
-81.1581158115811547 -59.1728372303014254
-81.1381138113811460 -86.3799369764138589
-81.1181118111811088 -63.2258191520778894
-81.0981098109811001 -67.7267906382826652
-81.0781078107810771 -73.1095127000148040
-81.0581058105810541 -62.0995784423872905
-81.0381038103810454 -95.2994947839579680
-81.0181018101810224 -79.6179986691064414
-80.9980998099809995 -58.9709352091409187
-80.9780978097809765 -43.2686600242151442
-80.9580958095809535 -74.3796186990257979
-80.9380938093809448 -120.3477021675302865
-80.9180918091809218 -96.9781592069792424
-80.8980898089808989 -75.6238843600486206
-80.8780878087808759 -70.9680366408469041
-80.8580858085808529 -102.7157744900412126
-80.8380838083808442 -50.7538600970202580
-80.8180818081808212 -62.9702180184375777
-80.7980798079807983 -76.7620586672600922
-80.7780778077807753 -108.1641846062034062
-80.7580758075807523 -90.4296488145279085
-80.7380738073807436 -113.0241596259583048
-80.7180718071807206 -97.2086206365394787
-80.6980698069806976 -88.1465839863677303
-80.6780678067806747 -78.2675987816413965
-80.6580658065806517 -66.8467641742881256
-80.6380638063806430 -82.0638864453717076
-80.6180618061806200 -39.8782203296347717
-80.5980598059805970 -98.0961216456743017
-80.5780578057805741 -67.0422756454695872
-80.5580558055805511 -93.4629803691188670
-80.5380538053805424 -88.6886959064528639
-80.5180518051805194 -96.8401450596373650
-80.4980498049804964 -87.8980184688638388
-80.4780478047804735 -21.7515650472095956
-80.4580458045804505 -59.9825391125165979
-80.4380438043804418 -84.1507089088716924
-80.4180418041804188 -105.2752441163173103
-80.3980398039803958 -87.4785543835965882
-80.3780378037803729 -35.1411333673738540
-80.3580358035803499 -115.6435867928707211
-80.3380338033803412 -97.4699600110934199
-80.3180318031803182 -45.5238209830676297
-80.2980298029802952 -110.3171367575781687
-80.2780278027802723 -106.7044144361233720
-80.2580258025802493 -92.4225420397746973
-80.2380238023802406 -94.5342186079068370
-80.2180218021802176 -107.4402660988657487
-80.1980198019801946 -113.3484980907918214
-80.1780178017801859 -86.5388636897849608
-80.1580158015801487 -85.6328625276125166
-80.1380138013801400 -107.2290243054249856
-80.1180118011801170 -101.7527042438992879
-80.0980098009800940 -85.8445654730546437
-80.0780078007800853 -91.2765257097578484
-80.0580058005800623 -49.0304108813448636
-80.0380038003800394 -77.1499141092934764
-80.0180018001800164 -83.5620683740907566
-79.9979997999799934 -59.1796500521541304
-79.9779977997799847 -60.7714424158975248
-79.9579957995799617 -67.9340322698506895
-79.9379937993799388 -80.2171865461387767
-79.9179917991799158 -73.5972259742097208
-79.8979897989798928 -84.0281445515485217
-79.8779877987798841 -95.4698720562816447
-79.8579857985798611 -70.7981531186029827
-79.8379837983798382 -108.6847213868411188
-79.8179817981798152 -79.6899312956740573
-79.7979797979797922 -103.3376080001842752
-79.7779777977797835 -103.8288729872840150
-79.7579757975797605 -105.7295015082227678
-79.7379737973797376 -78.7397855593651173
-79.7179717971797146 -98.2359072903831105
-79.6979697969796916 -126.6258150056125373
-79.6779677967796829 -109.5562577200829111
-79.6579657965796599 -62.1524526637662689
-79.6379637963796370 -57.7484273510523778
-79.6179617961796140 -94.2250002762724250
-79.5979597959795910 -80.8637796265628879
-79.5779577957795823 -75.2765040364760694
-79.5579557955795593 -76.3597136789540087
-79.5379537953795364 -85.5463870149486070
-79.5179517951795134 -51.2173996789031349
-79.4979497949794904 -121.1833458373834844
-79.4779477947794817 -105.6181673002814989
-79.4579457945794587 -120.9766873415783834
-79.4379437943794358 -111.2301362911304636
-79.4179417941794128 -84.9833377261852689
-79.3979397939793898 -108.2924699671272748
-79.3779377937793811 -59.5995703856981578
-79.3579357935793581 -79.8913633562859502
-79.3379337933793352 -111.1276781026452198
-79.3179317931793122 -90.3546938786803082
-79.2979297929792892 -88.0871242255711451
-79.2779277927792805 -68.4896113600683236
-79.2579257925792575 -77.3281375154289492
-79.2379237923792346 -83.5626765048624662
-79.2179217921792116 -89.6215989158093151
-79.1979197919791886 -104.0664718559517041
-79.1779177917791799 -84.6900523401641578
-79.1579157915791569 -48.4074579344470024
-79.1379137913791340 -92.2413982905522545
-79.1179117911791252 -94.3401954473324338
-79.0979097909790880 -95.4057333609095792
-79.0779077907790793 -133.4786831349237843
-79.0579057905790563 -123.0412308650006423
-79.0379037903790334 -87.4571434027061230
-79.0179017901790246 -72.9680303696320181
-78.9978997899790016 -87.8072190934288699
-78.9778977897789787 -93.1491378170329227
-78.9578957895789557 -81.1768190096528457
-78.9378937893789328 -99.2738401400032444
-78.9178917891789240 -126.4804504154598419
-78.8978897889789010 -112.2292116594849745
-78.8778877887788781 -93.3564462586351880
-78.8578857885788551 -95.7065346872772835
-78.8378837883788322 -107.1182811819669354
-78.8178817881788234 -96.7778955231952978
-78.7978797879788004 -89.8193970740335601
-78.7778777877787775 -59.5315124003821197
-78.7578757875787545 -112.4711812450253205
-78.7378737873787315 -87.4431661859613314
-78.7178717871787228 -68.5745002309317613
-78.6978697869786998 -83.7200943638458455
-78.6778677867786769 -105.4437025259487797
-78.6578657865786539 -102.9419562319894368
-78.6378637863786309 -105.7079064479055432
-78.6178617861786222 -46.2272628445569396
-78.5978597859785992 -70.2229490379379655
-78.5778577857785763 -92.8098308550960525
-78.5578557855785533 -67.8174636804425859
-78.5378537853785303 -82.8908584222499769
-78.5178517851785216 -69.8493816079593728
-78.4978497849784986 -71.2146643310810532
-78.4778477847784757 -115.4475710789412517
-78.4578457845784527 -114.9228325529581696
-78.4378437843784297 -84.8039259853117642
-78.4178417841784210 -97.6169574048936113
-78.3978397839783980 -94.7455409214824300
-78.3778377837783751 -103.0007463515973285
-78.3578357835783521 -105.8295495912374520
-78.3378337833783291 -95.0301463330638683
-78.3178317831783204 -110.2527014350071966
-78.2978297829782974 -91.6218520264801128
-78.2778277827782745 -110.1539425818228324
-78.2578257825782515 -88.6607043780192186
-78.2378237823782285 -119.0453515665696216
-78.2178217821782198 -123.4580880131098297
-78.1978197819781968 -93.6972495292723551
-78.1778177817781739 -99.0742137716538025
-78.1578157815781651 -110.1997821364595467
-78.1378137813781279 -68.0044924577649397
-78.1178117811781192 -104.5229175309530802
-78.0978097809780962 -102.1392756094550691
-78.0778077807780733 -86.5465178879607180
-78.0578057805780645 -96.9184567300175388
-78.0378037803780416 -126.7507053981882876
-78.0178017801780186 -115.5188990517315517
-77.9977997799779956 -82.9029237527783920
-77.9777977797779727 -86.2536368098614048
-77.9577957795779639 -107.6467735124807916
-77.9377937793779410 -111.4937272689381587
-77.9177917791779180 -151.2591233533773050
-77.8977897789778950 -83.9282767502747191
-77.8777877787778721 -92.5620708127026717
-77.8577857785778633 -98.6707355291083275
-77.8377837783778403 -51.2955530949237897
-77.8177817781778174 -69.3694953410126374
-77.7977797779777944 -113.5121657517459539
-77.7777777777777715 -84.1655318514039266
-77.7577757775777627 -105.1225690132001205
-77.7377737773777397 -85.9728136081149614
-77.7177717771777168 -114.2751190327610118
-77.6977697769776938 -94.8262352729112905
-77.6777677767776709 -64.4946938362976709
-77.6577657765776621 -89.3753128090300635
-77.6377637763776391 -69.0015143815015790
-77.6177617761776162 -149.4786786379513330
-77.5977597759775932 -86.8940731639278710
-77.5777577757775703 -109.4234399226175327
-77.5577557755775615 -96.9090703917278375
-77.5377537753775385 -102.9495734626157031
-77.5177517751775156 -91.2921597467044705
-77.4977497749774926 -110.4700705003547370
-77.4777477747774697 -80.8822545219960318
-77.4577457745774609 -96.8770675720476788
-77.4377437743774379 -118.7007425907233085
-77.4177417741774150 -92.5547903540399943
-77.3977397739773920 -62.7093823268092336
-77.3777377737773691 -72.1290246516077218
-77.3577357735773603 -123.4861515263543907
-77.3377337733773373 -144.0254628852673022
-77.3177317731773144 -99.9763567859616700
-77.2977297729772914 -112.5439865841482998
-77.2777277727772685 -124.7805910282027497
-77.2577257725772597 -88.9794476245174621
-77.2377237723772367 -98.0043528545308504
-77.2177217721772138 -132.3054835707215489
-77.1977197719772050 -96.2341491876293702
-77.1777177717771679 -69.7438754088049677
-77.1577157715771591 -122.0285200016074043
-77.1377137713771361 -62.9543804291891860
-77.1177117711771132 -81.6292718797783152
-77.0977097709771044 -112.0215397208995256
-77.0777077707770815 -83.5010683532776739
-77.0577057705770585 -101.4701370565874612
-77.0377037703770355 -99.4727804610622428
-77.0177017701770126 -79.5865353665157897
-76.9976997699770038 -92.6496396578858139
-76.9776977697769809 -72.7510937677008371
-76.9576957695769579 -115.9418446530563216
-76.9376937693769349 -89.6601793425541871
-76.9176917691769120 -80.7219787520362360
-76.8976897689769032 -115.8645649376664721
-76.8776877687768803 -103.5876165651502987
-76.8576857685768573 -71.7687000102597210
-76.8376837683768343 -107.5796093187746862
-76.8176817681768114 -106.0748537432329357
-76.7976797679768026 -129.0921539341505877
-76.7776777677767797 -95.7856242460713077
-76.7576757675767567 -106.7183960297170700
-76.7376737673767337 -142.1091358587415812
-76.7176717671767108 -90.6697444685184593
-76.6976697669767020 -73.8677235399589591
-76.6776677667766791 -110.2923265123472305
-76.6576657665766561 -122.4657825894097982
-76.6376637663766331 -110.3131718162298824
-76.6176617661766102 -79.2286674733666558
-76.5976597659766014 -102.6710510285388551
-76.5776577657765785 -87.0290604813020678
-76.5576557655765555 -76.3300035878972665
-76.5376537653765325 -117.8770821699392854
-76.5176517651765096 -124.3308373025339790
-76.4976497649765008 -134.5702459481550477
-76.4776477647764779 -105.4500780249644833
-76.4576457645764549 -57.3914629098592926
-76.4376437643764319 -92.6805283963556121
-76.4176417641764090 -82.4202566638519869
-76.3976397639764002 -77.3123209196198502
-76.3776377637763773 -96.9830072308974991
-76.3576357635763543 -105.4526139869994950
-76.3376337633763313 -116.7175797727882980
-76.3176317631763084 -76.8135862449905602
-76.2976297629762996 -111.9266258934937497
-76.2776277627762767 -106.4959374848648395
-76.2576257625762537 -96.1756660527744458
-76.2376237623762449 -126.8525569897383889
-76.2176217621762078 -70.4357086713536944
-76.1976197619761990 -123.4469528544784112
-76.1776177617761761 -82.8053148879168077
-76.1576157615761531 -122.0590910278861685
-76.1376137613761443 -107.9854895108702806
-76.1176117611761214 -96.9252995510623947
-76.0976097609760984 -129.5934433306669575
-76.0776077607760755 -111.0717556655028062
-76.0576057605760525 -102.5213907246027389
-76.0376037603760437 -101.2095556838137043
-76.0176017601760208 -110.3382142251212770
-75.9975997599759978 -81.5684686423243477
-75.9775977597759749 -77.1664999097904030
-75.9575957595759519 -81.2625662131014366
-75.9375937593759431 -100.6214420712213666
-75.9175917591759202 -98.1412579112457166
-75.8975897589758972 -117.0096063815818610
-75.8775877587758742 -86.5762506078651057
-75.8575857585758513 -113.8354315312951570
-75.8375837583758425 -96.8469507014103215
-75.8175817581758196 -56.0171346349264780
-75.7975797579757966 -75.1617939937233075
-75.7775777577757736 -99.0719182102981080
-75.7575757575757507 -79.0751439750451794
-75.7375737573757419 -95.8160877082413123
-75.7175717571757190 -102.8144057902085677
-75.6975697569756960 -76.5873038059485367
-75.6775677567756730 -96.4265301467268472
-75.6575657565756501 -112.4186827935615582
-75.6375637563756413 -95.4572073671970998
-75.6175617561756184 -92.8227204619428505
-75.5975597559755954 -107.3420279181939065
-75.5775577557755724 -111.2875331959316441
-75.5575557555755495 -135.9344031893969031
-75.5375537553755407 -121.7361602529558553
-75.5175517551755178 -83.0893129494236291
-75.4975497549754948 -128.8235492442452994
-75.4775477547754718 -123.3204553281152727
-75.4575457545754489 -77.2974444601006638
-75.4375437543754401 -102.2477013813935542
-75.4175417541754172 -99.5200741040333128
-75.3975397539753942 -97.5802289021447677
-75.3775377537753712 -98.2671378594756817
-75.3575357535753483 -72.2872786542126846
-75.3375337533753395 -123.0005732878035900
-75.3175317531753166 -120.7911067177320490
-75.2975297529752936 -116.5315256579734040
-75.2775277527752849 -93.7658579029168209
-75.2575257525752477 -91.5983740699541045
-75.2375237523752389 -72.7975971457489663
-75.2175217521752160 -102.6759368511961128
-75.1975197519751930 -109.1637658384008631
-75.1775177517751843 -86.7164804781638026
-75.1575157515751613 -116.8575687640675653
-75.1375137513751383 -79.3961460778417916
-75.1175117511751154 -94.1177127517132561
-75.0975097509750924 -70.7820326550008190
-75.0775077507750837 -130.9636138222090835
-75.0575057505750607 -100.3715539439346287
-75.0375037503750377 -111.5745663621021606
-75.0175017501750148 -109.0887050989427394
-74.9974997499749918 -73.1672212006702267
-74.9774977497749830 -107.2316815432091772
-74.9574957495749601 -114.9088435162190223
-74.9374937493749371 -119.3762175656144677
-74.9174917491749142 -74.6278050901208161
-74.8974897489748912 -108.4456981596302683
-74.8774877487748824 -83.9679882025143769
-74.8574857485748595 -96.9700935591477844
-74.8374837483748365 -104.2908907875454787
-74.8174817481748136 -84.8057181209428137
-74.7974797479747906 -79.3126673856879592
-74.7774777477747818 -122.9639498345145512
-74.7574757475747589 -126.6743340326154055
-74.7374737473747359 -127.8239142943417619
-74.7174717471747130 -116.1952387394862853
-74.6974697469746900 -115.9278384610733923
-74.6774677467746812 -95.9579328207209699
-74.6574657465746583 -111.6526021139417821
-74.6374637463746353 -107.2130939267554197
-74.6174617461746124 -104.5361684347608531
-74.5974597459745894 -81.1634155625793312
-74.5774577457745806 -106.1671215033569098
-74.5574557455745577 -80.5857529083268105
-74.5374537453745347 -96.0746171768347637
-74.5174517451745118 -114.9317213602189867
-74.4974497449744888 -87.3086901338419210
-74.4774477447744800 -100.7074178215936655
-74.4574457445744571 -79.0945769266617873
-74.4374437443744341 -107.9205075979219686
-74.4174417441744112 -121.5289650525169520
-74.3974397439743882 -71.5934945979033728
-74.3774377437743794 -117.5396695399199274
-74.3574357435743565 -123.1485592005347485
-74.3374337433743335 -120.7212448692839075
-74.3174317431743248 -109.7627660123747688
-74.2974297429742876 -93.4449001222698996
-74.2774277427742788 -100.7916399355775496
-74.2574257425742559 -114.5548086872298938
-74.2374237423742329 -151.5316287477868400
-74.2174217421742242 -98.0185816478703771
-74.1974197419742012 -108.9899952890286130
-74.1774177417741782 -110.0599412369838888
-74.1574157415741553 -118.6363852388857936
-74.1374137413741323 -105.5431823414510433
-74.1174117411741236 -65.9259368175315785
-74.0974097409741006 -92.2514260055273070
-74.0774077407740776 -113.4523638848686602
-74.0574057405740547 -129.5027916413486366
-74.0374037403740317 -84.7979391249944143
-74.0174017401740230 -133.9718088429344505
-73.9973997399740000 -107.1632147704242612
-73.9773977397739770 -72.7023219210293661
-73.9573957395739541 -75.6136033132180216
-73.9373937393739311 -117.7250374290961616
-73.9173917391739224 -86.6411590930273405
-73.8973897389738994 -95.4218679956290856
-73.8773877387738764 -89.3522175075763414
-73.8573857385738535 -117.7658491593539338
-73.8373837383738305 -106.6447333943115297
-73.8173817381738218 -94.2866324580631385
-73.7973797379737988 -91.3031638735213278
-73.7773777377737758 -67.3629158555585548
-73.7573757375737529 -105.5597211845685592
-73.7373737373737299 -76.6639002586520775
-73.7173717371737212 -95.6920439954838287
-73.6973697369736982 -96.3373658866843527
-73.6773677367736752 -115.7497221257387281
-73.6573657365736523 -79.0845164606009803
-73.6373637363736293 -117.3252256023964577
-73.6173617361736206 -110.9739541403112923
-73.5973597359735976 -99.1702096524782490
-73.5773577357735746 -86.9442610496417387
-73.5573557355735517 -95.4969103603598768
-73.5373537353735287 -93.5545867346941975
-73.5173517351735200 -96.6358656119104467
-73.4973497349734970 -118.7618284221314298
-73.4773477347734740 -93.7930700751975195
-73.4573457345734511 -114.2563502909953570
-73.4373437343734281 -132.2397325622843312
-73.4173417341734194 -80.5265610839669677
-73.3973397339733964 -118.6647587020501931
-73.3773377337733734 -134.6235679356470314
-73.3573357335733647 -136.8056833205122871
-73.3373337333733275 -99.6513891456901888
-73.3173317331733188 -108.9863681504920265
-73.2973297329732958 -109.1405816690229500
-73.2773277327732728 -115.6935669761154202
-73.2573257325732641 -132.3594282858183533
-73.2373237323732411 -104.4518186827804698
-73.2173217321732182 -78.5140051293489307
-73.1973197319731952 -108.8991429625737482
-73.1773177317731722 -80.8720324772202304
-73.1573157315731635 -102.6060656502208985
-73.1373137313731405 -99.7390035395287669
-73.1173117311731176 -93.6456651571526493
-73.0973097309730946 -107.4992510983798866
-73.0773077307730716 -79.4054578581865513
-73.0573057305730629 -100.3083275260270710
-73.0373037303730399 -105.6113837392148724
-73.0173017301730169 -77.4794291312294376
-72.9972997299729940 -118.3812208795680192
-72.9772977297729710 -115.3468159028327022
-72.9572957295729623 -83.4930750157025159
-72.9372937293729393 -89.9718821530988322
-72.9172917291729163 -101.5051812435004166
-72.8972897289728934 -85.5332789348507703
-72.8772877287728704 -114.3387462558663259
-72.8572857285728617 -110.4585836454412799
-72.8372837283728387 -88.6695133182181365
-72.8172817281728157 -117.2337105962972714
-72.7972797279727928 -89.5829851369434209
-72.7772777277727698 -87.5834428224488306
-72.7572757275727611 -106.0392606959074726
-72.7372737273727381 -110.5760791454531216
-72.7172717271727151 -89.8866078219438123
-72.6972697269726922 -93.0693504433504160
-72.6772677267726692 -92.5265097090960751
-72.6572657265726605 -75.1973674248638417
-72.6372637263726375 -61.6855479304889585
-72.6172617261726145 -76.6685912251260788
-72.5972597259725916 -97.5037750752916139
-72.5772577257725686 -105.4983058675923360
-72.5572557255725599 -89.1990245197958700
-72.5372537253725369 -99.5986531750253477
-72.5172517251725139 -111.7956783059348993
-72.4972497249724910 -136.6798646978325564
-72.4772477247724680 -117.9091235218276950
-72.4572457245724593 -102.4501308195443130
-72.4372437243724363 -91.7894440179781412
-72.4172417241724133 -77.8301112263908124
-72.3972397239724046 -136.3869461466082953
-72.3772377237723674 -123.2575779299437784
-72.3572357235723587 -85.1868263856703010
-72.3372337233723357 -106.9316697370644391
-72.3172317231723127 -127.8634051984699198
-72.2972297229723040 -72.2744298729408285
-72.2772277227722810 -115.6519545292980098
-72.2572257225722581 -83.4314364305327700
-72.2372237223722351 -98.9336744340462531
-72.2172217221722121 -90.5827758634976448
-72.1972197219722034 -93.5324153828555325
-72.1772177217721804 -102.7251840316863394
-72.1572157215721575 -136.8699323472069977
-72.1372137213721345 -64.0045324559976763
-72.1172117211721115 -107.0604480922077215
-72.0972097209721028 -88.4677292768998313
-72.0772077207720798 -102.2018767915872104
-72.0572057205720569 -60.4558528373140263
-72.0372037203720339 -70.7794074309797452
-72.0172017201720109 -99.6435470959640810
-71.9971997199720022 -87.7121228273688587
-71.9771977197719792 -130.3728114887547918
-71.9571957195719563 -120.0750730784576064
-71.9371937193719333 -101.4630388021914484
-71.9171917191719103 -131.9862949750934717
-71.8971897189719016 -134.1708544177023725
-71.8771877187718786 -101.1680341199740809
-71.8571857185718557 -112.0689152972357476
-71.8371837183718327 -72.7660272380927609
-71.8171817181718097 -96.5532568889040448
-71.7971797179718010 -110.6590171485918290
-71.7771777177717780 -93.8730064137772331
-71.7571757175717551 -72.2070845664666621
-71.7371737173717321 -68.8742466325158489
-71.7171717171717091 -112.6001665582730595
-71.6971697169717004 -85.0704464659564650
-71.6771677167716774 -98.3894423711731463
-71.6571657165716545 -89.4912877492178183
-71.6371637163716315 -90.3097123102309070
-71.6171617161716085 -106.8485263107473173
-71.5971597159715998 -100.9252146954774929
-71.5771577157715768 -87.5094968741674251
-71.5571557155715539 -105.6431713846335896
-71.5371537153715309 -101.9746000899865663
-71.5171517151715079 -58.5740392462844142
-71.4971497149714992 -98.2489845323715798
-71.4771477147714762 -110.7200225617057754
-71.4571457145714533 -70.0753840165377682
-71.4371437143714445 -77.0135640394525467
-71.4171417141714073 -145.1880609028028459
-71.3971397139713986 -84.2450310821432851
-71.3771377137713756 -118.5240072112827221
-71.3571357135713527 -121.7627293631145164
-71.3371337133713439 -70.7450801977377637
-71.3171317131713209 -86.2773493653799619
-71.2971297129712980 -134.1520706836475085
-71.2771277127712750 -90.0014823402323145
-71.2571257125712521 -111.4820791624597973
-71.2371237123712433 -104.0084612908546973
-71.2171217121712203 -81.6876760393647459
-71.1971197119711974 -92.7706149507450419
-71.1771177117711744 -100.4888993978691047
-71.1571157115711515 -87.2517824761863778
-71.1371137113711427 -103.8876222779111345
-71.1171117111711197 -112.8352520959546723
-71.0971097109710968 -73.9182853591044733
-71.0771077107710738 -114.6836672863923923
-71.0571057105710508 -137.8291049459097337
-71.0371037103710421 -84.3203082588965458
-71.0171017101710191 -97.3523361388822934
-70.9970997099709962 -122.3232229358420398
-70.9770977097709732 -85.1789551539454237
-70.9570957095709502 -104.8393109211701812
-70.9370937093709415 -95.4259834910465230
-70.9170917091709185 -151.6447491213071714
-70.8970897089708956 -119.1011201632401537
-70.8770877087708726 -80.5329519948141836
-70.8570857085708496 -117.4594084254570703
-70.8370837083708409 -76.7604371477528815
-70.8170817081708179 -123.0196168182894070
-70.7970797079707950 -80.5719458012387690
-70.7770777077707720 -71.7244717843937423
-70.7570757075707490 -82.4356112392105871
-70.7370737073707403 -95.8906351330010978
-70.7170717071707173 -70.3120245304260578
-70.6970697069706944 -83.1455531954908338
-70.6770677067706714 -128.4651960495263552
-70.6570657065706484 -127.3120625309403522
-70.6370637063706397 -101.7069038937122372
-70.6170617061706167 -92.6970515466705081
-70.5970597059705938 -76.5230586210272321
-70.5770577057705708 -116.2169414307829527
-70.5570557055705478 -88.9189206895739090
-70.5370537053705391 -58.5004542955706981
-70.5170517051705161 -62.7979665066162340
-70.4970497049704932 -119.8841496073645203
-70.4770477047704844 -78.2134691551230787
-70.4570457045704472 -79.1158586272744202
-70.4370437043704385 -105.5767460529024646
-70.4170417041704155 -81.7925061913505829
-70.3970397039703926 -65.8616822160300472
-70.3770377037703838 -53.8392555891867275
-70.3570357035703609 -119.8583598447890211
-70.3370337033703379 -103.3901511423085111
-70.3170317031703149 -91.8484607582342534
-70.2970297029702920 -105.9779574808429317
-70.2770277027702832 -89.9804600134672086
-70.2570257025702603 -78.8182528691265247
-70.2370237023702373 -90.7705745618817872
-70.2170217021702143 -72.3798248635144574
-70.1970197019701914 -99.5891951919582255
-70.1770177017701826 -47.5216514862268156
-70.1570157015701596 -84.4282193578257818
-70.1370137013701367 -55.2944705295231813
-70.1170117011701137 -86.6083779532102085
-70.0970097009700908 -104.9018093806364931
-70.0770077007700820 -113.8020536368296689
-70.0570057005700590 -107.7527373953204659
-70.0370037003700361 -99.0159189858441806
-70.0170017001700131 -61.9708924690237666
-69.9969996999699902 -72.9904909443027350
-69.9769976997699814 -96.9065376390229716
-69.9569956995699584 -78.3152845790727810
-69.9369936993699355 -127.6483593715059044
-69.9169916991699125 -88.6235413105554812
-69.8969896989698896 -79.9820101628210409
-69.8769876987698808 -122.0539493628145777
-69.8569856985698578 -80.6490828187049829
-69.8369836983698349 -76.3568646660714876
-69.8169816981698119 -98.9825676511475763
-69.7969796979697890 -97.9735174816128165
-69.7769776977697802 -112.5021938637944032
-69.7569756975697572 -86.3578172986116499
-69.7369736973697343 -113.2134768237796862
-69.7169716971697113 -61.7575494995002288
-69.6969696969696884 -88.1925254086454373
-69.6769676967696796 -95.7960565687262573
-69.6569656965696566 -53.0311898691153232
-69.6369636963696337 -105.6345980389815367
-69.6169616961696107 -77.2609643371346664
-69.5969596959695878 -42.9622487511834450
-69.5769576957695790 -96.4377451546001510
-69.5569556955695560 -77.4822011347739732
-69.5369536953695331 -55.4998464163980785
-69.5169516951695243 -86.9259110117491502
-69.4969496949694872 -109.8565053450095093
-69.4769476947694784 -59.4625992806743113
-69.4569456945694554 -106.5414097334213750
-69.4369436943694325 -77.4214476453847169
-69.4169416941694237 -100.1072646880402601
-69.3969396939694008 -73.9645060574314641
-69.3769376937693778 -102.4782143972949342
-69.3569356935693548 -79.0804392388929926
-69.3369336933693319 -118.6680202848952348
-69.3169316931693231 -78.6065539090731420
-69.2969296929693002 -95.0093175037410731
-69.2769276927692772 -75.0519890004310497
-69.2569256925692542 -106.3562197911328440
-69.2369236923692313 -78.7140612136146558
-69.2169216921692225 -101.2787496725719478
-69.1969196919691996 -85.3736138981384443
-69.1769176917691766 -78.3370734385431575
-69.1569156915691536 -95.8599782030239709
-69.1369136913691307 -87.0749502556800934
-69.1169116911691219 -65.1890519876292842
-69.0969096909690990 -107.5995891552278181
-69.0769076907690760 -66.8617620829750763
-69.0569056905690530 -71.9327060969992260
-69.0369036903690301 -96.3668768529386597
-69.0169016901690213 -84.3302461698700938
-68.9968996899689984 -49.3121416949107214
-68.9768976897689754 -77.7964827085271509
-68.9568956895689524 -92.5123694292995680
-68.9368936893689295 -68.9424232583607903
-68.9168916891689207 -78.3612196448395935
-68.8968896889688978 -82.1781170457787908
-68.8768876887688748 -85.6340789946115564
-68.8568856885688518 -99.6049360273144515
-68.8368836883688289 -84.7707106514859277
-68.8168816881688201 -66.1679613846326617
-68.7968796879687972 -86.9305814913472545
-68.7768776877687742 -110.6223301576396665
-68.7568756875687512 -66.2198622755495592
-68.7368736873687283 -77.0997965793082614
-68.7168716871687195 -89.7421347955034037
-68.6968696869686966 -108.4551891420888694
-68.6768676867686736 -80.6683658944769206
-68.6568656865686506 -101.1443829034629971
-68.6368636863686277 -110.1399595423405344
-68.6168616861686189 -93.3041701518293110
-68.5968596859685960 -85.8170816525127123
-68.5768576857685730 -89.6345367429129993
-68.5568556855685500 -68.4035937487249157
-68.5368536853685271 -99.2077235214952111
-68.5168516851685183 -72.8285010985533461
-68.4968496849684954 -90.4650800622845992
-68.4768476847684724 -62.7666844474317003
-68.4568456845684636 -92.5235457272443256
-68.4368436843684265 -116.6241665870833515
-68.4168416841684177 -85.3010102928570291
-68.3968396839683948 -93.9627651854381014
-68.3768376837683718 -107.0063675979729254
-68.3568356835683630 -106.4428463542058978
-68.3368336833683401 -103.8414443309542037
-68.3168316831683171 -69.8782718527386777
-68.2968296829682942 -55.2179929933059839
-68.2768276827682712 -65.6261715992878436
-68.2568256825682624 -113.6201898013306675
-68.2368236823682395 -103.1401883576348553
-68.2168216821682165 -87.4792793116745884
-68.1968196819681935 -65.1743626122853925
-68.1768176817681706 -107.6988900938025608
-68.1568156815681618 -52.1508826868694513
-68.1368136813681389 -70.2889229185801128
-68.1168116811681159 -80.4631154692558965
-68.0968096809680929 -91.3380275346715678
-68.0768076807680700 -87.4002982224725855
-68.0568056805680612 -69.7875211947159499
-68.0368036803680383 -73.6337484932966504
-68.0168016801680153 -81.7162245754441017
-67.9967996799679923 -70.4425557306829262
-67.9767976797679694 -51.3969401917590858
-67.9567956795679606 -67.6793408215383607
-67.9367936793679377 -101.9065200201866901
-67.9167916791679147 -64.4183127035959728
-67.8967896789678917 -82.3160970655548425
-67.8767876787678688 -78.8907753096907101
-67.8567856785678600 -93.3872859759187293
-67.8367836783678371 -125.2397016780757610
-67.8167816781678141 -99.7821413326036861
-67.7967796779678054 -97.0015452223497050
-67.7767776777677682 -75.4997749866750638
-67.7567756775677594 -88.8792564358818282
-67.7367736773677365 -101.9966954109550841
-67.7167716771677135 -65.4572622815068428
-67.6967696769677048 -105.4292003963880546
-67.6767676767676676 -65.2583728427130865
-67.6567656765676588 -56.9286863617889267
-67.6367636763676359 -66.2724871055082474
-67.6167616761676129 -122.1512997867316983
-67.5967596759676042 -79.2634570718898459
-67.5767576757675670 -86.3359320880860110
-67.5567556755675582 -69.9925843555203500
-67.5367536753675353 -82.0198159007777434
-67.5167516751675123 -56.5539438073364309
-67.4967496749675036 -85.3681572328180067
-67.4767476747674664 -113.9871269204497821
-67.4567456745674576 -61.8412912711805802
-67.4367436743674347 -72.1648840394926907
-67.4167416741674117 -87.6859243828792785
-67.3967396739674030 -91.9122551449617902
-67.3767376737673658 -46.2009799592432628
-67.3567356735673570 -75.6814753130968398
-67.3367336733673341 -73.9376841245288290
-67.3167316731673111 -94.1211134204106799
-67.2967296729673023 -82.5165504083154104
-67.2767276727672652 -77.4547184106242526
-67.2567256725672564 -88.5208032121670385
-67.2367236723672335 -57.8948470095005661
-67.2167216721672105 -120.0411272207325055
-67.1967196719672017 -77.6054528556141463
-67.1767176717671646 -89.5231818633207723
-67.1567156715671558 -86.9244575540455173
-67.1367136713671329 -92.1494400394026911
-67.1167116711671099 -91.6511227278139984
-67.0967096709671011 -79.3279608520511630
-67.0767076707670782 -77.9337238192933910
-67.0567056705670552 -83.7702379688600445
-67.0367036703670323 -62.5730044387915711
-67.0167016701670093 -62.4837058863112702
-66.9966996699670005 -99.7360613871974238
-66.9766976697669776 -69.6463952829126924
-66.9566956695669546 -90.5339168217222721
-66.9366936693669317 -94.3505115137740660
-66.9166916691669087 -111.8908245773299512
-66.8966896689668999 -75.0290769758522060
-66.8766876687668770 -89.4768541281195837
-66.8566856685668540 -57.4822249879729270
-66.8366836683668453 -90.1239361075952985
-66.8166816681668081 -59.8730375986035739
-66.7966796679667993 -110.1427012771017644
-66.7766776677667764 -65.8947370403848822
-66.7566756675667534 -97.6721335497924912
-66.7366736673667447 -86.1806668956218687
-66.7166716671667075 -67.3070258158501815
-66.6966696669666987 -80.2358836334558276
-66.6766676667666758 -85.5786110332140026
-66.6566656665666528 -95.1027749805119527
-66.6366636663666441 -94.1905882115108994
-66.6166616661666069 -101.5193381468252767
-66.5966596659665981 -76.9504436622487447
-66.5766576657665752 -54.9159790502744443
-66.5566556655665522 -69.4827181004172303
-66.5366536653665435 -96.3050052124428788
-66.5166516651665063 -84.3766209124525517
-66.4966496649664975 -92.0224197434807820
-66.4766476647664746 -58.4593920180142277
-66.4566456645664516 -39.4809170789984236
-66.4366436643664429 -62.5246669415496754
-66.4166416641664057 -63.9292577064938854
-66.3966396639663969 -85.2789211166161607
-66.3766376637663740 -67.1206735211481487
-66.3566356635663510 -61.7187103980135632
-66.3366336633663423 -74.3123663815538293
-66.3166316631663051 -77.9283166013978246
-66.2966296629662963 -50.5995669036445435
-66.2766276627662734 -65.7400811052888514
-66.2566256625662504 -87.8018630944680893
-66.2366236623662417 -97.9752043845652594
-66.2166216621662045 -105.3274198605367076
-66.1966196619661957 -75.1200109822700881
-66.1766176617661728 -54.8729582511806839
-66.1566156615661498 -28.8162211151719774
-66.1366136613661411 -70.6156268062116226
-66.1166116611661181 -58.9303412904684620
-66.0966096609660951 -84.3235407211126926
-66.0766076607660722 -59.6802739907385202
-66.0566056605660492 -75.4971966420786913
-66.0366036603660405 -34.6062931296117569
-66.0166016601660175 -56.2289410402258554
-65.9965996599659945 -99.4339058921819685
-65.9765976597659716 -83.2291061686315885
-65.9565956595659486 -101.0938046884298416
-65.9365936593659399 -77.0376149741067309
-65.9165916591659169 -47.5217425834592007
-65.8965896589658939 -62.2675065781660138
-65.8765876587658852 -45.5706196197295768
-65.8565856585658480 -76.4459187511972544
-65.8365836583658393 -67.0015886916728505
-65.8165816581658163 -59.8677086330448560
-65.7965796579657933 -70.1694777826792517
-65.7765776577657846 -107.6535197425454271
-65.7565756575657474 -76.3268042531160091
-65.7365736573657387 -100.6406789718448067
-65.7165716571657157 -92.5346924548441194
-65.6965696569656927 -89.3067921040907180
-65.6765676567656840 -112.9018228193845061
-65.6565656565656468 -70.6659055463527466
-65.6365636563656381 -70.9629221838148823
-65.6165616561656151 -98.7928240987489232
-65.5965596559655921 -55.8363047315968331
-65.5765576557655834 -93.5781935084289387
-65.5565556555655462 -72.9505698029366840
-65.5365536553655375 -59.0372967167861731
-65.5165516551655145 -93.3698955907731687
-65.4965496549654915 -94.3842158781863105
-65.4765476547654828 -74.5231533654533962
-65.4565456545654456 -58.3425216838441614
-65.4365436543654369 -65.9012890938216742
-65.4165416541654139 -35.3346480467160475
-65.3965396539653909 -56.4844308970211202
-65.3765376537653822 -43.2766221647344480
-65.3565356535653450 -88.0225506689468062
-65.3365336533653362 -68.4240468240101762
-65.3165316531653133 -49.3264455068221821
-65.2965296529652903 -47.9065992810047092
-65.2765276527652816 -84.9549708317689181
-65.2565256525652444 -71.0296930036309107
-65.2365236523652356 -73.4169486466016679
-65.2165216521652127 -64.6628015644059388
-65.1965196519651897 -72.7513199732749882
-65.1765176517651810 -48.0191298178945658
-65.1565156515651580 -55.8292480362322294
-65.1365136513651350 -71.4196914539563465
-65.1165116511651121 -78.6985348300399039
-65.0965096509650891 -78.9838563974336410
-65.0765076507650804 -75.9948621577060379
-65.0565056505650574 -60.2541375846289853
-65.0365036503650344 -60.1694672629625344
-65.0165016501650115 -92.5381726061548022
-64.9964996499649885 -82.7677998007487190
-64.9764976497649798 -76.7742643112371894
-64.9564956495649568 -76.9383319825577274
-64.9364936493649338 -88.5779580276476963
-64.9164916491649251 -59.7544784514561087
-64.8964896489648879 -84.3606361083006675
-64.8764876487648792 -65.1489788426728325
-64.8564856485648562 -73.6597269713048775
-64.8364836483648332 -46.3517475059487012
-64.8164816481648245 -60.3632421222293019
-64.7964796479647873 -73.6276400608360291
-64.7764776477647786 -74.3163700658198678
-64.7564756475647556 -55.8111555513911668
-64.7364736473647326 -52.0284341758938211
-64.7164716471647239 -24.4531851335263113
-64.6964696469646867 -67.8620450054100957
-64.6764676467646780 -70.1193002757281789
-64.6564656465646550 -80.4386206053485466
-64.6364636463646320 -90.1180200427661759
-64.6164616461646233 -53.3699045429504650
-64.5964596459645861 -57.1519680217410624
-64.5764576457645774 -91.3566529261531883
-64.5564556455645544 -48.3833511132816483
-64.5364536453645314 -107.4195084664074216
-64.5164516451645227 -70.0117688346672935
-64.4964496449644855 -72.9824446420280708
-64.4764476447644768 -47.6175264960539266
-64.4564456445644538 -37.7286147738692605
-64.4364436443644308 -63.7700315971249339
-64.4164416441644221 -44.5760888732820320
-64.3964396439643849 -47.7045212767514784
-64.3764376437643762 -54.6625297388846718
-64.3564356435643532 -70.9321096967104978
-64.3364336433643302 -46.0111925957280548
-64.3164316431643215 -85.8556424434024166
-64.2964296429642843 -33.8375824548820461
-64.2764276427642756 -56.4323673151382081
-64.2564256425642526 -55.6387172317566439
-64.2364236423642296 -59.5339400287155627
-64.2164216421642209 -60.5186270412642173
-64.1964196419641979 -42.5530293942067033
-64.1764176417641750 -80.3160611164319107
-64.1564156415641520 -68.4709696636261640
-64.1364136413641290 -90.3911528932716095
-64.1164116411641203 -56.7596077057469515
-64.0964096409640973 -49.7751215989027855
-64.0764076407640744 -51.9561195252913066
-64.0564056405640514 -53.0592342092645382
-64.0364036403640284 -62.2608709050664757
-64.0164016401640197 -56.9810557839296195
-63.9963996399639967 -72.6278025298583145
-63.9763976397639738 -68.7931859195502398
-63.9563956395639579 -67.3119071766513599
-63.9363936393639349 -55.6200538472477461
-63.9163916391639120 -73.3691029733543019
-63.8963896389638961 -24.0359021499693526
-63.8763876387638732 -43.1209523343999592
-63.8563856385638573 -37.3878240116902134
-63.8363836383638343 -8.5065189738538152
-63.8163816381638114 -75.9134907110047976
-63.7963796379637955 -65.0571414785973303
-63.7763776377637726 -46.4469403013054887
-63.7563756375637567 -51.9245233230094598
-63.7363736373637337 -79.5815921139200384
-63.7163716371637179 -62.1373220571736766
-63.6963696369636949 -38.4796667448248684
-63.6763676367636720 -27.5099104375385259
-63.6563656365636561 -88.0305975748994456
-63.6363636363636331 -49.5551425010322220
-63.6163616361636173 -44.6731736920111686
-63.5963596359635943 -88.7627077555979724
-63.5763576357635714 -72.8711158808483219
-63.5563556355635555 -37.3922781516341161
-63.5363536353635325 -50.8212100792001991
-63.5163516351635167 -47.0009376423839456
-63.4963496349634937 -33.1203917311955323
-63.4763476347634779 -79.0050629417305004
-63.4563456345634549 -85.8508000233003372
-63.4363436343634319 -71.6467497012774004
-63.4163416341634161 -30.5276078047505912
-63.3963396339633931 -28.0954575962477229
-63.3763376337633773 -73.9688739017473154
-63.3563356335633543 -54.0675842872423900
-63.3363336333633313 -48.6906173820272201
-63.3163316331633155 -68.5294238208735322
-63.2963296329632925 -87.1946549669410160
-63.2763276327632767 -50.0318208078958762
-63.2563256325632537 -97.8598085495681573
-63.2363236323632378 -77.1123851053281300
-63.2163216321632149 -40.8714880341978954
-63.1963196319631919 -37.8976223706034077
-63.1763176317631761 -58.2255640182010268
-63.1563156315631531 -35.3034052064223332
-63.1363136313631372 -40.8206702849485410
-63.1163116311631143 -34.8095592261746987
-63.0963096309630913 -68.2214129606828976
-63.0763076307630755 -62.5806863804265703
-63.0563056305630525 -87.4940335692634221
-63.0363036303630366 -53.1399030554227920
-63.0163016301630137 -57.2881342220985488
-62.9962996299629978 -87.9845332407060425
-62.9762976297629749 -70.6434923637058603
-62.9562956295629519 -29.8643238872308032
-62.9362936293629360 -53.6088595877481282
-62.9162916291629131 -26.9096019077871915
-62.8962896289628972 -26.4184169652975704
-62.8762876287628742 -47.8918813540682322
-62.8562856285628513 -1.3884590821494172
-62.8362836283628354 -34.7983649919921305
-62.8162816281628125 -46.8988097092090754
-62.7962796279627966 -39.4159055683431703
-62.7762776277627736 -81.0242073023810576
-62.7562756275627578 -50.7583290272485712
-62.7362736273627348 -31.1706096337227549
-62.7162716271627119 -40.4807383700725580
-62.6962696269626960 -41.7414871090754076
-62.6762676267626730 -69.5175852486985377
-62.6562656265626572 -75.7761032938171439
-62.6362636263626342 -53.6141332594521103
-62.6162616261626113 -58.2593926704683369
-62.5962596259625954 -65.7257301220540029
-62.5762576257625724 -29.6412717888364519
-62.5562556255625566 -19.8290957806877230
-62.5362536253625336 -55.9638619386566063
-62.5162516251625178 -18.3637324978488081
-62.4962496249624948 -72.2408374274869658
-62.4762476247624718 -66.6023723903903431
-62.4562456245624560 -51.8713731061052385
-62.4362436243624330 -16.4492698623387454
-62.4162416241624172 -119.7046960141248348
-62.3962396239623942 -60.0350943648042517
-62.3762376237623712 -78.7424194396787271
-62.3562356235623554 -49.0125269926324307
-62.3362336233623324 -45.2933601517376161
-62.3162316231623166 -84.3150151283455784
-62.2962296229622936 -46.1321925347419395
-62.2762276227622777 -49.9101756791223465
-62.2562256225622548 -91.8708160900142161
-62.2362236223622318 -44.6541482876503224
-62.2162216221622160 -52.0458855536654568
-62.1962196219621930 -50.2923297886017124
-62.1762176217621771 -61.5988079700171269
-62.1562156215621542 -38.0523414379325260
-62.1362136213621312 -41.2234762974259539
-62.1162116211621154 -55.6594501567468001
-62.0962096209620924 -43.9889745097842990
-62.0762076207620765 -58.9910692738875611
-62.0562056205620536 -13.2375770521401819
-62.0362036203620377 -65.6676019762172416
-62.0162016201620148 -59.0761134270758461
-61.9961996199619918 -80.0337869698426516
-61.9761976197619759 -19.5488823684639641
-61.9561956195619530 -37.8794278545708920
-61.9361936193619371 -49.0757156743997101
-61.9161916191619142 -72.9179241417481592
-61.8961896189618912 -68.8791681931693631
-61.8761876187618753 -65.8669835354163240
-61.8561856185618524 -12.6187049534380265
-61.8361836183618365 -40.1864402481957086
-61.8161816181618136 -53.3368526595652312
-61.7961796179617977 -81.4626526799441137
-61.7761776177617747 -37.6166045040072277
-61.7561756175617518 -37.6171724414337092
-61.7361736173617359 -46.6830101349627355
-61.7161716171617130 -60.3975364398312919
-61.6961696169616971 -26.5086525414028600
-61.6761676167616741 -30.4417569547389775
-61.6561656165616512 -61.2120585046529584
-61.6361636163616353 -69.6427265773966440
-61.6161616161616124 -43.7199899099770448
-61.5961596159615965 -45.8678588712675221
-61.5761576157615735 -62.5826244847091573
-61.5561556155615577 -9.8866268077054258
-61.5361536153615347 -59.8286247745485085
-61.5161516151615118 -31.0807420298580723
-61.4961496149614959 -28.5184359109763221
-61.4761476147614729 -57.5953942460431421
-61.4561456145614571 -59.9322888868847485
-61.4361436143614341 -38.4170582607847635
-61.4161416141614112 -43.9101316827324979
-61.3961396139613953 -42.0814098880839751
-61.3761376137613723 -45.6615256615654204
-61.3561356135613565 -43.3165198910504969
-61.3361336133613335 -61.4540743469738970
-61.3161316131613177 -32.7457620620238643
-61.2961296129612947 -33.9089932544001869
-61.2761276127612717 -35.0122135786890993
-61.2561256125612559 -46.3295813311682494
-61.2361236123612329 -59.1226209900111144
-61.2161216121612171 -68.6575276942386665
-61.1961196119611941 -35.6022012841133417
-61.1761176117611711 -35.4618970254431431
-61.1561156115611553 -34.3678257031201255
-61.1361136113611323 -66.0218747334930640
-61.1161116111611165 -30.6432483830270570
-61.0961096109610935 -37.6177020320220450
-61.0761076107610776 -22.1176650276078242
-61.0561056105610547 -44.3729822019881013
-61.0361036103610317 -43.5040528608982200
-61.0161016101610159 -45.1721070387914523
-60.9960996099609929 -4.8520773756846935
-60.9760976097609770 -33.6476332748683546
-60.9560956095609541 -26.4910627140381649
-60.9360936093609311 -49.7632022924666160
-60.9160916091609153 -39.6421312183613281
-60.8960896089608923 -14.8631641123080307
-60.8760876087608764 -54.5970351323311434
-60.8560856085608535 -74.5810899321517411
-60.8360836083608376 -72.6508486877654462
-60.8160816081608147 -31.6467201266402505
-60.7960796079607917 -44.4080942063247335
-60.7760776077607758 -53.2465920252685692
-60.7560756075607529 -24.7841787895898911
-60.7360736073607370 -19.7375647439962911
-60.7160716071607141 -63.1255885107154882
-60.6960696069606911 -37.3287763770145915
-60.6760676067606752 -36.1587950733919357
-60.6560656065606523 -27.2262080394904373
-60.6360636063606364 -59.5055688902983206
-60.6160616061606135 12.1693644610287777
-60.5960596059605976 -36.6316788687789554
-60.5760576057605746 -35.2170248688891121
-60.5560556055605517 -28.6928489534463154
-60.5360536053605358 -47.5590311866290705
-60.5160516051605128 -59.0062637767913856
-60.4960496049604970 -45.1818753475786963
-60.4760476047604740 -27.9609584080301872
-60.4560456045604511 -12.0277252826209988
-60.4360436043604352 -48.1185145700313086
-60.4160416041604122 -33.2949562504906211
-60.3960396039603964 -7.4977576165588289
-60.3760376037603734 -47.8275077320863460
-60.3560356035603576 -40.5625298637478480
-60.3360336033603346 0.7888057651318405
-60.3160316031603116 -59.6814748977776190
-60.2960296029602958 -42.2405485585498965
-60.2760276027602728 -53.7006504603704684
-60.2560256025602570 -34.4374848474979345
-60.2360236023602340 -63.0715127165023333
-60.2160216021602110 -34.7311434445912255
-60.1960196019601952 -0.1302989278352271
-60.1760176017601722 -63.4450226487895321
-60.1560156015601564 -53.0094950389174286
-60.1360136013601334 -16.6949964914677160
-60.1160116011601176 -48.0317107928524365
-60.0960096009600946 -16.0713936784064479
-60.0760076007600716 -18.4053474231978313
-60.0560056005600558 -9.4464316830464270
-60.0360036003600328 -33.9799667269288364
-60.0160016001600169 -15.2675183353912090
-59.9959995999599940 -81.1261220057880905
-59.9759975997599710 -6.3497021896877897
-59.9559955995599552 -65.8552823594703796
-59.9359935993599322 -14.1651990996242816
-59.9159915991599163 -60.6173167927679444
-59.8959895989598934 -48.3935727335858843
-59.8759875987598775 -21.1459782839090167
-59.8559855985598546 -71.4640607685897464
-59.8359835983598316 -33.6410335042734872
-59.8159815981598157 -10.0092629088928433
-59.7959795979597928 -30.1659866426476526
-59.7759775977597769 -52.0146334962991261
-59.7559755975597540 -39.6890240573130271
-59.7359735973597310 -47.3498289014180074
-59.7159715971597151 -9.2032218542815478
-59.6959695969596922 -35.2669060019670155
-59.6759675967596763 -46.9651655348881505
-59.6559655965596534 -48.3143688126330915
-59.6359635963596375 -62.0007454312438142
-59.6159615961596145 -50.6902170706826354
-59.5959595959595916 -22.7191640704717948
-59.5759575957595757 -38.3735865403386924
-59.5559555955595528 -17.2943207365280109
-59.5359535953595369 -36.5395420923655934
-59.5159515951595139 -1.5778633309919385
-59.4959495949594910 -26.3800065230357035
-59.4759475947594751 -29.7734893729258943
-59.4559455945594522 -41.1399315087041160
-59.4359435943594363 -18.1401008574676368
-59.4159415941594133 -41.0979602831623438
-59.3959395939593975 -40.9887106122626008
-59.3759375937593745 -36.5583168895686299
-59.3559355935593516 -20.4970388241253261
-59.3359335933593357 -3.2465348143727084
-59.3159315931593127 -28.9478562335330132
-59.2959295929592969 -16.4164238229573449
-59.2759275927592739 -57.5894085878684194
-59.2559255925592510 -16.5536128560989297
-59.2359235923592351 -34.9366044644087452
-59.2159215921592121 -17.3820368863255368
-59.1959195919591963 -44.6600493076751874
-59.1759175917591733 -27.1709999784742102
-59.1559155915591575 -30.9353036973861748
-59.1359135913591345 -49.1823213286824128
-59.1159115911591115 -43.7677636232862781
-59.0959095909590957 -15.2818041494458559
-59.0759075907590727 -24.4833485814031775
-59.0559055905590569 -5.0458475895986155
-59.0359035903590339 -26.5004477653383361
-59.0159015901590109 -11.3418629094943384
-58.9958995899589951 3.5544636462758632
-58.9758975897589721 -17.3263696864050587
-58.9558955895589563 -4.6752107919777401
-58.9358935893589333 -32.6573416502068881
-58.9158915891589103 -33.4489642664293427
-58.8958895889588945 -40.7518146343599383
-58.8758875887588715 -4.1794711227136574
-58.8558855885588557 -25.5855547838113253
-58.8358835883588327 -15.8893433527970132
-58.8158815881588168 -28.3733429875259127
-58.7958795879587939 -13.8751037701989528
-58.7758775877587709 -1.7243576320331329
-58.7558755875587551 -7.6661614273398015
-58.7358735873587321 -23.0174892051030575
-58.7158715871587162 -38.1975875940110541
-58.6958695869586933 2.8401902156181578
-58.6758675867586703 -50.1347378368447281
-58.6558655865586545 -20.2815768481616345
-58.6358635863586315 -7.7883787898780277
-58.6158615861586156 -13.8074652313690667
-58.5958595859585927 -67.2236327485246221
-58.5758575857585768 -25.0525727221564125
-58.5558555855585539 16.0290140668852743
-58.5358535853585309 -33.7911142661027242
-58.5158515851585150 -22.7265388936101225
-58.4958495849584921 -8.5500772323996692
-58.4758475847584762 -22.2596890884089973
-58.4558455845584533 -31.2076287076403354
-58.4358435843584303 -3.3336772172829789
-58.4158415841584144 -38.5255945516084850
-58.3958395839583915 -19.9525843445755164
-58.3758375837583756 -57.0272562753676340
-58.3558355835583527 -36.9461859144331868
-58.3358335833583368 -42.6349457097196023
-58.3158315831583138 -12.5762122452133234
-58.2958295829582909 -12.3562490786377133
-58.2758275827582750 -31.0909579294975700
-58.2558255825582521 -22.8691765331062911
-58.2358235823582362 -51.2406531698052774
-58.2158215821582132 -12.6919533101337052
-58.1958195819581903 -60.3435136458792840
-58.1758175817581744 -5.4652911145799159
-58.1558155815581515 -1.6506046702548609
-58.1358135813581356 -19.6332357575606444
-58.1158115811581126 -30.4989211667312432
-58.0958095809580968 13.8374265833956507
-58.0758075807580738 -17.0309936306107801
-58.0558055805580508 16.2260751581460489
-58.0358035803580350 -42.1290374532460987
-58.0158015801580120 -11.0919190903372478
-57.9957995799579962 -10.0115978686826494
-57.9757975797579732 -24.0619501271487621
-57.9557955795579502 -38.5834393782790954
-57.9357935793579344 -6.6613909081429625
-57.9157915791579114 -15.1940791671251034
-57.8957895789578956 -40.7404454147353476
-57.8757875787578726 -30.9605274247234874
-57.8557855785578568 -10.6031066363488140
-57.8357835783578338 -12.0002750022224909
-57.8157815781578108 -1.3593072914432049
-57.7957795779577950 15.7693223197207288
-57.7757775777577720 -34.7656192745249726
-57.7557755775577562 -39.0725468355981747
-57.7357735773577332 -16.0598952059679014
-57.7157715771577102 -21.7247040745142073
-57.6957695769576944 -0.6467672995345914
-57.6757675767576714 -11.1688054341521763
-57.6557655765576555 -31.0777267776997981
-57.6357635763576326 1.3048284656724221
-57.6157615761576167 -23.4024975171811889
-57.5957595759575938 -9.8181370140780757
-57.5757575757575708 -12.7417595399392560
-57.5557555755575549 -25.5273158911082874
-57.5357535753575320 -13.2822314960367933
-57.5157515751575161 1.9576154684197569
-57.4957495749574932 -7.7175984596623888
-57.4757475747574702 -23.6405754835541799
-57.4557455745574543 13.8135949070952080
-57.4357435743574314 -11.7555999554073232
-57.4157415741574155 -20.9605607554489808
-57.3957395739573926 21.7278668997689479
-57.3757375737573767 -17.0142850102206999
-57.3557355735573537 -19.5777785228690497
-57.3357335733573308 0.3483803813346675
-57.3157315731573149 0.5412201342853322
-57.2957295729572920 -10.4035334061453941
-57.2757275727572761 14.0549224294196797
-57.2557255725572531 -8.7742262474821686
-57.2357235723572302 -16.6693616038287473
-57.2157215721572143 -10.6249642034569405
-57.1957195719571914 -4.4359844017791961
-57.1757175717571755 -17.9025313099451679
-57.1557155715571525 -22.8546304857693166
-57.1357135713571367 10.9425087623610384
-57.1157115711571137 -5.7096729457625965
-57.0957095709570908 7.2265858771715319
-57.0757075707570749 -0.0741872846992653
-57.0557055705570519 -3.4009470442557443
-57.0357035703570361 -17.6660008797108929
-57.0157015701570131 2.9803875505619288
-56.9956995699569902 -6.7676925827280057
-56.9756975697569743 -7.7985252773016640
-56.9556955695569513 -17.9903031571994774
-56.9356935693569355 -40.0229550574720392
-56.9156915691569125 -27.1623644016750063
-56.8956895689568967 -3.7682887086074324
-56.8756875687568737 -3.8134230762373669
-56.8556855685568507 8.5684822488549806
-56.8356835683568349 -26.3986119390263703
-56.8156815681568119 9.8258282513358619
-56.7956795679567961 -20.9770041689541031
-56.7756775677567731 -18.6169231647703270
-56.7556755675567501 -11.2735309130056471
-56.7356735673567343 15.0148726120708478
-56.7156715671567113 -11.0811233577471118
-56.6956695669566955 -17.1973659710832081
-56.6756675667566725 17.7381659897863351
-56.6556655665566566 5.8445124878972710
-56.6356635663566337 -30.5898266396340830
-56.6156615661566107 -27.7717019168110717
-56.5956595659565949 1.1416281334509524
-56.5756575657565719 -14.8389742414803987
-56.5556555655565560 -20.2604352405541519
-56.5356535653565331 -38.8384427918265231
-56.5156515651565101 -8.0991891555608060
-56.4956495649564943 4.3403923553085750
-56.4756475647564713 -22.1113417545067747
-56.4556455645564554 -19.9670469806843585
-56.4356435643564325 10.3783290805965720
-56.4156415641564166 -19.9838801433980322
-56.3956395639563937 -21.0839322400138620
-56.3756375637563707 3.1988892257441339
-56.3556355635563548 -14.8394861582599731
-56.3356335633563319 -18.6043021922500671
-56.3156315631563160 -65.8109349308672194
-56.2956295629562931 -4.4224788769322148
-56.2756275627562701 -3.2385527458590264
-56.2556255625562542 27.4030241309806968
-56.2356235623562313 -35.2379806132704374
-56.2156215621562154 9.8532378410573216
-56.1956195619561925 -9.6563798328022052
-56.1756175617561766 -27.2028595152120545
-56.1556155615561536 -42.5241850882068491
-56.1356135613561307 -17.5263269742022594
-56.1156115611561148 -27.2299362763413981
-56.0956095609560919 -18.4790999326459087
-56.0756075607560760 -15.5775098077009311
-56.0556055605560530 -26.3358166630812107
-56.0356035603560301 -7.4274369225102461
-56.0156015601560142 -6.0954490304378091
-55.9955995599559913 17.2544373059449185
-55.9755975597559754 -22.1700102231927723
-55.9555955595559524 -2.5095577087310508
-55.9355935593559366 -12.1281986515796163
-55.9155915591559136 -35.1114509077690045
-55.8955895589558907 -15.5012427552239949
-55.8755875587558748 -1.7388819417687200
-55.8555855585558518 -29.0535192153754700
-55.8355835583558360 22.2823801054771558
-55.8155815581558130 -3.4588733312059885
-55.7955795579557901 -24.9957382059912518
-55.7755775577557742 -10.9072171419816115
-55.7555755575557512 7.0036143229825596
-55.7355735573557354 1.2640539883229200
-55.7155715571557124 6.6134136556561876
-55.6955695569556966 2.5295947554146263
-55.6755675567556736 -34.1128053589832376
-55.6555655565556506 22.1316469793367219
-55.6355635563556348 -32.3080136392149058
-55.6155615561556118 3.2537285224261172
-55.5955595559555960 -26.8616802376662811
-55.5755575557555730 12.2057858331177620
-55.5555555555555500 12.0604421181229640
-55.5355535553555342 -21.7551442532669910
-55.5155515551555112 1.3758129695364971
-55.4955495549554954 -20.5859301030133679
-55.4755475547554724 -31.0117496195464035
-55.4555455545554565 -31.6947453794030416
-55.4355435543554336 -7.3921098256398086
-55.4155415541554106 -33.7335904673923537
-55.3955395539553948 -22.0448168167160929
-55.3755375537553718 -11.9925268229726960
-55.3555355535553559 13.7641074350859061
-55.3355335533553330 9.9037226475449138
-55.3155315531553100 19.4385687028736172
-55.2955295529552942 24.9289819651286706
-55.2755275527552712 9.9450087149806343
-55.2555255525552553 16.3281011477203570
-55.2355235523552324 6.6821526936702096
-55.2155215521552165 27.9547675072880111
-55.1955195519551935 -7.1118200391209854
-55.1755175517551706 -49.7884842399302769
-55.1555155515551547 -24.4181989851934063
-55.1355135513551318 10.5977368392041704
-55.1155115511551159 9.2804391499670302
-55.0955095509550929 -7.1947217656405318
-55.0755075507550700 -15.6994252176412612
-55.0555055505550541 -16.0014016228270251
-55.0355035503550312 -14.4102217255008114
-55.0155015501550153 -28.1839653773555980
-54.9954995499549923 -21.6989752783224787
-54.9754975497549765 8.2051796394535348
-54.9554955495549535 4.0655726742882727
-54.9354935493549306 23.5420664318607784
-54.9154915491549147 30.0841823651849474
-54.8954895489548917 11.3852931528355601
-54.8754875487548759 29.3010917025754480
-54.8554855485548529 -21.2683941771283784
-54.8354835483548300 -14.0758918820366787
-54.8154815481548141 -6.7314871071067000
-54.7954795479547911 -10.3838247298466850
-54.7754775477547753 10.8765701043050296
-54.7554755475547523 -6.0308500559754865
-54.7354735473547365 -17.4748162998178103
-54.7154715471547135 22.7158614476745129
-54.6954695469546905 -32.2230168687822811
-54.6754675467546747 -8.2422575166929839
-54.6554655465546517 -10.8589767062088036
-54.6354635463546359 -33.9951921988691552
-54.6154615461546129 2.1949566029068577
-54.5954595459545899 -16.6042765495582394
-54.5754575457545741 12.4955801216464621
-54.5554555455545511 -1.8663278566444299
-54.5354535453545353 -8.7605448095945970
-54.5154515451545123 -5.9747008469558995
-54.4954495449544964 -18.4183440531537386
-54.4754475447544735 24.2123933904461346
-54.4554455445544505 -13.6196210980985821
-54.4354435443544347 15.8877774261495954
-54.4154415441544117 19.2079927947573026
-54.3954395439543958 -18.0669627281580993
-54.3754375437543729 8.8281143291791118
-54.3554355435543499 6.1045168443129434
-54.3354335433543341 18.3467567447883262
-54.3154315431543111 -2.5677096318916219
-54.2954295429542952 -7.2095191411299009
-54.2754275427542723 19.3779669726740842
-54.2554255425542564 -23.2168827305648726
-54.2354235423542335 -0.3278261970687044
-54.2154215421542105 -2.5325388091606360
-54.1954195419541946 12.6827282122696055
-54.1754175417541717 7.1598601641572550
-54.1554155415541558 7.9033099944687422
-54.1354135413541329 -26.6078420095034964
-54.1154115411541099 32.6491883757882135
-54.0954095409540940 -14.8106782120360112
-54.0754075407540711 41.3762818076292191
-54.0554055405540552 6.6518673954844889
-54.0354035403540323 13.7919528561565716
-54.0154015401540164 3.2927328978831358
-53.9953995399539934 -0.2807309236654887
-53.9753975397539705 33.2420125256351824
-53.9553955395539546 23.9542006643632064
-53.9353935393539317 48.2215403778305145
-53.9153915391539158 27.5809961910293246
-53.8953895389538928 1.4392405134869319
-53.8753875387538699 25.6592732384446407
-53.8553855385538540 15.1646058438524935
-53.8353835383538311 -12.2270749502539520
-53.8153815381538152 -6.4322102211286447
-53.7953795379537922 -11.6993398096482313
-53.7753775377537764 1.2074117525831709
-53.7553755375537534 -2.1036035830012887
-53.7353735373537305 8.6887668287773714
-53.7153715371537146 21.6247203947413063
-53.6953695369536916 17.8647584138775137
-53.6753675367536758 -2.5379425441835490
-53.6553655365536528 -15.4424679788781383
-53.6353635363536299 -43.5493254727343526
-53.6153615361536140 -7.0977303925610125
-53.5953595359535910 20.2286584194458712
-53.5753575357535752 -2.2908072030050342
-53.5553555355535522 33.2657172066305051
-53.5353535353535364 -9.0901518169960269
-53.5153515351535134 -11.9954299224498726
-53.4953495349534904 23.8832710153925660
-53.4753475347534746 -17.2517011149565818
-53.4553455345534516 -14.3066472951638310
-53.4353435343534358 14.9979389867452184
-53.4153415341534128 -9.0188005163371852
-53.3953395339533898 7.2460133571196828
-53.3753375337533740 23.0795220578505571
-53.3553355335533510 15.5518098568413166
-53.3353335333533352 51.0642011302513339
-53.3153315331533122 12.9175941721837013
-53.2953295329532963 -2.5457660890863325
-53.2753275327532734 32.2269177106409899
-53.2553255325532504 19.8621479640650840
-53.2353235323532346 29.2437597396218862
-53.2153215321532116 21.5326721817873548
-53.1953195319531957 -3.7004042180870407
-53.1753175317531728 23.4926829304128901
-53.1553155315531498 6.2743735150280786
-53.1353135313531340 28.3957918419022448
-53.1153115311531110 48.8878038896315559
-53.0953095309530951 21.5027576937670162
-53.0753075307530722 -29.4525979946195093
-53.0553055305530563 30.5420239281973664
-53.0353035303530334 19.1236340374110192
-53.0153015301530104 -3.8454725815287762
-52.9952995299529945 -35.7396423240925643
-52.9752975297529716 5.7878927591067475
-52.9552955295529557 7.3575709907749793
-52.9352935293529328 -0.2746550398703569
-52.9152915291529098 -30.8512690158113969
-52.8952895289528939 -12.5805260564829311
-52.8752875287528710 27.7380299259798662
-52.8552855285528551 8.8706890059038095
-52.8352835283528321 4.5509275781716028
-52.8152815281528163 2.6918198212772637
-52.7952795279527933 41.3256737524754811
-52.7752775277527704 9.7337776946722858
-52.7552755275527545 11.4576862009765179
-52.7352735273527315 2.6241379264501106
-52.7152715271527157 5.2246510575653655
-52.6952695269526927 22.6392388360762098
-52.6752675267526698 33.3953791237537843
-52.6552655265526539 12.6853009967555224
-52.6352635263526309 1.5818531014315091
-52.6152615261526151 29.6914095103748679
-52.5952595259525921 -3.7768343185031146
-52.5752575257525763 -3.5326124517842583
-52.5552555255525533 28.5944106413573920
-52.5352535253525303 -9.9459925326527703
-52.5152515251525145 -1.6182586583381475
-52.4952495249524915 1.6213741250618803
-52.4752475247524757 3.8044324684086810
-52.4552455245524527 10.0822720069264449
-52.4352435243524297 -30.6590780083131378
-52.4152415241524139 2.6054526010686008
-52.3952395239523909 21.6285500050657262
-52.3752375237523751 5.3145876916221333
-52.3552355235523521 20.4619349178060510
-52.3352335233523362 1.8657486889942323
-52.3152315231523133 48.5441517246367624
-52.2952295229522903 27.9170826732131445
-52.2752275227522745 -10.7190901833248979
-52.2552255225522515 27.3343568121294354
-52.2352235223522356 43.5103603669587216
-52.2152215221522127 3.9687286173474341
-52.1952195219521897 23.7596469537328474
-52.1752175217521739 20.3584355098568608
-52.1552155215521509 48.0669999911426160
-52.1352135213521350 39.0313260615828170
-52.1152115211521121 0.9032094512726996
-52.0952095209520962 -3.7966244410676637
-52.0752075207520733 20.7269399469993800
-52.0552055205520503 23.7284076062268880
-52.0352035203520344 17.2070681462256942
-52.0152015201520115 21.6487778847205519
-51.9951995199519956 36.1364233092095262
-51.9751975197519727 34.6974292703123695
-51.9551955195519497 24.4838951072567177
-51.9351935193519338 3.8584312649796519
-51.9151915191519109 7.3784599018626276
-51.8951895189518950 18.5065568213463436
-51.8751875187518721 24.8422603173866747
-51.8551855185518562 6.7322019069124277
-51.8351835183518332 53.9075367458081445
-51.8151815181518103 35.3704764207178002
-51.7951795179517944 31.2936110331354698
-51.7751775177517715 37.3004185714456824
-51.7551755175517556 16.2435739202462734
-51.7351735173517326 19.3952535054815201
-51.7151715171517097 15.3040148509503897
-51.6951695169516938 55.4918941802695258
-51.6751675167516709 12.8436581396017928
-51.6551655165516550 3.7814339990872021
-51.6351635163516320 -16.6565891025902602
-51.6151615161516162 -12.6024675806045394
-51.5951595159515932 3.5444899502851950
-51.5751575157515703 17.2205352419621143
-51.5551555155515544 29.1304775444550828
-51.5351535153515314 9.8458306218904639
-51.5151515151515156 40.2390651588256958
-51.4951495149514926 7.5757945053461118
-51.4751475147514697 -30.9069168908828829
-51.4551455145514538 39.6723725597078953
-51.4351435143514308 7.2756872009174263
-51.4151415141514150 36.4981003943623676
-51.3951395139513920 51.9712544882172125
-51.3751375137513762 17.5736123276730538
-51.3551355135513532 9.9873860463963382
-51.3351335133513302 2.8130830513995040
-51.3151315131513144 12.6084632499114093
-51.2951295129512914 28.1018078584181801
-51.2751275127512756 -10.7899662848708751
-51.2551255125512526 2.3071408581214001
-51.2351235123512296 29.0522392783859829
-51.2151215121512138 25.8915488731490235
-51.1951195119511908 23.3435256936379076
-51.1751175117511750 26.8283529209747904
-51.1551155115511520 19.0074716729408308
-51.1351135113511361 38.8075686506331010
-51.1151115111511132 29.9944898549090944
-51.0951095109510902 -28.5403926712934499
-51.0751075107510744 17.7755721031104272
-51.0551055105510514 -8.5964739331750444
-51.0351035103510355 19.0924182799939359
-51.0151015101510126 11.2187595411662624
-50.9950995099509896 -5.1324551090227146
-50.9750975097509738 19.7268346606399270
-50.9550955095509508 28.7297376871590444
-50.9350935093509349 -12.6438544588055812
-50.9150915091509120 35.8618912847903246
-50.8950895089508961 28.6944153572128400
-50.8750875087508732 49.7971230078929281
-50.8550855085508502 0.4366827103041686
-50.8350835083508343 15.8916267700979184
-50.8150815081508114 -17.7627487042619983
-50.7950795079507955 31.7664290484074527
-50.7750775077507726 33.8970961453843387
-50.7550755075507496 18.2165250466603155
-50.7350735073507337 25.6306428563901640
-50.7150715071507108 28.8546033201841041
-50.6950695069506949 66.7497970163676086
-50.6750675067506720 52.1267082324784212
-50.6550655065506561 12.4181031470840875
-50.6350635063506331 17.1788786745975202
-50.6150615061506102 3.1920731820131643
-50.5950595059505943 49.4778706039461440
-50.5750575057505714 41.0808385090074424
-50.5550555055505555 87.9859757592512466
-50.5350535053505325 30.8469390835945418
-50.5150515051505096 15.4373399377794840
-50.4950495049504937 31.7514209218650691
-50.4750475047504708 36.8491591821199336
-50.4550455045504549 43.8270140939098809
-50.4350435043504319 7.3705544501321594
-50.4150415041504161 -18.6324485951031775
-50.3950395039503931 8.2493350096478277
-50.3750375037503701 62.3166962404737532
-50.3550355035503543 -2.7201688309888006
-50.3350335033503313 44.8158743829850010
-50.3150315031503155 10.7824141496836354
-50.2950295029502925 54.5612074877736717
-50.2750275027502695 -7.5070844277983149
-50.2550255025502537 13.1449334295264677
-50.2350235023502307 -23.4211058473434228
-50.2150215021502149 34.0998818382070183
-50.1950195019501919 8.8068471549636556
-50.1750175017501761 8.0692202939962208
-50.1550155015501531 17.7160838208660323
-50.1350135013501301 59.3796355349718397
-50.1150115011501143 36.7758206816652873
-50.0950095009500913 -23.7394737790391268
-50.0750075007500755 30.6082336304727285
-50.0550055005500525 30.2524344870667434
-50.0350035003500295 7.6620283708154524
-50.0150015001500137 59.0514374058564897
-49.9949994999499907 29.6845076303967268
-49.9749974997499748 -8.0013412489596938
-49.9549954995499519 23.5480637635649757
-49.9349934993499360 31.1296824961576242
-49.9149914991499131 36.4692442681891720
-49.8949894989498901 56.4727390952018453
-49.8749874987498742 -13.0240284219324209
-49.8549854985498513 1.7542101435109565
-49.8349834983498354 59.2022128138351604
-49.8149814981498125 6.1085147927952015
-49.7949794979497895 1.8588634225914227
-49.7749774977497736 47.1725744059144603
-49.7549754975497507 -8.4261241186396418
-49.7349734973497348 28.0992729747061070
-49.7149714971497119 17.7386012876859382
-49.6949694969496960 21.4682959916971008
-49.6749674967496730 20.8849979730851913
-49.6549654965496501 68.1720398944921726
-49.6349634963496342 12.7810397123439579
-49.6149614961496113 2.0247461919662300
-49.5949594959495954 36.6537261098972778
-49.5749574957495724 25.7325828728650770
-49.5549554955495495 14.8906105965545752
-49.5349534953495336 24.6663746059532620
-49.5149514951495107 52.7254346009703312
-49.4949494949494948 6.9198413354849677
-49.4749474947494718 44.4021633484556162
-49.4549454945494560 36.5773159363981435
-49.4349434943494330 32.1290311109285085
-49.4149414941494101 63.8934584554574769
-49.3949394939493942 30.4918262267389544
-49.3749374937493712 10.8839542823900928
-49.3549354935493554 17.0312526108181252
-49.3349334933493324 11.7668521772020078
-49.3149314931493095 29.4081763262258704
-49.2949294929492936 26.7269965766601665
-49.2749274927492706 34.3665722639138451
-49.2549254925492548 2.1165510111284362
-49.2349234923492318 38.3760873868643273
-49.2149214921492160 62.6970924173174424
-49.1949194919491930 31.7461159663611241
-49.1749174917491700 58.2563227891159272
-49.1549154915491542 5.8684678651195163
-49.1349134913491312 41.3192289987356318
-49.1149114911491154 47.7213958920980872
-49.0949094909490924 16.8777740472192761
-49.0749074907490694 12.5927961970874076
-49.0549054905490536 40.7733958666219678
-49.0349034903490306 37.0411602262603168
-49.0149014901490148 22.9564284419559321
-48.9948994899489918 6.7792903214634102
-48.9748974897489759 10.3702109684969592
-48.9548954895489530 55.1997928938884570
-48.9348934893489300 -2.5770266682657947
-48.9148914891489142 21.0548412860131293
-48.8948894889488912 55.0709906834533740
-48.8748874887488753 34.6501202261483741
-48.8548854885488524 12.1739977416313039
-48.8348834883488294 23.5492633358683570
-48.8148814881488136 28.6285017190116164
-48.7948794879487906 30.7942212402474880
-48.7748774877487747 26.1781614266282965
-48.7548754875487518 15.3671514216142153
-48.7348734873487288 43.6680912458237032
-48.7148714871487130 38.2007821004316099
-48.6948694869486900 22.3295189144083572
-48.6748674867486741 44.3723243928456341
-48.6548654865486512 -18.4589179060665813
-48.6348634863486353 22.5957229515819087
-48.6148614861486124 66.2480448401768172
-48.5948594859485894 33.7634731104147292
-48.5748574857485735 48.6528173724169193
-48.5548554855485506 64.2450265376876075
-48.5348534853485347 33.6910597430892835
-48.5148514851485118 37.5844992749755775
-48.4948494849484888 19.6014630850839993
-48.4748474847484729 33.8754106340417920
-48.4548454845484500 5.8691400547472270
-48.4348434843484341 25.7462465900871820
-48.4148414841484112 40.2124198689576673
-48.3948394839483953 24.9073734561342235
-48.3748374837483723 29.9430570380739312
-48.3548354835483494 8.2792249860692948
-48.3348334833483335 31.2857961438320977
-48.3148314831483106 7.2181909390580579
-48.2948294829482947 31.1238644439521472
-48.2748274827482717 54.8038784561566104
-48.2548254825482488 6.0497829472578211
-48.2348234823482329 9.5512279600222705
-48.2148214821482100 47.9115451729886530
-48.1948194819481941 47.3618974631957741
-48.1748174817481711 67.4605613420934844
-48.1548154815481553 38.3303348685922600
-48.1348134813481323 42.0858870477222666
-48.1148114811481094 66.9773763721433824
-48.0948094809480935 36.1505790843810857
-48.0748074807480705 49.8945757568039312
-48.0548054805480547 -5.3494095129905617
-48.0348034803480317 12.4515100333057163
-48.0148014801480087 59.7931531655894020
-47.9947994799479929 37.8907141541559298
-47.9747974797479699 48.9412791859555156
-47.9547954795479541 14.1724820502239979
-47.9347934793479311 51.2381014355732276
-47.9147914791479153 30.4818802752788933
-47.8947894789478923 39.1203224590643899
-47.8747874787478693 65.4333081510361438
-47.8547854785478535 49.4037726519831182
-47.8347834783478305 -3.2830074429371905
-47.8147814781478147 3.4380777436387078
-47.7947794779477917 -4.8137215487497258
-47.7747774777477687 24.0815492055296367
-47.7547754775477529 24.4409519506689072
-47.7347734773477299 57.1688664128523527
-47.7147714771477141 29.7101894423217558
-47.6947694769476911 33.4816747052729511
-47.6747674767476752 15.8002723443729209
-47.6547654765476523 34.9932359174539656
-47.6347634763476293 2.3830065301404488
-47.6147614761476135 13.9538536695991127
-47.5947594759475905 29.6045022065598076
-47.5747574757475746 46.7274498947198538
-47.5547554755475517 29.4840586942632683
-47.5347534753475287 44.2387545634790627
-47.5147514751475128 58.5532325681996682
-47.4947494749474899 45.3923670417888019
-47.4747474747474740 41.7904689343093168
-47.4547454745474511 47.6572451314793994
-47.4347434743474352 19.0270643126318291
-47.4147414741474122 79.3378250423599951
-47.3947394739473893 10.5571220136072839
-47.3747374737473734 20.2426327594509132
-47.3547354735473505 24.2218443328263007
-47.3347334733473346 53.8448424226680586
-47.3147314731473116 -3.9377454051692666
-47.2947294729472887 58.5798830944872790
-47.2747274727472728 44.8834346641054935
-47.2547254725472499 3.3580788710088640
-47.2347234723472340 55.5303093307604598
-47.2147214721472110 70.4163648472532486
-47.1947194719471952 38.8305254907648560
-47.1747174717471722 17.4769716905969190
-47.1547154715471493 15.4481121621637350
-47.1347134713471334 54.0812829220158591
-47.1147114711471104 28.3707924863319860
-47.0947094709470946 47.4343367664876965
-47.0747074707470716 11.4131099636511806
-47.0547054705470487 36.3948129928194248
-47.0347034703470328 15.2218548668201201
-47.0147014701470098 16.4309394435325835
-46.9946994699469940 43.2835674139987034
-46.9746974697469710 29.0362524117850427
-46.9546954695469552 15.4574395095796859
-46.9346934693469322 58.4758330936169557
-46.9146914691469092 62.8409646591097584
-46.8946894689468934 39.3446833505607287
-46.8746874687468704 39.7839271375668488
-46.8546854685468546 27.5441211189034476
-46.8346834683468316 64.1953897956393860
-46.8146814681468086 31.1102177506482214
-46.7946794679467928 31.3217903005819522
-46.7746774677467698 37.1326304951626867
-46.7546754675467540 69.0722614783332176
-46.7346734673467310 -3.1030060234109200
-46.7146714671467151 38.2596445235743801
-46.6946694669466922 44.4418828376925532
-46.6746674667466692 13.7187912808341075
-46.6546654665466534 76.3612694677921127
-46.6346634663466304 55.3634173441365505
-46.6146614661466145 17.6317311442781595
-46.5946594659465916 17.9202383949104345
-46.5746574657465686 50.4184354742924370
-46.5546554655465528 16.4420966784941669
-46.5346534653465298 22.7721408649599688
-46.5146514651465139 46.4921577099649994
-46.4946494649464910 32.1426848554799136
-46.4746474647464751 16.3788960406002033
-46.4546454645464522 32.7557866947537235
-46.4346434643464292 24.8091837332781324
-46.4146414641464133 38.4985310728047594
-46.3946394639463904 38.6458886983017607
-46.3746374637463745 25.3455980430054737
-46.3546354635463516 37.4256456760501379
-46.3346334633463286 27.1746725500609116
-46.3146314631463127 44.8401618736939298
-46.2946294629462898 28.7816320415700631
-46.2746274627462739 4.7841566654931427
-46.2546254625462510 50.7837152120623827
-46.2346234623462351 59.7826756824839975
-46.2146214621462121 48.2375209041717454
-46.1946194619461892 38.2597308142860442
-46.1746174617461733 43.2358535470929937
-46.1546154615461504 52.0019433313728996
-46.1346134613461345 60.3842990896583132
-46.1146114611461115 52.6264716210408423
-46.0946094609460886 48.1882547077058447
-46.0746074607460727 47.8087428574012634
-46.0546054605460498 72.8742001218939919
-46.0346034603460339 39.1873387783955920
-46.0146014601460109 53.0085697362581527
-45.9945994599459951 32.4267562330630454
-45.9745974597459721 42.0101991347945258
-45.9545954595459492 17.6549136731891814
-45.9345934593459333 36.0723553680784548
-45.9145914591459103 43.8068580970789441
-45.8945894589458945 50.3178617138436337
-45.8745874587458715 5.9468593639653093
-45.8545854585458486 69.5505398833537356
-45.8345834583458327 67.7197681075896014
-45.8145814581458097 18.9231468073974618
-45.7945794579457939 32.5558775587143572
-45.7745774577457709 15.7812149203715997
-45.7545754575457551 48.0677872440985610
-45.7345734573457321 4.2971045854256715
-45.7145714571457091 51.3035803182835863
-45.6945694569456933 41.2978369331586705
-45.6745674567456703 46.0697312942815103
-45.6545654565456545 28.9466926081460230
-45.6345634563456315 92.9257645071916869
-45.6145614561456085 32.2629217346502060
-45.5945594559455927 70.1432520810365645
-45.5745574557455697 98.9166442264744603
-45.5545554555455539 0.5853317678935070
-45.5345534553455309 24.0412555181240357
-45.5145514551455150 40.4102077946753298
-45.4945494549454921 59.2383248613156184
-45.4745474547454691 27.2213896164232381
-45.4545454545454533 32.7004869266531060
-45.4345434543454303 17.6294726552064418
-45.4145414541454144 43.5072239833666501
-45.3945394539453915 55.5252319034704769
-45.3745374537453685 39.9450948846666378
-45.3545354535453527 54.6059800841622618
-45.3345334533453297 56.7511515815662477
-45.3145314531453138 8.1441269911661891
-45.2945294529452909 62.1519421522543851
-45.2745274527452750 51.1597707650657583
-45.2545254525452521 50.3659679589886764
-45.2345234523452291 34.9197855517901417
-45.2145214521452132 63.7790748805978964
-45.1945194519451903 14.1220170830781022
-45.1745174517451744 8.6302008001810009
-45.1545154515451514 63.1858667460619898
-45.1345134513451285 59.9557015175772108
-45.1145114511451126 22.9067842323027975
-45.0945094509450897 29.8304383984804389
-45.0745074507450738 34.1654235085055618
-45.0545054505450508 50.4481022529182681
-45.0345034503450350 15.4937254940872151
-45.0145014501450120 37.0851750973671344
-44.9944994499449891 25.2718891999478998
-44.9744974497449732 59.1027893927961117
-44.9544954495449502 63.7743558049069819
-44.9344934493449344 24.6418770225144605
-44.9144914491449114 14.0487290532501667
-44.8944894489448885 38.0871655717293791
-44.8744874487448726 38.1532173150940395
-44.8544854485448496 59.7454734739044753
-44.8344834483448338 28.7463924153769881
-44.8144814481448108 60.9989028648983265
-44.7944794479447950 31.8841734663762182
-44.7744774477447720 41.9775195661461424
-44.7544754475447490 -12.2241910022931677
-44.7344734473447332 28.2829744024404022
-44.7144714471447102 48.6277086438054056
-44.6944694469446944 43.6640165584342341
-44.6744674467446714 -1.6339773145315206
-44.6544654465446484 46.2646124187305929
-44.6344634463446326 35.6868773823840755
-44.6144614461446096 43.9542795398143014
-44.5944594459445938 24.8315105845071464
-44.5744574457445708 33.4213507576244240
-44.5544554455445549 73.6201524477025231
-44.5344534453445320 47.6506070452282557
-44.5144514451445090 32.1730855105220570
-44.4944494449444932 50.7189103570965898
-44.4744474447444702 42.9896338743527693
-44.4544454445444543 37.9331153116564579
-44.4344434443444314 41.0884680985245012
-44.4144414441444084 52.8504768448010793
-44.3944394439443926 51.0715264402295048
-44.3744374437443696 17.5351841116591416
-44.3544354435443537 75.7081129905143086
-44.3344334433443308 32.2397775272943363
-44.3144314431443149 42.3520627042342426
-44.2944294429442920 68.8397377601468605
-44.2744274427442690 40.6125480121040141
-44.2544254425442531 77.6702229166564564
-44.2344234423442302 35.4973570842130357
-44.2144214421442143 32.5799016899988558
-44.1944194419441914 38.2464732411843400
-44.1744174417441684 56.3771264840941626
-44.1544154415441525 2.4066431404848601
-44.1344134413441296 111.0697622623489309
-44.1144114411441137 25.1442465146005460
-44.0944094409440908 10.0545844343430559
-44.0744074407440749 48.1987710982673647
-44.0544054405440519 43.8578993816054847
-44.0344034403440290 56.3631184059235579
-44.0144014401440131 70.7080791236597861
-43.9943994399439902 46.7697271185070491
-43.9743974397439743 39.4908249250490542
-43.9543954395439513 43.1085223246130553
-43.9343934393439284 66.7257780400073557
-43.9143914391439125 67.1497047321358878
-43.8943894389438896 8.1076962770450862
-43.8743874387438737 51.8664954508013523
-43.8543854385438507 38.4941531982660052
-43.8343834383438349 80.3336389039024397
-43.8143814381438119 20.5966494691702948
-43.7943794379437890 53.7214809727162006
-43.7743774377437731 64.4287704348016206
-43.7543754375437501 10.6176845937011564
-43.7343734373437343 18.1159918392386032
-43.7143714371437113 66.4904067436920201
-43.6943694369436884 70.3514737467850182
-43.6743674367436725 77.6877638711093823
-43.6543654365436495 50.3803920555908107
-43.6343634363436337 70.9534474038653400
-43.6143614361436107 63.4578558299923969
-43.5943594359435949 38.6597681868256942
-43.5743574357435719 55.7929210421577011
-43.5543554355435489 51.2421948324938015
-43.5343534353435331 65.0295635798758269
-43.5143514351435101 33.1490908235789945
-43.4943494349434943 82.4198410301477224
-43.4743474347434713 89.1956995759706501
-43.4543454345434483 53.9734393362719871
-43.4343434343434325 28.7435005679888178
-43.4143414341434095 40.7921814796532161
-43.3943394339433937 51.0242535124232575
-43.3743374337433707 48.1601363101746642
-43.3543354335433548 66.3030405321940179
-43.3343334333433319 25.0597696190466799
-43.3143314331433089 38.8863754987963688
-43.2943294329432931 23.7387645495505240
-43.2743274327432701 28.6150615493449081
-43.2543254325432542 46.3930104082644874
-43.2343234323432313 2.5301933622451998
-43.2143214321432083 9.3130685601169390
-43.1943194319431925 41.9570320825558412
-43.1743174317431695 42.0395529317015004
-43.1543154315431536 52.3346368278221306
-43.1343134313431307 27.5137916065466186
-43.1143114311431148 32.9375937567809984
-43.0943094309430919 18.6402285800523231
-43.0743074307430689 78.5117854573017553
-43.0543054305430530 55.5208861557946207
-43.0343034303430301 28.1208768348638465
-43.0143014301430142 80.2300158055160182
-42.9942994299429913 61.0271153577567489
-42.9742974297429683 49.0763462762032958
-42.9542954295429524 36.1148742031941339
-42.9342934293429295 73.9479158466537712
-42.9142914291429136 71.7294784345083372
-42.8942894289428907 78.2026595012009125
-42.8742874287428748 36.8755826663254140
-42.8542854285428518 58.2457159805564757
-42.8342834283428289 26.4187841808449662
-42.8142814281428130 66.1598198633495400
-42.7942794279427901 64.7938392518481407
-42.7742774277427742 72.1152050113155667
-42.7542754275427512 40.5001293804411944
-42.7342734273427283 88.4355495207153410
-42.7142714271427124 54.4239971767116444
-42.6942694269426894 56.1507768627118651
-42.6742674267426736 35.0404963693121800
-42.6542654265426506 32.0919055234900128
-42.6342634263426348 42.5793532247943887
-42.6142614261426118 74.3202274333651616
-42.5942594259425888 -10.7336094889665219
-42.5742574257425730 55.4423380938416273
-42.5542554255425500 40.6150937874081990
-42.5342534253425342 42.9552936007421380
-42.5142514251425112 59.8644604616880045
-42.4942494249424882 30.9402891006407508
-42.4742474247424724 53.6596505622301976
-42.4542454245424494 33.1973650385836052
-42.4342434243424336 17.6937141600580645
-42.4142414241424106 54.2246041928447156
-42.3942394239423948 41.7172271317091443
-42.3742374237423718 18.9864853787183741
-42.3542354235423488 22.3664285034728678
-42.3342334233423330 50.7865121182716592
-42.3142314231423100 46.1744831758289394
-42.2942294229422941 19.3334813188871628
-42.2742274227422712 43.8801438791946623
-42.2542254225422482 69.2611330216372494
-42.2342234223422324 37.8458520824367071
-42.2142214221422094 25.7449108921075229
-42.1942194219421935 40.4717305493373090
-42.1742174217421706 20.7891315686545717
-42.1542154215421547 65.5105365747160420
-42.1342134213421318 54.2858608981532953
-42.1142114211421088 70.6741877168511223
-42.0942094209420929 52.4155777324975247
-42.0742074207420700 30.3171000749926591
-42.0542054205420541 71.4116498927807299
-42.0342034203420312 50.2798227415228425
-42.0142014201420082 51.2934754881942752
-41.9941994199419923 46.1845948037315424
-41.9741974197419694 41.6762611301645620
-41.9541954195419535 60.4712119529845324
-41.9341934193419306 53.3431972485428503
-41.9141914191419147 70.9404271234693624
-41.8941894189418917 42.1050623971327482
-41.8741874187418688 30.7355993548311268
-41.8541854185418529 53.6116041528599823
-41.8341834183418300 15.4588124886602785
-41.8141814181418141 51.8041971452698178
-41.7941794179417911 74.9233270643858020
-41.7741774177417682 27.8803663968961075
-41.7541754175417523 28.5297375221294551
-41.7341734173417294 42.5565027777053047
-41.7141714171417135 65.3380638257298756
-41.6941694169416905 62.2099226543168768
-41.6741674167416747 -0.6785733557076554
-41.6541654165416517 52.6252217653015180
-41.6341634163416288 43.8807605785376893
-41.6141614161416129 80.3062391258349351
-41.5941594159415899 21.8951425460713764
-41.5741574157415741 16.2451824976905073
-41.5541554155415511 21.0986402067809742
-41.5341534153415282 29.7903230151690721
-41.5141514151415123 45.0988005733242048
-41.4941494149414893 65.7070187610291754
-41.4741474147414735 47.1533624900138122
-41.4541454145414505 54.3345175107804437
-41.4341434143414347 25.9324675151525028
-41.4141414141414117 70.0811271154507978
-41.3941394139413887 38.5425592995456867
-41.3741374137413729 44.1580115160797320
-41.3541354135413499 47.4285588976852921
-41.3341334133413341 64.6629446096196148
-41.3141314131413111 52.8345654165635494
-41.2941294129412881 70.2762911349307444
-41.2741274127412723 52.7899489956936705
-41.2541254125412493 71.2502629421315987
-41.2341234123412335 35.8801100534439783
-41.2141214121412105 34.7194652180150385
-41.1941194119411946 31.5666195508106320
-41.1741174117411717 78.7242853851687840
-41.1541154115411487 48.2485601714235202
-41.1341134113411329 52.2669408119647727
-41.1141114111411099 23.8018449458476979
-41.0941094109410940 28.9041085751571778
-41.0741074107410711 23.9157089618806395
-41.0541054105410481 76.0724116798870682
-41.0341034103410323 77.4099416737240915
-41.0141014101410093 33.2470483371393328
-40.9940994099409934 63.2750543955819609
-40.9740974097409705 59.3430713533567982
-40.9540954095409546 34.9718934666361463
-40.9340934093409317 58.9932213420335430
-40.9140914091409087 40.3327540026141520
-40.8940894089408928 36.3658761872504641
-40.8740874087408699 53.4374607086601756
-40.8540854085408540 55.0352344349334857
-40.8340834083408311 34.9201779187714081
-40.8140814081408081 49.7905746404655147
-40.7940794079407922 62.2087920212709307
-40.7740774077407693 29.9361586508181183
-40.7540754075407534 60.9944240263792068
-40.7340734073407305 74.4156142172761861
-40.7140714071407146 57.7348474327466903
-40.6940694069406916 15.4857287468906009
-40.6740674067406687 52.9145432236669038
-40.6540654065406528 47.7673838473197634
-40.6340634063406299 100.1349035052417378
-40.6140614061406140 90.6021564044687864
-40.5940594059405910 31.1387211007561469
-40.5740574057405681 44.9937827506807082
-40.5540554055405522 34.4406983051428952
-40.5340534053405293 82.3330684012470897
-40.5140514051405134 69.0656264136261484
-40.4940494049404904 46.4803556022507749
-40.4740474047404746 47.6705188082986311
-40.4540454045404516 69.6303749273915145
-40.4340434043404287 57.6311149131635361
-40.4140414041404128 20.3897515606223472
-40.3940394039403898 88.3655947917861795
-40.3740374037403740 27.9871276722760740
-40.3540354035403510 11.1475347545872694
-40.3340334033403281 39.5274122507534997
-40.3140314031403122 45.2060267944169070
-40.2940294029402892 29.1460869499167927
-40.2740274027402734 57.6629973126942446
-40.2540254025402504 60.3574450564949316
-40.2340234023402346 78.8966191511572674
-40.2140214021402116 42.6881914870286039
-40.1940194019401886 45.9919956991974175
-40.1740174017401728 42.8571768295432420
-40.1540154015401498 85.0663751728462785
-40.1340134013401340 31.3633647106077902
-40.1140114011401110 89.5785850747873269
-40.0940094009400880 47.5015479316062397
-40.0740074007400722 76.6201323422409359
-40.0540054005400492 32.6261896336774555
-40.0340034003400334 68.4494267205958948
-40.0140014001400104 77.6284166879578521
-39.9939993999399945 63.3226435924840629
-39.9739973997399716 36.0417310033957676
-39.9539953995399486 28.8428714950116962
-39.9339933993399328 23.9361651296475273
-39.9139913991399098 61.1516472523355148
-39.8939893989398939 72.2272462541266691
-39.8739873987398710 66.4681694955140898
-39.8539853985398480 77.1403072315722937
-39.8339833983398321 57.5177216619446341
-39.8139813981398092 63.0419822206240426
-39.7939793979397933 32.5817478442927992
-39.7739773977397704 50.0185362862379890
-39.7539753975397545 65.3724271662080554
-39.7339733973397315 20.2381129793152148
-39.7139713971397086 46.1003782633650303
-39.6939693969396927 56.6830383277820502
-39.6739673967396698 62.5409649187569343
-39.6539653965396539 71.0490369779788296
-39.6339633963396309 39.8839821773871392
-39.6139613961396080 46.6537279695653098
-39.5939593959395921 74.9545220895002302
-39.5739573957395692 47.0783463190447549
-39.5539553955395533 59.8560942423772673
-39.5339533953395303 75.9910007099823588
-39.5139513951395145 59.0507381083373986
-39.4939493949394915 68.1816962249653074
-39.4739473947394686 42.2278817277070431
-39.4539453945394527 73.5405601738113575
-39.4339433943394297 73.5336537798230836
-39.4139413941394139 59.3449488714064515
-39.3939393939393909 61.4998216081334874
-39.3739373937393680 58.1920414437953681
-39.3539353935393521 83.6033383459895987
-39.3339333933393291 76.4992594668792236
-39.3139313931393133 68.9403497881168619
-39.2939293929392903 63.6016010489053798
-39.2739273927392745 65.6351655865753116
-39.2539253925392515 25.0378667752937787
-39.2339233923392285 47.0938331312368348
-39.2139213921392127 46.3759775669459842
-39.1939193919391897 75.8423714408109788
-39.1739173917391739 71.7316109521798069
-39.1539153915391509 55.7175150739251919
-39.1339133913391279 56.4114725672376096
-39.1139113911391121 80.2676676867086911
-39.0939093909390891 69.7191483112610086
-39.0739073907390733 41.8993077434101551
-39.0539053905390503 60.6645082150421402
-39.0339033903390344 48.2499558755819962
-39.0139013901390115 7.6597614664154392
-38.9938993899389885 52.1210007151326451
-38.9738973897389727 78.5410070276638095
-38.9538953895389497 56.7803032032867065
-38.9338933893389338 46.4284517128332297
-38.9138913891389109 52.0754265037441755
-38.8938893889388879 43.4583951048082184
-38.8738873887388721 40.5716389607858616
-38.8538853885388491 57.8451468978708263
-38.8338833883388332 64.1833200157865917
-38.8138813881388103 62.6620809578932736
-38.7938793879387944 73.6746766328119662
-38.7738773877387715 55.7737112048260073
-38.7538753875387485 49.3230493141583466
-38.7338733873387326 41.4556859916573472
-38.7138713871387097 69.0001147003685844
-38.6938693869386938 71.1944820346323581
-38.6738673867386709 45.6021949624022938
-38.6538653865386479 33.7932009759873822
-38.6338633863386320 83.5772578489012972
-38.6138613861386091 48.5117774263641977
-38.5938593859385932 75.6516058673768441
-38.5738573857385703 85.0712473988833864
-38.5538553855385544 -4.1220646318959240
-38.5338533853385314 56.6588165109083661
-38.5138513851385085 40.4825539271695405
-38.4938493849384926 30.0939527290181950
-38.4738473847384697 68.0913708190164613
-38.4538453845384538 42.4064142408766642
-38.4338433843384308 51.3559508589162022
-38.4138413841384079 27.9358716863238712
-38.3938393839383920 14.4202748577596296
-38.3738373837383691 44.5161443870279783
-38.3538353835383532 47.3243624308138777
-38.3338333833383302 64.0032538364163628
-38.3138313831383073 74.9312960389129472
-38.2938293829382914 87.5516441011464792
-38.2738273827382685 22.5766467212962816
-38.2538253825382526 61.0154329356760670
-38.2338233823382296 52.7965404443147293
-38.2138213821382138 43.0391652473765163
-38.1938193819381908 50.5518703930112849
-38.1738173817381679 51.7984318134337869
-38.1538153815381520 31.0114981693737306
-38.1338133813381290 42.4320257177211673
-38.1138113811381132 43.3722274838795698
-38.0938093809380902 50.4967892473343269
-38.0738073807380673 26.8304859320854696
-38.0538053805380514 31.3300599989577933
-38.0338033803380284 79.1766661747108884
-38.0138013801380126 30.7453974614984098
-37.9937993799379896 100.2458734128567528
-37.9737973797379738 48.7859322574921705
-37.9537953795379508 27.9622942611764067
-37.9337933793379278 51.4095859329106233
-37.9137913791379120 55.4734922765281482
-37.8937893789378890 42.3671126077968054
-37.8737873787378732 25.0264539410539761
-37.8537853785378502 74.2645324510804699
-37.8337833783378272 57.1707773467550808
-37.8137813781378114 34.4559258795364229
-37.7937793779377884 86.1966474437597725
-37.7737773777377726 65.2320387862001638
-37.7537753775377496 99.3116678634641374
-37.7337733773377337 49.0960592802060845
-37.7137713771377108 60.7830508796604647
-37.6937693769376878 18.5603875138258516
-37.6737673767376720 51.3152066542105203
-37.6537653765376490 70.8910412622917647
-37.6337633763376331 70.0767420516687025
-37.6137613761376102 57.8599019397371634
-37.5937593759375872 55.6517743988076319
-37.5737573757375714 63.7073033369183719
-37.5537553755375484 64.5475633318674511
-37.5337533753375325 62.9692284087859591
-37.5137513751375096 81.9358022911539194
-37.4937493749374937 48.1738890906727022
-37.4737473747374708 63.8794468941412603
-37.4537453745374478 70.9960845024453135
-37.4337433743374319 70.7371835972851670
-37.4137413741374090 55.2991512517717823
-37.3937393739373931 96.2791502493655003
-37.3737373737373701 66.1017986677382794
-37.3537353735373472 40.0557531116723951
-37.3337333733373313 36.0618482061800378
-37.3137313731373084 30.2228827287310509
-37.2937293729372925 54.8054966094483333
-37.2737273727372695 32.1976684557302946
-37.2537253725372537 28.6630533960547176
-37.2337233723372307 37.0252057541762269
-37.2137213721372078 89.6443744798830551
-37.1937193719371919 84.0010123302430998
-37.1737173717371689 57.1776980018143064
-37.1537153715371531 73.7218554187872712
-37.1337133713371301 27.2510897592792318
-37.1137113711371072 47.3701079551487894
-37.0937093709370913 41.0578526020647061
-37.0737073707370683 33.1588120031806284
-37.0537053705370525 104.2474673361084854
-37.0337033703370295 63.9908000366291390
-37.0137013701370137 25.7915594023266195
-36.9936993699369907 32.2832296886360552
-36.9736973697369677 69.7315415801031122
-36.9536953695369519 63.0042425116090286
-36.9336933693369289 17.4852833063905209
-36.9136913691369131 24.1455066667541267
-36.8936893689368901 68.8239571323183839
-36.8736873687368671 34.6676045869056395
-36.8536853685368513 27.4689121884300249
-36.8336833683368283 64.8787089356196702
-36.8136813681368125 46.0579326922625754
-36.7936793679367895 91.7025737032852533
-36.7736773677367736 85.4312394073962764
-36.7536753675367507 21.1525526926850844
-36.7336733673367277 57.7288559065138998
-36.7136713671367119 71.3374820526268252
-36.6936693669366889 70.2716763573680367
-36.6736673667366730 58.0359571736722231
-36.6536653665366501 77.8202726571109054
-36.6336633663366271 50.0280540907590563
-36.6136613661366113 28.2400682026145589
-36.5936593659365883 30.3332822347926019
-36.5736573657365724 66.0052796616050017
-36.5536553655365495 31.7580880320555110
-36.5336533653365336 14.7795921673689179
-36.5136513651365107 52.2165081383746070
-36.4936493649364877 41.0032829133432202
-36.4736473647364718 41.7563900140792441
-36.4536453645364489 73.0429277212974597
-36.4336433643364330 42.5193368250865902
-36.4136413641364101 50.7966266041805738
-36.3936393639363871 70.3934276737677749
-36.3736373637363712 44.6809199951287468
-36.3536353635363483 58.9369852762015896
-36.3336333633363324 101.7445743192557330
-36.3136313631363095 44.0608929106135179
-36.2936293629362936 27.3844577063685719
-36.2736273627362706 38.0232594975930738
-36.2536253625362477 78.0075501547863581
-36.2336233623362318 41.9946840722517578
-36.2136213621362089 53.7589287320887266
-36.1936193619361930 52.6805935239806118
-36.1736173617361700 45.1390055712434872
-36.1536153615361471 82.1785049594952994
-36.1336133613361312 66.5086016007724226
-36.1136113611361083 80.5718547166479055
-36.0936093609360924 52.1602631096000167
-36.0736073607360694 62.3173148322406121
-36.0536053605360536 42.3244121300590379
-36.0336033603360306 59.2778198647961574
-36.0136013601360077 62.8210649774201784
-35.9935993599359847 54.3271765166901304
-35.9735973597359759 46.8505483170941446
-35.9535953595359530 48.4892227565002756
-35.9335933593359300 71.6474753490178955
-35.9135913591359071 70.5022868964526879
-35.8935893589358841 42.7589640391624570
-35.8735873587358753 73.6426550895001526
-35.8535853585358524 66.6397849679848093
-35.8335833583358294 59.1878081672522995
-35.8135813581358065 89.1213196021981986
-35.7935793579357835 52.1517285358071092
-35.7735773577357747 52.1319182626154927
-35.7535753575357518 76.3811767394445411
-35.7335733573357288 37.8894384342989881
-35.7135713571357059 49.1385911078691109
-35.6935693569356971 24.1873862008977909
-35.6735673567356741 64.3047789261408980
-35.6535653565356512 28.9054593842650895
-35.6335633563356282 67.7783248713094366
-35.6135613561356053 45.3563008912095285
-35.5935593559355965 55.4585649224280246
-35.5735573557355735 66.6986756590290497
-35.5535553555355506 36.6681154168786918
-35.5335533553355276 47.5214494583199780
-35.5135513551355047 61.9416613084185315
-35.4935493549354959 55.5900209055081262
-35.4735473547354729 56.6444142916548614
-35.4535453545354500 52.5047716918086138
-35.4335433543354270 -1.7100071793075458
-35.4135413541354040 111.1743484976347389
-35.3935393539353953 58.3785965237616793
-35.3735373537353723 47.8787319965653637
-35.3535353535353494 47.2246179671316781
-35.3335333533353264 82.9432107706466439
-35.3135313531353034 57.7546366908394120
-35.2935293529352947 81.0244808046792002
-35.2735273527352717 76.9880922539843482
-35.2535253525352488 55.3023737978694641
-35.2335233523352258 38.5726155710085266
-35.2135213521352171 -14.2052562343200179
-35.1935193519351941 47.4413061737400312
-35.1735173517351711 48.0144338330865708
-35.1535153515351482 45.1338014657682010
-35.1335133513351252 51.0487950851892833
-35.1135113511351165 62.1618209238589614
-35.0935093509350935 49.6797065018993749
-35.0735073507350705 59.3743511715836760
-35.0535053505350476 0.1290148909462587
-35.0335033503350246 66.3469016654186134
-35.0135013501350159 67.0112895025477258
-34.9934993499349929 52.0223586662772988
-34.9734973497349699 63.3657523959795554
-34.9534953495349470 65.7584828632660106
-34.9334933493349240 85.6287240219560601
-34.9134913491349153 66.8461044026234958
-34.8934893489348923 49.2861877477668315
-34.8734873487348693 45.1381649321653029
-34.8534853485348464 72.6496582876174557
-34.8334833483348234 61.0278771470102086
-34.8134813481348147 39.0573539840127779
-34.7934793479347917 83.3191072428162443
-34.7734773477347687 30.9342350394367891
-34.7534753475347458 78.9059828035046849
-34.7334733473347370 58.0117309695415742
-34.7134713471347141 61.8698941685223005
-34.6934693469346911 54.2350320274218589
-34.6734673467346681 66.1621798101872258
-34.6534653465346452 32.3578802959159404
-34.6334633463346364 41.7643081069419111
-34.6134613461346134 47.6069785019108025
-34.5934593459345905 54.0182868808918784
-34.5734573457345675 55.4598363917339654
-34.5534553455345446 87.1532953675982043
-34.5334533453345358 35.9391826501409426
-34.5134513451345128 31.6516791218443281
-34.4934493449344899 58.2245586206615258
-34.4734473447344669 22.8292015187446182
-34.4534453445344440 37.2135080430411875
-34.4334433443344352 55.0357821943088723
-34.4134413441344122 53.2540960380495036
-34.3934393439343893 70.8985024790761287
-34.3734373437343663 41.7026518538525011
-34.3534353435343434 52.4656671675189941
-34.3334333433343346 65.3605843217858222
-34.3134313431343116 48.4915819182761965
-34.2934293429342887 78.3964432450293174
-34.2734273427342657 56.1650190467574149
-34.2534253425342570 77.2220165959335816
-34.2334233423342340 30.2283025339093854
-34.2134213421342110 18.8915128615593702
-34.1934193419341881 71.9769798433150925
-34.1734173417341651 52.3711038913987892
-34.1534153415341564 65.9326498924218924
-34.1334133413341334 46.5607600220007427
-34.1134113411341104 59.0712540845967595
-34.0934093409340875 67.5059027759139241
-34.0734073407340645 71.8624374333588349
-34.0534053405340558 41.1063593661415183
-34.0334033403340328 49.9617619090134113
-34.0134013401340098 69.3311943666150796
-33.9933993399339869 46.9015574308612244
-33.9733973397339639 50.8735800272749188
-33.9533953395339552 39.6523949879748585
-33.9333933393339322 53.1238256402833073
-33.9133913391339092 59.9594822114520412
-33.8933893389338863 55.7201008759232295
-33.8733873387338633 45.8013498278706237
-33.8533853385338546 43.8734668370643845
-33.8333833383338316 9.1500191912762290
-33.8133813381338086 59.4564974435553708
-33.7933793379337857 42.8850282030745191
-33.7733773377337769 36.5099144173920536
-33.7533753375337540 67.2972847768783993
-33.7333733373337310 79.2672341989326128
-33.7133713371337080 43.9830102080240195
-33.6933693369336851 64.8009280873908438
-33.6733673367336763 69.9145640535043356
-33.6533653365336534 25.7727825707627538
-33.6333633363336304 41.1800062223567096
-33.6133613361336074 57.2636909306293731
-33.5933593359335845 107.1209889039442089
-33.5733573357335757 49.9862935848923300
-33.5533553355335528 41.4604051162891380
-33.5333533353335298 42.4190202559297944
-33.5133513351335068 28.4064978295956685
-33.4933493349334839 48.1420419421825017
-33.4733473347334751 40.1940470905037444
-33.4533453345334522 60.8403017126027166
-33.4333433343334292 78.7035512895800622
-33.4133413341334062 40.7605581967667376
-33.3933393339333833 49.3103020826246166
-33.3733373337333745 68.9796871745828071
-33.3533353335333516 26.8124958079449414
-33.3333333333333286 39.9057856536358031
-33.3133313331333056 57.7572617757408011
-33.2933293329332969 48.0735800740545329
-33.2733273327332739 43.1221587851880841
-33.2533253325332510 71.1927737679477701
-33.2333233323332280 81.4504106245422577
-33.2133213321332050 50.9363226746589817
-33.1933193319331963 49.3555055387441826
-33.1733173317331733 38.0066440333765314
-33.1533153315331504 47.2626024418871751
-33.1333133313331274 15.9691890228060416
-33.1133113311331044 17.2991056254229250
-33.0933093309330957 66.7832733242652949
-33.0733073307330727 30.8575806342985146
-33.0533053305330498 43.9445711719089047
-33.0333033303330268 49.8879715902533931
-33.0133013301330038 43.7223786022101137
-32.9932993299329951 48.9339649065149658
-32.9732973297329721 64.7550265318454592
-32.9532953295329492 55.6548806816921271
-32.9332933293329262 25.1619115826410251
-32.9132913291329032 58.6213469939862080
-32.8932893289328945 67.4187118602157227
-32.8732873287328715 72.7738955433479475
-32.8532853285328486 43.2391512711267438
-32.8332833283328256 67.6180493832267331
-32.8132813281328168 43.4224188597050116
-32.7932793279327939 44.7207292964775576
-32.7732773277327709 84.2750272614393907
-32.7532753275327480 42.8053660544476244
-32.7332733273327250 63.8279550380968601
-32.7132713271327162 53.5551584568389529
-32.6932693269326933 17.4877264464935962
-32.6732673267326703 16.6706859368658940
-32.6532653265326474 61.3180785023525132
-32.6332633263326244 55.3304676426538435
-32.6132613261326156 76.4859207285178968
-32.5932593259325927 52.4135089721657650
-32.5732573257325697 41.6815606031739279
-32.5532553255325467 62.2435974048407274
-32.5332533253325238 74.9023472217142512
-32.5132513251325150 55.1221930476417299
-32.4932493249324921 47.0395793099534956
-32.4732473247324691 51.9768786862410224
-32.4532453245324461 38.4939167138656089
-32.4332433243324232 21.7296778272524875
-32.4132413241324144 13.0416916948946238
-32.3932393239323915 47.1515744364478309
-32.3732373237323685 79.9884538979213318
-32.3532353235323455 76.0432529182461536
-32.3332333233323368 59.5586931989382435
-32.3132313231323138 60.8341007140929193
-32.2932293229322909 76.1849511668080339
-32.2732273227322679 74.3994128455008479
-32.2532253225322449 46.7152590041829185
-32.2332233223322362 59.7670143973693229
-32.2132213221322132 54.9053867299679297
-32.1932193219321903 41.8871979462600237
-32.1732173217321673 46.5641785324746849
-32.1532153215321443 59.7872775584661440
-32.1332133213321356 38.8769234193747835
-32.1132113211321126 -1.4762120205676439
-32.0932093209320897 41.9178483054533757
-32.0732073207320667 46.7786808758884192
-32.0532053205320437 70.4284058581762906
-32.0332033203320350 60.4590392062722586
-32.0132013201320120 40.1735897749278408
-31.9931993199319891 41.9339370195128680
-31.9731973197319661 28.0180708667610325
-31.9531953195319431 54.2923723890421925
-31.9331933193319344 58.6495977582448020
-31.9131913191319114 51.8306457442512496
-31.8931893189318885 70.8314926501665809
-31.8731873187318655 60.0800769476329037
-31.8531853185318568 25.7534905857600620
-31.8331833183318338 5.2913120686308091
-31.8131813181318108 56.0400730204270019
-31.7931793179317879 52.4875666957322196
-31.7731773177317649 36.3344895499379561
-31.7531753175317561 28.8304369626590962
-31.7331733173317332 38.6975305119505890
-31.7131713171317102 27.4193889975934759
-31.6931693169316873 70.0148645597432306
-31.6731673167316643 25.3414578855530230
-31.6531653165316555 60.1494966623722860
-31.6331633163316326 39.5924489902348853
-31.6131613161316096 39.2031221445922640
-31.5931593159315867 55.0239277176970276
-31.5731573157315637 48.0799603551868699
-31.5531553155315549 38.3686013843055065
-31.5331533153315320 45.2217258535436244
-31.5131513151315090 52.6164523861016491
-31.4931493149314861 64.3849567471709889
-31.4731473147314631 51.3929802468995263
-31.4531453145314543 60.7090860724943155
-31.4331433143314314 49.8517843345600724
-31.4131413141314084 73.2480634912542001
-31.3931393139313855 51.2953042378573159
-31.3731373137313767 67.3201899846419138
-31.3531353135313537 77.2845812323940606
-31.3331333133313308 48.4739098796727319
-31.3131313131313078 44.7071690289540413
-31.2931293129312849 55.5434613804235084
-31.2731273127312761 73.6084400711743569
-31.2531253125312531 70.1879896947280315
-31.2331233123312302 50.7812690300484988
-31.2131213121312072 68.4245296994386933
-31.1931193119311843 71.1571904694876878
-31.1731173117311755 65.9456418729324838
-31.1531153115311525 34.2400743055272301
-31.1331133113311296 87.8903338287004203
-31.1131113111311066 83.6321417668339677
-31.0931093109310837 36.1367529435845896
-31.0731073107310749 44.5119598156090674
-31.0531053105310519 39.7467819463871308
-31.0331033103310290 13.8567840981125698
-31.0131013101310060 44.4420957175590274
-30.9930993099309831 30.3861486895603363
-30.9730973097309743 67.9747723654671745
-30.9530953095309513 28.7149741624525099
-30.9330933093309284 56.3410468952956407
-30.9130913091309054 32.7975105788354995
-30.8930893089308967 28.9701243898333836
-30.8730873087308737 27.7035953329041504
-30.8530853085308507 86.7942787960115965
-30.8330833083308278 28.6370113977988865
-30.8130813081308048 27.4192287282192062
-30.7930793079307961 72.7496114623179722
-30.7730773077307731 19.1374999101315879
-30.7530753075307501 27.5965565323627793
-30.7330733073307272 -7.1527680311200328
-30.7130713071307042 37.0559847137250102
-30.6930693069306955 61.1851357411407193
-30.6730673067306725 20.5536925118859735
-30.6530653065306495 47.3141972071611221
-30.6330633063306266 26.2046640360995120
-30.6130613061306036 95.7656454240636776
-30.5930593059305949 37.2836211882822468
-30.5730573057305719 38.6388456993712950
-30.5530553055305489 93.4479455142992776
-30.5330533053305260 70.6260323788795574
-30.5130513051305030 36.8499835093688972
-30.4930493049304943 34.8837940851556425
-30.4730473047304713 76.1107500871012519
-30.4530453045304483 53.4100184650021674
-30.4330433043304254 59.8607578161637690
-30.4130413041304166 76.5880537926832687
-30.3930393039303937 61.5429868473555359
-30.3730373037303707 27.3413688250867040
-30.3530353035303477 35.4950525165624455
-30.3330333033303248 53.8316252676371860
-30.3130313031303160 68.0999199655231848
-30.2930293029302931 61.3099785177835059
-30.2730273027302701 62.0708862310260230
-30.2530253025302471 73.4797187020377152
-30.2330233023302242 25.2963291602473994
-30.2130213021302154 31.4072518656212907
-30.1930193019301925 46.0279576310713097
-30.1730173017301695 59.2002271766538612
-30.1530153015301465 73.8837026603892042
-30.1330133013301236 73.8990312366792921
-30.1130113011301148 44.6553801339863767
-30.0930093009300919 36.4408899003127686
-30.0730073007300689 59.3560993117328835
-30.0530053005300459 59.9758548617441107
-30.0330033003300230 65.9701878483606663
-30.0130013001300142 56.3470440735648666
-29.9929992999299913 46.6005796478902070
-29.9729972997299683 72.3388091806281466
-29.9529952995299453 30.0999254592080341
-29.9329932993299366 9.0077039146332254
-29.9129912991299136 48.9645313804225495
-29.8929892989298907 53.1125717074311083
-29.8729872987298677 72.7952886468079612
-29.8529852985298447 33.6805091603390139
-29.8329832983298360 49.0936401839590602
-29.8129812981298130 -8.2325910623967928
-29.7929792979297901 44.4603574712608776
-29.7729772977297671 67.9009484197175226
-29.7529752975297441 23.4842487236982436
-29.7329732973297354 68.5807086063363300
-29.7129712971297124 58.9612911256320587
-29.6929692969296894 41.7057778385472062
-29.6729672967296665 52.1344613983273177
-29.6529652965296435 50.7953620962823678
-29.6329632963296348 36.3528013249455313
-29.6129612961296118 45.1247941671835520
-29.5929592959295888 26.5274137354141963
-29.5729572957295659 86.9914114992362641
-29.5529552955295429 10.3976151410122171
-29.5329532953295342 56.9281811592254456
-29.5129512951295112 42.6621749236618442
-29.4929492949294882 61.0875904206229663
-29.4729472947294653 33.8512113360306444
-29.4529452945294565 48.9698299041229674
-29.4329432943294336 66.5795340681133041
-29.4129412941294106 17.9624127484268712
-29.3929392939293876 66.0054130395780021
-29.3729372937293647 31.2836690232854906
-29.3529352935293559 53.5280403175733710
-29.3329332933293330 74.0775265655086343
-29.3129312931293100 72.3928164785257309
-29.2929292929292870 26.9827202365997536
-29.2729272927292641 53.8212565917567929
-29.2529252925292553 23.8856026040804110
-29.2329232923292324 45.0845936172840567
-29.2129212921292094 53.9178565513350492
-29.1929192919291864 54.6238460684957019
-29.1729172917291635 79.4585014198904958
-29.1529152915291547 23.3879113650496109
-29.1329132913291318 54.7317605113625234
-29.1129112911291088 29.0422663572731494
-29.0929092909290858 92.1752250635358763
-29.0729072907290629 46.1010522241850893
-29.0529052905290541 30.4281580598596975
-29.0329032903290312 60.1711755563770225
-29.0129012901290082 46.1664345748573908
-28.9928992899289852 54.7526886477471209
-28.9728972897289765 51.9042396185981474
-28.9528952895289535 52.3068123818352362
-28.9328932893289306 62.0085520113190398
-28.9128912891289076 36.7350050075848671
-28.8928892889288846 33.7802279610932530
-28.8728872887288759 83.7301501664501018
-28.8528852885288529 50.2737656950473237
-28.8328832883288300 36.2701526047491285
-28.8128812881288070 39.3441274554190485
-28.7928792879287840 43.3280633832319637
-28.7728772877287753 71.1176212884236634
-28.7528752875287523 31.8202025808519195
-28.7328732873287294 11.9725725243097827
-28.7128712871287064 51.3316892495440626
-28.6928692869286834 81.8703774162139126
-28.6728672867286747 35.6713816901462124
-28.6528652865286517 43.4267534008916201
-28.6328632863286288 53.9390439600655753
-28.6128612861286058 40.7947846994933911
-28.5928592859285828 22.9750283118351852
-28.5728572857285741 55.4014274726536016
-28.5528552855285511 30.8029929515932110
-28.5328532853285282 52.6764898471678009
-28.5128512851285052 59.7662273220870546
-28.4928492849284964 51.5324049514589007
-28.4728472847284735 77.7207004748411094
-28.4528452845284505 96.6640846460353202
-28.4328432843284276 25.6793879805091869
-28.4128412841284046 43.8067376117795817
-28.3928392839283958 39.8672441508696664
-28.3728372837283729 36.6723480845483962
-28.3528352835283499 29.4020562624592827
-28.3328332833283270 25.4171404060994917
-28.3128312831283040 56.9538133705858556
-28.2928292829282952 71.4887717462419232
-28.2728272827282723 64.2187170100449691
-28.2528252825282493 39.5957303066198065
-28.2328232823282264 28.8585956454394648
-28.2128212821282034 26.5519998578514489
-28.1928192819281946 18.6373003528347638
-28.1728172817281717 37.8027689338780206
-28.1528152815281487 65.2172058188603359
-28.1328132813281258 10.3633397474537858
-28.1128112811281028 67.4142461558953272
-28.0928092809280940 72.0683639890654888
-28.0728072807280711 53.7050161783742652
-28.0528052805280481 39.5410685720090100
-28.0328032803280252 31.6193223765265365
-28.0128012801280022 66.0253642835233308
-27.9927992799279934 76.8303747022421675
-27.9727972797279705 66.4909762209655497
-27.9527952795279475 72.3238289150066862
-27.9327932793279246 54.5403312791953496
-27.9127912791279158 28.1188180818513054
-27.8927892789278928 60.4205322888541119
-27.8727872787278699 48.2289391442521662
-27.8527852785278469 83.6534198932394304
-27.8327832783278240 31.3765179782874881
-27.8127812781278152 47.0569145382698792
-27.7927792779277922 48.6838605550258237
-27.7727772777277693 56.6504556621972810
-27.7527752775277463 51.8173458290287172
-27.7327732773277233 75.0513413417290565
-27.7127712771277146 20.5676595507565452
-27.6927692769276916 57.7765386242257222
-27.6727672767276687 -6.8390166895011149
-27.6527652765276457 67.2566226535637242
-27.6327632763276227 66.1338362180056123
-27.6127612761276140 62.1707350528482152
-27.5927592759275910 39.2619501227718430
-27.5727572757275681 58.7110311136071914
-27.5527552755275451 55.7929851766728149
-27.5327532753275221 60.0324184224616531
-27.5127512751275134 19.2287423892931102
-27.4927492749274904 34.6385010990936024
-27.4727472747274675 11.0235351789406408
-27.4527452745274445 34.2416783580177935
-27.4327432743274358 55.0501772239891380
-27.4127412741274128 50.2330117169428050
-27.3927392739273898 25.0534390570598937
-27.3727372737273669 37.5269052195174382
-27.3527352735273439 54.7752542297249576
-27.3327332733273352 27.1000795939179504
-27.3127312731273122 54.7391685758268309
-27.2927292729272892 22.6852727579236415
-27.2727272727272663 44.4240226707722456
-27.2527252725272433 68.4313958456553024
-27.2327232723272346 48.5899000868603181
-27.2127212721272116 48.8587318741042509
-27.1927192719271886 45.2040805724616845
-27.1727172717271657 37.4412534299186461
-27.1527152715271427 67.6297188294107485
-27.1327132713271340 55.1007407200795569
-27.1127112711271110 36.7778666310206361
-27.0927092709270880 33.0693668631295026
-27.0727072707270651 57.4118405305668986
-27.0527052705270421 59.9188131705026308
-27.0327032703270334 -5.6546144278998014
-27.0127012701270104 58.2985629226766093
-26.9926992699269874 35.4276452582566890
-26.9726972697269645 45.3683051231659533
-26.9526952695269557 58.7604629920959951
-26.9326932693269328 36.4250680787877101
-26.9126912691269098 31.3469795077179540
-26.8926892689268868 17.4167567345873451
-26.8726872687268639 61.8841410619385783
-26.8526852685268551 14.9400369822896941
-26.8326832683268321 -3.1231465831436722
-26.8126812681268092 47.1860094787384128
-26.7926792679267862 48.2710133683289371
-26.7726772677267633 66.5117376572047334
-26.7526752675267545 37.1541333213203586
-26.7326732673267315 43.2425379863423558
-26.7126712671267086 74.1611210134092715
-26.6926692669266856 80.5889664485527106
-26.6726672667266627 49.6994167378486722
-26.6526652665266539 68.5490905576563136
-26.6326632663266309 52.8093472972617874
-26.6126612661266080 64.7173987260245553
-26.5926592659265850 5.9094549547826247
-26.5726572657265621 16.0334532898713995
-26.5526552655265533 67.2863584043167435
-26.5326532653265303 69.3597066817665393
-26.5126512651265074 22.4184697099729178
-26.4926492649264844 56.0998715142851694
-26.4726472647264757 66.8925871081085859
-26.4526452645264527 54.6111338085418296
-26.4326432643264297 52.7024763819254645
-26.4126412641264068 58.5936782216652574
-26.3926392639263838 8.4988056754271000
-26.3726372637263751 61.4567287200759367
-26.3526352635263521 74.8674642978823499
-26.3326332633263291 58.1811061628983097
-26.3126312631263062 61.8440450608104584
-26.2926292629262832 31.4246684214053360
-26.2726272627262745 52.6398415507071675
-26.2526252625262515 27.4772539163378937
-26.2326232623262285 51.4706014240252259
-26.2126212621262056 47.7677350043367994
-26.1926192619261826 49.2986462672997447
-26.1726172617261739 58.6590225352874342
-26.1526152615261509 42.2929185269276928
-26.1326132613261279 26.0403472842593082
-26.1126112611261050 48.6992010964696931
-26.0926092609260820 65.5771344360910433
-26.0726072607260733 44.2661480466065456
-26.0526052605260503 40.1261444888613710
-26.0326032603260273 72.8172667260884054
-26.0126012601260044 43.1850012477211109
-25.9925992599259956 47.7211104003363360
-25.9725972597259727 32.7911760003999930
-25.9525952595259497 70.5850384145167027
-25.9325932593259267 36.7306270566190420
-25.9125912591259038 -0.3644975744845596
-25.8925892589258950 17.8736959701644729
-25.8725872587258721 58.0897745649065271
-25.8525852585258491 58.9624750195285117
-25.8325832583258261 21.0955563576811294
-25.8125812581258032 20.7884516470850862
-25.7925792579257944 53.6706776246316792
-25.7725772577257715 16.0874034129802013
-25.7525752575257485 79.9887905594246007
-25.7325732573257255 41.1687655384538900
-25.7125712571257026 21.5705574019485518
-25.6925692569256938 75.3013589925260334
-25.6725672567256709 42.1476151760715254
-25.6525652565256479 18.2697681105702969
-25.6325632563256249 42.6614015057842622
-25.6125612561256020 58.5754423193081166
-25.5925592559255932 22.3537340656619392
-25.5725572557255703 22.3141841714920446
-25.5525552555255473 44.7787704726079028
-25.5325532553255243 55.3909739221833490
-25.5125512551255156 55.1266511050463279
-25.4925492549254926 39.3036782864800500
-25.4725472547254697 46.8334502017058654
-25.4525452545254467 48.6051605768974611
-25.4325432543254237 33.8820510294212340
-25.4125412541254150 5.3138105073187063
-25.3925392539253920 31.1907427533000359
-25.3725372537253691 37.9868613288951451
-25.3525352535253461 33.1197460367227023
-25.3325332533253231 42.3447774119939453
-25.3125312531253144 45.3275059597446486
-25.2925292529252914 52.1255254317626608
-25.2725272527252685 44.2372694436809581
-25.2525252525252455 9.9916874474609969
-25.2325232523252225 55.3937449144766347
-25.2125212521252138 15.1053676376608337
-25.1925192519251908 9.4647297375589261
-25.1725172517251679 24.6086946670442401
-25.1525152515251449 61.3326129673516363
-25.1325132513251219 71.0410101623501049
-25.1125112511251132 59.6142914489246039
-25.0925092509250902 65.9940329788969677
-25.0725072507250673 41.4166670340470162
-25.0525052505250443 49.3804392791519149
-25.0325032503250355 52.3015011702693329
-25.0125012501250126 47.9103254895117345
-24.9924992499249896 30.7581626461772082
-24.9724972497249667 10.4307718157044249
-24.9524952495249437 94.2545895323579259
-24.9324932493249349 89.2416473774254371
-24.9124912491249120 34.9426273222104200
-24.8924892489248890 40.4392354769138294
-24.8724872487248660 44.4531887831778860
-24.8524852485248431 4.2061192074834608
-24.8324832483248343 46.6139103305863145
-24.8124812481248114 52.2600778873880145
-24.7924792479247884 36.7653690686108305
-24.7724772477247654 61.2229357434381996
-24.7524752475247425 50.6243456218293844
-24.7324732473247337 29.0376781212551478
-24.7124712471247108 46.4520364727407511
-24.6924692469246878 29.0194599564927174
-24.6724672467246648 46.7046393587171877
-24.6524652465246419 13.1971877481118938
-24.6324632463246331 51.5159680566562059
-24.6124612461246102 62.1946739377432749
-24.5924592459245872 59.0010013147592218
-24.5724572457245642 17.1090335322596552
-24.5524552455245555 30.9936511341973961
-24.5324532453245325 33.1569734536571872
-24.5124512451245096 19.6630794473136419
-24.4924492449244866 58.7903763385560438
-24.4724472447244636 58.7988031080775500
-24.4524452445244549 39.6888351985267320
-24.4324432443244319 32.2341847432001884
-24.4124412441244090 61.4209289243755165
-24.3924392439243860 17.8591184994021646
-24.3724372437243630 45.5499075210881870
-24.3524352435243543 43.8470821144188392
-24.3324332433243313 19.9153485426579309
-24.3124312431243084 78.8935470351608643
-24.2924292429242854 65.0873855568432731
-24.2724272427242624 62.4670660925073946
-24.2524252425242537 19.8187149006881285
-24.2324232423242307 26.9486130666026256
-24.2124212421242078 0.9918917396867073
-24.1924192419241848 22.6460704336858818
-24.1724172417241618 50.2516793138863562
-24.1524152415241531 36.8028351944781491
-24.1324132413241301 39.8513055888390184
-24.1124112411241072 17.1816258601636527
-24.0924092409240842 34.4041865426717592
-24.0724072407240755 41.5945779570028336
-24.0524052405240525 36.2917048776415783
-24.0324032403240295 56.2158781007494355
-24.0124012401240066 52.6442326582012612
-23.9923992399239836 14.8651316855679632
-23.9723972397239748 41.2468407598699187
-23.9523952395239519 66.6839618333091266
-23.9323932393239289 94.2610690527399413
-23.9123912391239060 27.8579994415971655
-23.8923892389238830 60.9321683016115827
-23.8723872387238742 22.0800262078389977
-23.8523852385238513 54.1012190423462158
-23.8323832383238283 32.2188783210851000
-23.8123812381238054 65.9079044563939931
-23.7923792379237824 31.7298052825806565
-23.7723772377237736 42.2748463483498753
-23.7523752375237507 38.2816290793010552
-23.7323732373237277 63.6546820369931652
-23.7123712371237048 26.5166575687111639
-23.6923692369236818 23.9806829833613477
-23.6723672367236730 30.4609268710255350
-23.6523652365236501 38.7481122045544240
-23.6323632363236271 19.4393951221922521
-23.6123612361236042 41.7964044377641670
-23.5923592359235954 27.6251714644891564
-23.5723572357235724 6.1643879710834000
-23.5523552355235495 50.1764227725697722
-23.5323532353235265 52.6975668215013116
-23.5123512351235036 24.0035768408218466
-23.4923492349234948 49.6713965572537717
-23.4723472347234718 39.7630781878679116
-23.4523452345234489 28.7656485375359914
-23.4323432343234259 18.3778656232950652
-23.4123412341234030 32.3134141048600867
-23.3923392339233942 29.6344765372364876
-23.3723372337233712 50.0247414899555025
-23.3523352335233483 74.2763172714542748
-23.3323332333233253 24.6891262207322271
-23.3123312331233024 49.9029146291595254
-23.2923292329232936 42.0725055880064360
-23.2723272327232706 31.8207956873689639
-23.2523252325232477 50.5283351932677220
-23.2323232323232247 19.7151840211218428
-23.2123212321232018 17.6742286964205029
-23.1923192319231930 11.1174545787481165
-23.1723172317231700 14.0122920457551388
-23.1523152315231471 -12.0603620147143644
-23.1323132313231241 19.0568952147678843
-23.1123112311231154 11.7400968577776688
-23.0923092309230924 42.1248471336884762
-23.0723072307230694 18.9715473339098146
-23.0523052305230465 43.8993924421687254
-23.0323032303230235 41.1878491073371649
-23.0123012301230148 55.5911755584022629
-22.9922992299229918 40.2548337012164552
-22.9722972297229688 38.5727175110099338
-22.9522952295229459 61.5795879981104264
-22.9322932293229229 51.8621066898256302
-22.9122912291229142 78.0643379290097243
-22.8922892289228912 29.4851818059260893
-22.8722872287228682 64.4760217266504441
-22.8522852285228453 52.1145689031119090
-22.8322832283228223 64.2283968784754364
-22.8122812281228136 35.8753004022251503
-22.7922792279227906 20.8147067624980977
-22.7722772277227676 63.7507147946466972
-22.7522752275227447 44.1013707702532187
-22.7322732273227217 55.9655456440901276
-22.7122712271227130 9.9463770612455562
-22.6922692269226900 62.4700973579653294
-22.6722672267226670 51.8636556818540910
-22.6522652265226441 47.4493520948542056
-22.6322632263226353 61.6856313338737294
-22.6122612261226124 42.7659912614526334
-22.5922592259225894 49.8063349784911438
-22.5722572257225664 41.1645022102388936
-22.5522552255225435 14.4842800102209814
-22.5322532253225347 18.0252395586451257
-22.5122512251225118 18.0119744054741844
-22.4922492249224888 39.0923104769308978
-22.4722472247224658 21.6412138781700882
-22.4522452245224429 71.7058667005237425
-22.4322432243224341 72.0181128720438153
-22.4122412241224112 75.1445007307177377
-22.3922392239223882 29.2949389837616749
-22.3722372237223652 69.2383641046374407
-22.3522352235223423 54.4669825126996585
-22.3322332233223335 26.8830093022594241
-22.3122312231223106 44.0789549357042532
-22.2922292229222876 53.9019704924466225
-22.2722272227222646 42.0120031613190363
-22.2522252225222417 24.4495691030531077
-22.2322232223222329 71.4442631578442047
-22.2122212221222100 56.9101270263958838
-22.1922192219221870 58.1497963143422680
-22.1722172217221640 39.6184825821656545
-22.1522152215221553 44.5373332532016377
-22.1322132213221323 41.4404638947268467
-22.1122112211221094 16.2261155204208087
-22.0922092209220864 21.3433165146212893
-22.0722072207220634 69.1824788376608808
-22.0522052205220547 58.3108785538442262
-22.0322032203220317 32.3318170645638432
-22.0122012201220087 71.7269523963372251
-21.9921992199219858 61.4443929571558627
-21.9721972197219628 34.4471935984813626
-21.9521952195219541 40.5663057838898808
-21.9321932193219311 49.9023373910841315
-21.9121912191219081 44.3463062399534564
-21.8921892189218852 55.7962884247804922
-21.8721872187218622 64.8821922764503114
-21.8521852185218535 32.0057878040284862
-21.8321832183218305 56.2029434049562155
-21.8121812181218075 23.6471289329488457
-21.7921792179217846 42.3090628767134831
-21.7721772177217616 45.6762371301758279
-21.7521752175217529 13.0231084275664237
-21.7321732173217299 1.9393482532278696
-21.7121712171217069 64.7707029504690865
-21.6921692169216840 43.2231768025625271
-21.6721672167216752 18.7896048493232932
-21.6521652165216523 43.2216017896839659
-21.6321632163216293 44.6013762424731155
-21.6121612161216063 15.3200942416400387
-21.5921592159215834 35.7193743439702516
-21.5721572157215746 -1.7796306999767424
-21.5521552155215517 58.3118188587194339
-21.5321532153215287 31.2743334382167788
-21.5121512151215057 43.2850309828481343
-21.4921492149214828 13.8700140379686374
-21.4721472147214740 33.7572801437853016
-21.4521452145214511 72.0839921859132176
-21.4321432143214281 26.4305011761199893
-21.4121412141214051 27.7014380216671512
-21.3921392139213822 17.7620304208549520
-21.3721372137213734 45.4871037404969343
-21.3521352135213505 10.9285472578729319
-21.3321332133213275 13.3665430454496814
-21.3121312131213045 17.9600497941529653
-21.2921292129212816 31.9627687265825102
-21.2721272127212728 19.7338881267161241
-21.2521252125212499 18.8663386691566330
-21.2321232123212269 46.0228432446978317
-21.2121212121212039 84.1602778843436283
-21.1921192119211952 24.2655271747725187
-21.1721172117211722 30.4460974668419802
-21.1521152115211493 18.8059636119438807
-21.1321132113211263 49.9103292167574040
-21.1121112111211033 10.6443987998682879
-21.0921092109210946 45.7448065714999146
-21.0721072107210716 52.9952960136091491
-21.0521052105210487 47.1543025281647985
-21.0321032103210257 43.0263821253270677
-21.0121012101210027 18.9815475938002614
-20.9920992099209940 55.5826835167946314
-20.9720972097209710 40.1538494988857835
-20.9520952095209481 21.2147970967707487
-20.9320932093209251 36.9136074842737614
-20.9120912091209021 36.3998075538789791
-20.8920892089208934 27.2071444758729797
-20.8720872087208704 27.4386479372430365
-20.8520852085208475 35.2011557720161221
-20.8320832083208245 21.3095696957453633
-20.8120812081208015 14.0783219123480023
-20.7920792079207928 29.8764608630494415
-20.7720772077207698 59.9811177472380876
-20.7520752075207469 29.6861916646914459
-20.7320732073207239 42.3875884919857810
-20.7120712071207151 47.0570516822726432
-20.6920692069206922 42.6292161809492143
-20.6720672067206692 51.2578022880931101
-20.6520652065206463 51.0912507451881623
-20.6320632063206233 2.7182532511031496
-20.6120612061206145 10.1848174934375990
-20.5920592059205916 12.7288126621398661
-20.5720572057205686 60.1064345393340460
-20.5520552055205457 22.8851379799666574
-20.5320532053205227 24.5618282743109120
-20.5120512051205139 18.1478713602564561
-20.4920492049204910 37.9220041529367080
-20.4720472047204680 28.7754692895204656
-20.4520452045204451 46.6112119604507882
-20.4320432043204221 27.7735091871803235
-20.4120412041204133 20.8086796037090167
-20.3920392039203904 65.0280008358254520
-20.3720372037203674 31.3561507593918556
-20.3520352035203445 30.9626134985249024
-20.3320332033203215 64.5211138005083740
-20.3120312031203127 73.7221654127169757
-20.2920292029202898 37.7442021943804917
-20.2720272027202668 42.3965531404851035
-20.2520252025202439 21.1497522035188013
-20.2320232023202351 13.8435211517970345
-20.2120212021202121 43.5271607876347133
-20.1920192019201892 23.6061239614106952
-20.1720172017201662 60.7170621282047591
-20.1520152015201433 52.3729019726910963
-20.1320132013201345 23.1977614490259256
-20.1120112011201115 60.7249066911551338
-20.0920092009200886 6.0332595585520679
-20.0720072007200656 49.8699096723561297
-20.0520052005200426 38.2676849789720634
-20.0320032003200339 48.3551106354756968
-20.0120012001200109 34.1891974713485922
-19.9919991999199880 40.4021232677890580
-19.9719971997199650 64.8949993465101613
-19.9519951995199420 32.8161951301828196
-19.9319931993199333 2.3823685094243459
-19.9119911991199103 19.2689646358085831
-19.8919891989198874 31.3988911955970593
-19.8719871987198644 26.8202810483931131
-19.8519851985198414 25.3535210376510349
-19.8319831983198327 17.5576443288894950
-19.8119811981198097 37.0688659833909853
-19.7919791979197868 43.9691126387224074
-19.7719771977197638 53.0182252834366210
-19.7519751975197551 12.3451989510770908
-19.7319731973197321 29.6177538208108686
-19.7119711971197091 60.6244745580453070
-19.6919691969196862 29.6052660134163972
-19.6719671967196632 24.3489829727870166
-19.6519651965196545 19.4950653500869038
-19.6319631963196315 51.5150956432136695
-19.6119611961196085 33.8187271843174031
-19.5919591959195856 21.0373631270136272
-19.5719571957195626 43.1592768071499080
-19.5519551955195539 -17.7766252385157273
-19.5319531953195309 31.6419598089021292
-19.5119511951195079 42.7495810636676197
-19.4919491949194850 42.5691785598653496
-19.4719471947194620 36.1776808286514679
-19.4519451945194533 27.3441090114572312
-19.4319431943194303 24.7463296725966941
-19.4119411941194073 13.2282660304347495
-19.3919391939193844 43.7226887756764953
-19.3719371937193614 42.0385266913264317
-19.3519351935193527 26.0541997544481063
-19.3319331933193297 34.2399702117978748
-19.3119311931193067 34.6289077332242243
-19.2919291929192838 29.3062103723470422
-19.2719271927192750 48.9034614680309829
-19.2519251925192521 36.2560633232474316
-19.2319231923192291 49.8283394264333310
-19.2119211921192061 58.7225996067238540
-19.1919191919191832 51.8006172399653622
-19.1719171917191744 36.2273668190626097
-19.1519151915191514 28.1580179651275522
-19.1319131913191285 17.2005246575532311
-19.1119111911191055 46.5111154972676744
-19.0919091909190826 42.6435919761240640
-19.0719071907190738 48.4241866063966881
-19.0519051905190508 38.4099333616677399
-19.0319031903190279 36.8838041949937008
-19.0119011901190049 60.1995544173536246
-18.9918991899189820 9.0505262481627824
-18.9718971897189732 31.5529900469303932
-18.9518951895189502 22.0444932105345686
-18.9318931893189273 32.2395881420641643
-18.9118911891189043 37.1983325388443404
-18.8918891889188814 17.6436872793722657
-18.8718871887188726 0.2138584677335231
-18.8518851885188496 56.2824472411697769
-18.8318831883188267 28.8080044377636355
-18.8118811881188037 -10.4401966687632566
-18.7918791879187950 25.5940511397820671
-18.7718771877187720 13.1958323617047455
-18.7518751875187490 61.2449859541358563
-18.7318731873187261 18.6509264554757124
-18.7118711871187031 44.2349534003141329
-18.6918691869186944 29.7552459466435586
-18.6718671867186714 32.3403307464470799
-18.6518651865186484 23.5485638959433068
-18.6318631863186255 25.6168210040315287
-18.6118611861186025 -2.8581575007916271
-18.5918591859185938 66.0877726468862932
-18.5718571857185708 20.3342031687286067
-18.5518551855185478 -4.1303932614440129
-18.5318531853185249 43.1024455048441268
-18.5118511851185019 31.5759627534679375
-18.4918491849184932 -3.1881010625073998
-18.4718471847184702 32.1269899495220272
-18.4518451845184472 27.2704441821263792
-18.4318431843184243 11.0613793281152368
-18.4118411841184013 26.6686980932400992
-18.3918391839183926 23.4451395941077116
-18.3718371837183696 22.9261875222479645
-18.3518351835183466 38.4890616075524505
-18.3318331833183237 30.8935899687539468
-18.3118311831183149 44.3404162164374398
-18.2918291829182920 35.2252237534261710
-18.2718271827182690 20.3159025011395400
-18.2518251825182460 23.1775825121547783
-18.2318231823182231 26.7056600624805327
-18.2118211821182143 35.8292774815939552
-18.1918191819181914 79.2996447309858041
-18.1718171817181684 15.8975128518962201
-18.1518151815181454 62.7482251089283665
-18.1318131813181225 46.0562047476278309
-18.1118111811181137 51.2639782468332044
-18.0918091809180908 38.1423961857776419
-18.0718071807180678 50.2022918277767616
-18.0518051805180448 63.7173033588512112
-18.0318031803180219 38.6874099132901819
-18.0118011801180131 41.0632128984855740
-17.9917991799179902 21.8134863569529003
-17.9717971797179672 44.5732480865881442
-17.9517951795179442 35.8812075249103728
-17.9317931793179213 46.8404161742664584
-17.9117911791179125 15.0681589810913188
-17.8917891789178896 70.9179626633521707
-17.8717871787178666 61.2679929136144210
-17.8517851785178436 62.3834781887490664
-17.8317831783178207 36.9091967271716044
-17.8117811781178119 17.3176682823714074
-17.7917791779177890 47.7060251011662118
-17.7717771777177660 30.9458967223338774
-17.7517751775177430 62.4609644517337159
-17.7317731773177343 55.2639465592758228
-17.7117711771177113 -16.0961123166026852
-17.6917691769176884 13.3199931444470927
-17.6717671767176654 22.9523551219222028
-17.6517651765176424 26.8044632934882578
-17.6317631763176337 15.2538825395446267
-17.6117611761176107 78.1042395373085014
-17.5917591759175878 35.2293267556530907
-17.5717571757175648 22.8462916646495628
-17.5517551755175418 57.5601322430135340
-17.5317531753175331 54.9192916660342831
-17.5117511751175101 41.8857399178684204
-17.4917491749174872 45.4476890809151399
-17.4717471747174642 29.6147946271832261
-17.4517451745174412 33.3221909369467326
-17.4317431743174325 30.1211286270212319
-17.4117411741174095 3.7034692943418079
-17.3917391739173866 -10.4252945759626741
-17.3717371737173636 17.1187172494163420
-17.3517351735173406 32.4426679034894505
-17.3317331733173319 21.0979610079940798
-17.3117311731173089 13.9352736370242880
-17.2917291729172860 -5.7568381350029618
-17.2717271727172630 -0.3899636384914871
-17.2517251725172542 21.9538928809704572
-17.2317231723172313 28.1545150296712734
-17.2117211721172083 13.2316829345420928
-17.1917191719171853 26.6560476495560508
-17.1717171717171624 19.8818110419891418
-17.1517151715171536 31.1362088579281533
-17.1317131713171307 6.7372526126369188
-17.1117111711171077 39.1579149289232618
-17.0917091709170847 28.8154412908191517
-17.0717071707170618 25.0304358746989095
-17.0517051705170530 5.7573266880748974
-17.0317031703170301 -17.5668292126196270
-17.0117011701170071 54.2064497360477802
-16.9916991699169841 28.4043579936264123
-16.9716971697169612 16.6135908678972442
-16.9516951695169524 58.8941123846008310
-16.9316931693169295 10.0164070166267400
-16.9116911691169065 44.6906629677519049
-16.8916891689168835 19.9387302973163152
-16.8716871687168606 32.9799684862171176
-16.8516851685168518 37.7419877468973084
-16.8316831683168289 23.7649074169493915
-16.8116811681168059 58.7064161793892083
-16.7916791679167829 32.1916877398075982
-16.7716771677167742 8.1095182473711880
-16.7516751675167512 16.7901518132456786
-16.7316731673167283 53.8825129286765190
-16.7116711671167053 59.1431776677649026
-16.6916691669166823 2.5279150335829605
-16.6716671667166736 26.5537187939022736
-16.6516651665166506 33.3751271406138201
-16.6316631663166277 19.9160400548442311
-16.6116611661166047 27.3217632079113741
-16.5916591659165817 57.8219711073323452
-16.5716571657165730 -12.2068031396921555
-16.5516551655165500 30.3244386469550449
-16.5316531653165271 12.1357577417347322
-16.5116511651165041 31.7819100376292631
-16.4916491649164811 45.0759650528323590
-16.4716471647164724 28.5707864002412428
-16.4516451645164494 32.9848284510583625
-16.4316431643164265 19.1253921385089143
-16.4116411641164035 -4.6066907878241494
-16.3916391639163805 6.3523518979604923
-16.3716371637163718 28.0017487606627640
-16.3516351635163488 36.2005040343339530
-16.3316331633163259 31.0025873421312603
-16.3116311631163029 39.7589069837785445
-16.2916291629162941 14.0834180054825762
-16.2716271627162712 41.0257750582718472
-16.2516251625162482 37.0895181577370607
-16.2316231623162253 4.4203713476869595
-16.2116211621162023 -7.4484581646771595
-16.1916191619161935 22.5059406866478255
-16.1716171617161706 -8.1625826603455494
-16.1516151615161476 18.4466209273496666
-16.1316131613161247 27.4796910028970203
-16.1116111611161017 24.4057872721564095
-16.0916091609160929 -21.2264252148559507
-16.0716071607160700 1.0070464755213422
-16.0516051605160470 12.5542234500715360
-16.0316031603160241 40.2782349765591334
-16.0116011601160011 60.2096862897752914
-15.9915991599159923 13.1098257110144800
-15.9715971597159694 29.4377745659244283
-15.9515951595159464 12.8454003643428436
-15.9315931593159235 28.1794970396218503
-15.9115911591159005 6.6449403821156210
-15.8915891589158917 11.4957581110654523
-15.8715871587158688 32.9290037575930512
-15.8515851585158458 -11.3509644449572775
-15.8315831583158229 44.2112105616099242
-15.8115811581158141 -3.9375464532684568
-15.7915791579157911 28.6844606996408942
-15.7715771577157682 30.9818255813858237
-15.7515751575157452 -11.3886070940329880
-15.7315731573157223 36.7829644043978874
-15.7115711571157135 55.3552736988979390
-15.6915691569156905 4.7097326683077689
-15.6715671567156676 5.1720619442811433
-15.6515651565156446 31.8883474744484943
-15.6315631563156217 63.2920405212044628
-15.6115611561156129 -6.5121709551709088
-15.5915591559155899 36.4643511065938810
-15.5715571557155670 47.0373451938247911
-15.5515551555155440 13.1093947103417037
-15.5315531553155211 48.7631243490602984
-15.5115511551155123 34.7324685358262570
-15.4915491549154893 37.6422098994779262
-15.4715471547154664 39.5395513492938804
-15.4515451545154434 31.7437198191538741
-15.4315431543154205 13.2557455775264490
-15.4115411541154117 12.4959102953495211
-15.3915391539153887 31.9029165408218276
-15.3715371537153658 33.6241986552381391
-15.3515351535153428 38.2130400307575542
-15.3315331533153341 29.1228238881362458
-15.3115311531153111 32.6529788557753662
-15.2915291529152881 24.9974840284946112
-15.2715271527152652 8.5841680786470604
-15.2515251525152422 55.7958119156112531
-15.2315231523152335 37.0386399260653718
-15.2115211521152105 50.8157800064846441
-15.1915191519151875 2.3653297415761685
-15.1715171517151646 17.8726371613063577
-15.1515151515151416 13.3518011723821708
-15.1315131513151329 27.5417715431114090
-15.1115111511151099 25.1079082398968794
-15.0915091509150869 27.5473328824955992
-15.0715071507150640 58.1909467782307530
-15.0515051505150410 18.6162229368978913
-15.0315031503150323 46.6566470973101275
-15.0115011501150093 -11.9161830958378374
-14.9914991499149863 29.5115006873799999
-14.9714971497149634 42.8032216062838771
-14.9514951495149404 21.0532199760223975
-14.9314931493149317 -2.0837717954646102
-14.9114911491149087 50.4532580923744760
-14.8914891489148857 10.7087800479317181
-14.8714871487148628 20.9838880052599528
-14.8514851485148540 26.8007117749408685
-14.8314831483148311 19.2649720633268799
-14.8114811481148081 41.9207615262867108
-14.7914791479147851 61.5958175155188030
-14.7714771477147622 54.5853037360795099
-14.7514751475147534 7.3198556019765100
-14.7314731473147305 29.5858653324705401
-14.7114711471147075 32.5794579396454154
-14.6914691469146845 48.8429333201232936
-14.6714671467146616 53.8427482384492464
-14.6514651465146528 -36.1006753874042587
-14.6314631463146299 32.6854601950400152
-14.6114611461146069 33.9167941908800898
-14.5914591459145839 9.7384358623578855
-14.5714571457145610 54.1813782983849421
-14.5514551455145522 24.7852296842390487
-14.5314531453145293 19.5853091051916657
-14.5114511451145063 39.6819570493040743
-14.4914491449144833 -1.2666249025498679
-14.4714471447144604 57.9074207423465737
-14.4514451445144516 9.4871879211802579
-14.4314431443144287 53.0533713558404685
-14.4114411441144057 14.6982191239431899
-14.3914391439143827 23.3425911034379112
-14.3714371437143740 14.2920485385657550
-14.3514351435143510 33.6611812126053707
-14.3314331433143280 -0.8773321145120150
-14.3114311431143051 51.5263942239699730
-14.2914291429142821 11.8395890025026969
-14.2714271427142734 32.7868734339060097
-14.2514251425142504 21.9365824821654769
-14.2314231423142274 29.8583694651776810
-14.2114211421142045 19.8895209528285939
-14.1914191419141815 59.4172844302737886
-14.1714171417141728 50.1889570393793392
-14.1514151415141498 -3.4914672784529621
-14.1314131413141268 21.9247783437138430
-14.1114111411141039 30.6188965807295901
-14.0914091409140809 39.3638939068769957
-14.0714071407140722 49.8548930827449297
-14.0514051405140492 23.1301642735499122
-14.0314031403140262 40.0042384892764105
-14.0114011401140033 0.6729759431510765
-13.9913991399139803 38.6694344091721973
-13.9713971397139716 19.4434664157531998
-13.9513951395139486 11.8032802730221817
-13.9313931393139256 36.9553536104109241
-13.9113911391139027 50.8245651125586733
-13.8913891389138939 7.9131620984801998
-13.8713871387138710 54.3451170232281555
-13.8513851385138480 28.9457815729702119
-13.8313831383138250 32.6527525803542957
-13.8113811381138021 3.2107566443128377
-13.7913791379137933 51.1071182519280569
-13.7713771377137704 53.6919089348650687
-13.7513751375137474 7.2385925716353050
-13.7313731373137244 31.1432269729105471
-13.7113711371137015 31.9524319658744957
-13.6913691369136927 15.8841920944771093
-13.6713671367136698 50.1649622524799170
-13.6513651365136468 29.1538630644797792
-13.6313631363136238 12.2374963444531204
-13.6113611361136009 9.0102221072758368
-13.5913591359135921 59.9009464299935104
-13.5713571357135692 13.1295223171462947
-13.5513551355135462 -4.7352152979132889
-13.5313531353135232 16.9643288225178566
-13.5113511351135003 43.5387533054530564
-13.4913491349134915 30.1250503328777306
-13.4713471347134686 17.8457759671926937
-13.4513451345134456 35.0189783627359503
-13.4313431343134226 26.3389742682062256
-13.4113411341134139 -16.4571974521696234
-13.3913391339133909 18.9920425403165218
-13.3713371337133680 -2.1061233009065212
-13.3513351335133450 23.1860420467476160
-13.3313331333133220 19.5557696007216677
-13.3113311331133133 -10.1216395618246757
-13.2913291329132903 44.6172455188918491
-13.2713271327132674 -6.4315911099599710
-13.2513251325132444 40.9684713101490701
-13.2313231323132214 19.8444469033783903
-13.2113211321132127 7.3524806666250306
-13.1913191319131897 55.9228281581052542
-13.1713171317131668 24.3008671403698209
-13.1513151315131438 26.5017178378883891
-13.1313131313131208 36.1650737629985599
-13.1113111311131121 33.6576832337368401
-13.0913091309130891 24.0916775671054708
-13.0713071307130662 17.0683659527055127
-13.0513051305130432 11.3235271196273590
-13.0313031303130202 31.4709538350683609
-13.0113011301130115 43.3714607426216219
-12.9912991299129885 50.0442056035683436
-12.9712971297129656 59.4954799107169094
-12.9512951295129426 0.6563809256875750
-12.9312931293129338 63.8377553473399857
-12.9112911291129109 0.5633323130783943
-12.8912891289128879 24.5985840568335021
-12.8712871287128650 -2.8008503855462656
-12.8512851285128420 17.7726276744181213
-12.8312831283128332 19.6099180870001319
-12.8112811281128103 58.4671322128586155
-12.7912791279127873 57.1331702454174888
-12.7712771277127644 6.7756979929821455
-12.7512751275127414 47.5544531185354344
-12.7312731273127326 10.6218000194310100
-12.7112711271127097 17.2708996821200742
-12.6912691269126867 -0.6051896348693901
-12.6712671267126638 59.0392095426408190
-12.6512651265126408 0.8046980841792539
-12.6312631263126320 37.3287646896778327
-12.6112611261126091 18.7598204996269082
-12.5912591259125861 33.5974304685949434
-12.5712571257125632 39.7950944565233797
-12.5512551255125402 12.2366306432886169
-12.5312531253125314 33.7966442891447656
-12.5112511251125085 27.1556126469980086
-12.4912491249124855 23.7277458440903253
-12.4712471247124626 28.8485391932280990
-12.4512451245124538 16.2128275653124270
-12.4312431243124308 32.2065026503285736
-12.4112411241124079 53.1654464728083056
-12.3912391239123849 7.4466474047023361
-12.3712371237123619 25.4773999500916126
-12.3512351235123532 -1.0591987957802900
-12.3312331233123302 59.4759813900713041
-12.3112311231123073 36.0974076913110835
-12.2912291229122843 38.5921449372537495
-12.2712271227122613 -13.8160253275002631
-12.2512251225122526 39.1384439895694385
-12.2312231223122296 30.0143833336380972
-12.2112211221122067 26.3147515334081987
-12.1912191219121837 5.5027288167263926
-12.1712171217121607 -3.2044917673248356
-12.1512151215121520 35.9828821047793568
-12.1312131213121290 10.3286205071558452
-12.1112111211121061 59.4768463217520491
-12.0912091209120831 29.7826773419064565
-12.0712071207120601 26.7642972311767089
-12.0512051205120514 35.6033648353066638
-12.0312031203120284 5.1091374698255443
-12.0112011201120055 5.4243227066138786
-11.9911991199119825 29.6625862722636597
-11.9711971197119738 14.5711182532472119
-11.9511951195119508 29.5364355103000769
-11.9311931193119278 28.4494844205766420
-11.9111911191119049 6.3425061584410258
-11.8911891189118819 27.0046616004172577
-11.8711871187118732 6.8876207682606143
-11.8511851185118502 -2.9809457220892348
-11.8311831183118272 34.5514473719985489
-11.8111811181118043 6.8921503855475592
-11.7911791179117813 21.9438429515095876
-11.7711771177117726 25.3886283385207641
-11.7511751175117496 0.4515906918441850
-11.7311731173117266 25.1380522875892005
-11.7111711171117037 25.6886696176185048
-11.6911691169116807 19.9732513710659916
-11.6711671167116720 8.0958590945081887
-11.6511651165116490 26.1450475469084580
-11.6311631163116260 4.0455638744404929
-11.6111611161116031 25.1336755822248428
-11.5911591159115801 27.9350167411654660
-11.5711571157115714 22.6778182986949233
-11.5511551155115484 39.2755307163816667
-11.5311531153115254 3.8846733563058748
-11.5111511151115025 14.5926893533929931
-11.4911491149114937 38.9071646078683386
-11.4711471147114707 39.9250923833692326
-11.4511451145114478 40.6904997856454145
-11.4311431143114248 27.4072544250825096
-11.4111411141114019 0.0715287334227952
-11.3911391139113931 16.6807078155569499
-11.3711371137113701 6.8926804532940622
-11.3511351135113472 43.9604477580562047
-11.3311331133113242 39.2185485470096395
-11.3111311131113013 14.7230186558436120
-11.2911291129112925 45.8487844500677326
-11.2711271127112695 58.6543519300453653
-11.2511251125112466 33.0978220928535407
-11.2311231123112236 38.6409748769682295
-11.2111211121112007 28.3932023137764631
-11.1911191119111919 -8.3199774848392849
-11.1711171117111689 23.6416714253814533
-11.1511151115111460 7.7624791130025486
-11.1311131113111230 10.8673553523405939
-11.1111111111111001 44.4256070106742840
-11.0911091109110913 35.8765488586876273
-11.0711071107110683 14.4513474622709843
-11.0511051105110454 2.1063591243244595
-11.0311031103110224 18.2718652147010694
-11.0111011101110137 26.9625781893034748
-10.9910991099109907 25.3712792323388285
-10.9710971097109677 38.7631100415000844
-10.9510951095109448 20.7843284202083112
-10.9310931093109218 34.1749601338367484
-10.9110911091109131 47.7986560619476535
-10.8910891089108901 17.2093503804830696
-10.8710871087108671 57.9163759750800438
-10.8510851085108442 4.9441853834125276
-10.8310831083108212 57.6448563234925686
-10.8110811081108125 -1.6223181321447093
-10.7910791079107895 37.8701320702706141
-10.7710771077107665 48.6998185804264097
-10.7510751075107436 -12.3709281838271039
-10.7310731073107206 21.9834747266651966
-10.7110711071107119 31.8705852444013331
-10.6910691069106889 39.8655482167953608
-10.6710671067106659 -6.1486137521405375
-10.6510651065106430 -0.7085706398094906
-10.6310631063106200 40.9838321113706527
-10.6110611061106113 19.5328731553657278
-10.5910591059105883 39.3892067356631586
-10.5710571057105653 3.2658735052449188
-10.5510551055105424 25.4236172812998795
-10.5310531053105336 -8.0927992061648766
-10.5110511051105107 16.8443020866870192
-10.4910491049104877 5.0719510021300671
-10.4710471047104647 -9.1332470399155739
-10.4510451045104418 36.2726046935441460
-10.4310431043104330 -5.7803246978839837
-10.4110411041104101 28.0216549248962288
-10.3910391039103871 22.2176026949305943
-10.3710371037103641 43.7370386955261097
-10.3510351035103412 18.0305228854831689
-10.3310331033103324 10.8106549488195682
-10.3110311031103095 26.8210709564555039
-10.2910291029102865 28.3079236935307854
-10.2710271027102635 26.6046534763441258
-10.2510251025102406 10.1587717628052587
-10.2310231023102318 18.2963458803502732
-10.2110211021102089 48.6737326640458861
-10.1910191019101859 12.1479194006986972
-10.1710171017101629 36.5287409435838342
-10.1510151015101400 9.8744077758659383
-10.1310131013101312 15.2662622678460984
-10.1110111011101083 2.8098264071215056
-10.0910091009100853 44.6335684708458160
-10.0710071007100623 54.1303305180299219
-10.0510051005100536 10.4747418289589795
-10.0310031003100306 11.6729285791759327
-10.0110011001100077 -7.6007496139902990
-9.9909990999099847 44.9558824371206853
-9.9709970997099617 -5.6958084729747256
-9.9509950995099530 -2.8924163347808829
-9.9309930993099300 4.9288341493000232
-9.9109910991099071 10.3340346298702794
-9.8909890989098841 -5.1138755062105723
-9.8709870987098611 30.0260301483253897
-9.8509850985098524 33.7665584068283238
-9.8309830983098294 -17.6742350824253016
-9.8109810981098065 33.4971774372244155
-9.7909790979097835 22.1793838745308456
-9.7709770977097605 31.1917160863203797
-9.7509750975097518 13.5896931474502676
-9.7309730973097288 -14.7376043656827598
-9.7109710971097059 -6.6745103086136908
-9.6909690969096829 15.5645828739866801
-9.6709670967096599 6.4343956255929307
-9.6509650965096512 32.0721699205585153
-9.6309630963096282 23.9418464695150597
-9.6109610961096053 2.9128721560110336
-9.5909590959095823 17.7664744705938134
-9.5709570957095735 14.8851726918095366
-9.5509550955095506 56.0592547139673627
-9.5309530953095276 69.6482771671203835
-9.5109510951095046 12.1040845976232099
-9.4909490949094817 20.1955136334991714
-9.4709470947094729 31.3731269866850084
-9.4509450945094500 -0.2991262093556344
-9.4309430943094270 53.0267603501007940
-9.4109410941094040 17.0514533386040625
-9.3909390939093811 28.1260565011267971
-9.3709370937093723 -8.9696441795551287
-9.3509350935093494 14.6535818429144928
-9.3309330933093264 36.5720060906438746
-9.3109310931093034 23.8485334571204568
-9.2909290929092805 23.2016782045281325
-9.2709270927092717 8.7458649909606159
-9.2509250925092488 43.7807895419882414
-9.2309230923092258 -14.2121176070164630
-9.2109210921092028 50.5564258286548380
-9.1909190919091799 32.6893564524918077
-9.1709170917091711 26.3579007746080052
-9.1509150915091482 38.6510753385325359
-9.1309130913091252 55.2016103461453298
-9.1109110911091022 37.0805689721580762
-9.0909090909090935 -1.3158068325680183
-9.0709070907090705 -0.0561689107779557
-9.0509050905090476 -2.3802099708251028
-9.0309030903090246 12.3377114090881026
-9.0109010901090016 46.2974314596553427
-8.9908990899089929 66.2574361930002027
-8.9708970897089699 23.5154682327914095
-8.9508950895089470 16.9854723360553237
-8.9308930893089240 18.9906942529270459
-8.9108910891089010 28.2330838935214139
-8.8908890889088923 6.3601744649967955
-8.8708870887088693 63.8949058433284875
-8.8508850885088464 42.6346595076246189
-8.8308830883088234 45.1478224242609940
-8.8108810881088004 22.6373112338472744
-8.7908790879087917 -0.7208821552311271
-8.7708770877087687 35.7484214643718445
-8.7508750875087458 42.5512663018313759
-8.7308730873087228 51.4249492278183666
-8.7108710871086998 10.2679755651147726
-8.6908690869086911 -2.0605593439921357
-8.6708670867086681 28.2758377901072464
-8.6508650865086452 46.1745380548055593
-8.6308630863086222 -2.2182111011394419
-8.6108610861086134 12.9569257973272336
-8.5908590859085905 34.9214881749044253
-8.5708570857085675 46.8547806290653170
-8.5508550855085446 30.8112848399004733
-8.5308530853085216 5.2130191789983051
-8.5108510851085128 19.5107878051861263
-8.4908490849084899 54.5436327211802379
-8.4708470847084669 18.0950354078239002
-8.4508450845084440 42.0749667107714771
-8.4308430843084210 31.7494638752097416
-8.4108410841084122 43.8600296362032509
-8.3908390839083893 27.5285049403113575
-8.3708370837083663 21.9413022081258937
-8.3508350835083434 47.2305723356629414
-8.3308330833083204 -0.3598709707959244
-8.3108310831083116 16.4632901638896314
-8.2908290829082887 42.7571643654208771
-8.2708270827082657 24.2270896396475059
-8.2508250825082428 8.3529577873238114
-8.2308230823082198 37.6256177700521732
-8.2108210821082110 -13.4439956049637530
-8.1908190819081881 36.5511495971124489
-8.1708170817081651 -1.2019484477676556
-8.1508150815081422 29.0368397065223469
-8.1308130813081334 14.9052425170815468
-8.1108110811081104 19.7152524618082410
-8.0908090809080875 53.9261041756451291
-8.0708070807080645 36.6844448604399176
-8.0508050805080416 23.9708419452936390
-8.0308030803080328 3.2622100304628816
-8.0108010801080098 35.4271626595664912
-7.9907990799079869 23.5844064916097729
-7.9707970797079639 17.4712938367283570
-7.9507950795079410 -0.7586390388365629
-7.9307930793079322 50.3899547852018586
-7.9107910791079092 17.7099587236357685
-7.8907890789078863 -16.2712053350375037
-7.8707870787078633 -11.8619410984321938
-7.8507850785078404 -0.4293932234524220
-7.8307830783078316 35.5299510303001824
-7.8107810781078086 24.2789858146194817
-7.7907790779077857 33.8900863943463548
-7.7707770777077627 15.6440472195570024
-7.7507750775077398 -0.1219710624368027
-7.7307730773077310 44.1070507699236458
-7.7107710771077080 29.3313161501367290
-7.6907690769076851 -28.4275391285053871
-7.6707670767076621 25.5963790639593611
-7.6507650765076392 -1.3031487196299807
-7.6307630763076304 -11.8551474930723479
-7.6107610761076074 38.9465453595749835
-7.5907590759075845 2.5188638617850465
-7.5707570757075615 10.8140255986112042
-7.5507550755075528 -10.9815297353051449
-7.5307530753075298 23.2534711778139105
-7.5107510751075068 30.4458355547965738
-7.4907490749074839 28.3112606586225510
-7.4707470747074609 22.5443241745677199
-7.4507450745074522 10.4464577216538785
-7.4307430743074292 31.5658727481253791
-7.4107410741074062 23.0998928936598027
-7.3907390739073833 30.8471459207719434
-7.3707370737073603 32.5418764266147775
-7.3507350735073516 7.8890180490342523
-7.3307330733073286 34.6294814292618724
-7.3107310731073056 -11.1556348653150792
-7.2907290729072827 11.7386675990485099
-7.2707270727072597 -4.5977449618271287
-7.2507250725072510 34.6426833858091499
-7.2307230723072280 8.5358142960258441
-7.2107210721072050 71.8161897382581884
-7.1907190719071821 54.7544966548549183
-7.1707170717071591 19.0397850343296220
-7.1507150715071504 -9.8878363208539177
-7.1307130713071274 11.1701438106551016
-7.1107110711071044 26.3833347647978513
-7.0907090709070815 12.9509000482965053
-7.0707070707070727 35.4738264668212508
-7.0507050705070498 30.3097518235303554
-7.0307030703070268 9.3350631553018921
-7.0107010701070038 49.4002529952960714
-6.9906990699069809 9.1929396046686183
-6.9706970697069721 -6.3284646315884281
-6.9506950695069492 -1.9868588972706860
-6.9306930693069262 28.2032150637639027
-6.9106910691069032 11.6994717399299901
-6.8906890689068803 32.0979933327955251
-6.8706870687068715 -6.8606596660079155
-6.8506850685068486 11.0370807849571442
-6.8306830683068256 44.5651022074067313
-6.8106810681068026 -26.2803523586994991
-6.7906790679067797 19.5311605498781624
-6.7706770677067709 20.5147610271273173
-6.7506750675067480 52.4638029346219668
-6.7306730673067250 42.5444585809650135
-6.7106710671067020 38.6924146518247341
-6.6906690669066791 45.9030613317036114
-6.6706670667066703 35.5643520568283833
-6.6506650665066473 14.3004110445217218
-6.6306630663066244 43.9099576369256539
-6.6106610661066014 0.3203052926991816
-6.5906590659065927 23.7743096544414136
-6.5706570657065697 33.5867325676506496
-6.5506550655065467 54.8616814533601485
-6.5306530653065238 -10.8182516353470213
-6.5106510651065008 22.0696808629423415
-6.4906490649064921 49.1365709681530163
-6.4706470647064691 11.9188586522873390
-6.4506450645064461 6.7303666096734016
-6.4306430643064232 -8.9161502279387861
-6.4106410641064002 15.8295911737469872
-6.3906390639063915 26.0675673619729231
-6.3706370637063685 17.5252079278658996
-6.3506350635063455 -8.1788488976288782
-6.3306330633063226 33.2418744404675905
-6.3106310631062996 34.0339561822112202
-6.2906290629062909 80.3922471491092381
-6.2706270627062679 23.0497926815762533
-6.2506250625062449 11.3880518512128379
-6.2306230623062220 23.2135367461172777
-6.2106210621061990 40.2168174677781991
-6.1906190619061903 37.9891275780938997
-6.1706170617061673 49.4268201203659885
-6.1506150615061443 25.9293102928445265
-6.1306130613061214 36.2059089478753862
-6.1106110611061126 41.8479443302106233
-6.0906090609060897 41.9375595285806142
-6.0706070607060667 18.4260502451407078
-6.0506050605060437 47.3634354540033087
-6.0306030603060208 52.0210283392618180
-6.0106010601060120 -2.8975478124330749
-5.9905990599059891 17.5942030781195236
-5.9705970597059661 7.4211206451100917
-5.9505950595059431 40.7694598390034457
-5.9305930593059202 9.9011953620787612
-5.9105910591059114 36.4732363376839288
-5.8905890589058885 -2.3665140638329625
-5.8705870587058655 19.0068996330947613
-5.8505850585058425 49.2682760711594909
-5.8305830583058196 36.8568491415359247
-5.8105810581058108 51.4165646084025312
-5.7905790579057879 -2.3205828975109171
-5.7705770577057649 42.0437527426520816
-5.7505750575057419 8.3287136712368532
-5.7305730573057190 37.4352279048359975
-5.7105710571057102 36.7698517862926906
-5.6905690569056873 9.8652882181383070
-5.6705670567056643 12.7473685242725203
-5.6505650565056413 71.6769340653521141
-5.6305630563056326 38.6847186024686067
-5.6105610561056096 22.2857533972070847
-5.5905590559055867 40.7100050418610806
-5.5705570557055637 37.1574333684766671
-5.5505550555055407 13.6098840521571489
-5.5305530553055320 38.4773938601378305
-5.5105510551055090 8.4738401998590156
-5.4905490549054861 43.7133928428848009
-5.4705470547054631 -25.9271990450088943
-5.4505450545054401 33.1140266291097731
-5.4305430543054314 45.7562517011962271
-5.4105410541054084 51.2124994317124447
-5.3905390539053855 21.8198755521762386
-5.3705370537053625 18.3622800347644244
-5.3505350535053395 21.7524894030224019
-5.3305330533053308 19.7842337750280883
-5.3105310531053078 1.2894354773256396
-5.2905290529052849 -6.7887845272089216
-5.2705270527052619 40.6589714749408699
-5.2505250525052389 41.3236903297116669
-5.2305230523052302 22.9823213663379775
-5.2105210521052072 42.2317456060226704
-5.1905190519051843 12.3910156968843825
-5.1705170517051613 10.0823123644245189
-5.1505150515051525 44.5658889733356745
-5.1305130513051296 47.6869461184209484
-5.1105110511051066 36.8059313144111826
-5.0905090509050837 44.5523278225658999
-5.0705070507050607 24.3313296894662194
-5.0505050505050519 58.2668440797212952
-5.0305030503050290 -8.1202343279460223
-5.0105010501050060 0.6900057188686191
-4.9904990499049831 12.5542638779372435
-4.9704970497049601 25.5462230661689880
-4.9504950495049513 25.9026543041510919
-4.9304930493049284 27.6093994118759305
-4.9104910491049054 -19.0489036776860203
-4.8904890489048825 9.5956453747831869
-4.8704870487048595 36.9614441144354444
-4.8504850485048507 13.9949153674366400
-4.8304830483048278 12.9265020203885754
-4.8104810481048048 8.8999379932242189
-4.7904790479047819 9.3654742799707691
-4.7704770477047589 57.7810335101889123
-4.7504750475047501 -4.1147732420907062
-4.7304730473047272 28.7278783616081341
-4.7104710471047042 27.9760891566721739
-4.6904690469046812 38.2231659950408726
-4.6704670467046725 5.0603327396432736
-4.6504650465046495 38.7431911740312458
-4.6304630463046266 28.1918563429018008
-4.6104610461046036 54.8231901298002313
-4.5904590459045806 44.5885777679876156
-4.5704570457045719 23.8160633875255243
-4.5504550455045489 -0.5228212865107054
-4.5304530453045260 31.8325273189632725
-4.5104510451045030 44.1173721775029009
-4.4904490449044800 -14.1993201838874512
-4.4704470447044713 -13.5441135600722085
-4.4504450445044483 14.5876571641972852
-4.4304430443044254 -12.8571334371222861
-4.4104410441044024 22.0441198032702133
-4.3904390439043794 22.4191124352811997
-4.3704370437043707 22.3932366810612677
-4.3504350435043477 -15.6158821985423444
-4.3304330433043248 -2.4530538431370346
-4.3104310431043018 26.5485346258987853
-4.2904290429042788 -14.4950841161126931
-4.2704270427042701 -22.0023490155556480
-4.2504250425042471 32.0114033209516080
-4.2304230423042242 42.6711355304756950
-4.2104210421042012 13.0096574451846436
-4.1904190419041925 27.9385789493228138
-4.1704170417041695 7.4003545369916246
-4.1504150415041465 24.3322389642087558
-4.1304130413041236 9.6241609887193018
-4.1104110411041006 23.8232208633466698
-4.0904090409040919 -2.5921800328072209
-4.0704070407040689 31.6490457857876279
-4.0504050405040459 27.6433132872244229
-4.0304030403040230 25.8117150729517881
-4.0104010401040000 5.7035963100662919
-3.9903990399039913 9.9577763292508248
-3.9703970397039683 27.9844760544361648
-3.9503950395039453 1.0056894600440458
-3.9303930393039224 -4.8700031583476999
-3.9103910391038994 15.0282581387389200
-3.8903890389038907 21.8918798956089624
-3.8703870387038677 22.3499406775210012
-3.8503850385038447 37.4909747042277672
-3.8303830383038218 -15.4629410564618190
-3.8103810381037988 -5.8672502815571548
-3.7903790379037900 20.2803382896784896
-3.7703770377037671 26.2317003346170097
-3.7503750375037441 22.5195402410635701
-3.7303730373037212 13.6567287757054814
-3.7103710371037124 11.0643879991425926
-3.6903690369036894 54.4438217871795516
-3.6703670367036665 -5.0161035853889864
-3.6503650365036435 5.3519563742357228
-3.6303630363036206 13.0776273400869769
-3.6103610361036118 50.3631187001153506
-3.5903590359035888 40.9569174179718942
-3.5703570357035659 38.2448512059880272
-3.5503550355035429 29.6441862467525574
-3.5303530353035200 53.9356422074425979
-3.5103510351035112 27.8896575505214841
-3.4903490349034882 -2.3198691351155993
-3.4703470347034653 22.3224062700352874
-3.4503450345034423 20.0319261086240239
-3.4303430343034194 -10.8536229165835607
-3.4103410341034106 33.9181269735186106
-3.3903390339033876 45.4691972222727969
-3.3703370337033647 42.2554073308727851
-3.3503350335033417 -8.8625364731202794
-3.3303330333033188 38.0452275786041483
-3.3103310331033100 18.9033537338482276
-3.2903290329032870 13.1577037285508247
-3.2703270327032641 12.4696497882172626
-3.2503250325032411 -10.8690177342716652
-3.2303230323032324 16.2591152315281064
-3.2103210321032094 28.8452310414654178
-3.1903190319031864 17.0369304433537359
-3.1703170317031635 18.9043120843859533
-3.1503150315031405 -11.2387280242502570
-3.1303130313031318 46.1627310327402043
-3.1103110311031088 -9.1541446439906515
-3.0903090309030858 46.5315977071976903
-3.0703070307030629 25.1289479416497272
-3.0503050305030399 -57.0352150201407824
-3.0303030303030312 20.7763016183451690
-3.0103010301030082 27.3901608128612146
-2.9902990299029852 38.0119239205046853
-2.9702970297029623 28.1224644873428460
-2.9502950295029393 1.7136980178644841
-2.9302930293029306 7.7103232758047913
-2.9102910291029076 48.2979657421105060
-2.8902890289028846 23.4890919821452471
-2.8702870287028617 55.5955688203840452
-2.8502850285028387 37.1767648292951947
-2.8302830283028300 29.0698094560024067
-2.8102810281028070 29.5711432122642321
-2.7902790279027840 20.4879472797212898
-2.7702770277027611 11.7601580149159179
-2.7502750275027523 25.4543922080440339
-2.7302730273027294 25.7166326057197701
-2.7102710271027064 26.8082697919303214
-2.6902690269026834 -8.0356869516674472
-2.6702670267026605 17.6518277834628883
-2.6502650265026517 16.7872427386097485
-2.6302630263026288 40.5027781825675461
-2.6102610261026058 37.7880806731494516
-2.5902590259025828 40.2078678212372367
-2.5702570257025599 28.9341245601611945
-2.5502550255025511 4.1378765945192768
-2.5302530253025282 40.7009679756469467
-2.5102510251025052 -2.4599330061075051
-2.4902490249024822 25.4561987050254821
-2.4702470247024593 11.5878509709116262
-2.4502450245024505 65.6823685938951911
-2.4302430243024276 38.5492198343679604
-2.4102410241024046 42.4503611168336192
-2.3902390239023816 16.0660112769156171
-2.3702370237023587 -1.6953602432252843
-2.3502350235023499 41.1380190460579200
-2.3302330233023270 4.5209922543792622
-2.3102310231023040 31.4176122974920986
-2.2902290229022810 -2.1743704287469505
-2.2702270227022723 33.6485677342937919
-2.2502250225022493 19.5534216627009805
-2.2302230223022264 25.6488139093762761
-2.2102210221022034 14.3545832044799759
-2.1902190219021804 27.6914372778619722
-2.1702170217021717 26.6238457745549830
-2.1502150215021487 59.7265125918060207
-2.1302130213021258 37.4721705153282727
-2.1102110211021028 11.4338240670920328
-2.0902090209020798 15.0059450583360494
-2.0702070207020711 61.6423877705124355
-2.0502050205020481 11.9084828296847416
-2.0302030203020252 49.5585894818436969
-2.0102010201020022 23.8892980967954180
-1.9901990199019792 -13.6653772235845175
-1.9701970197019705 78.1584407429466808
-1.9501950195019475 31.4330093370897039
-1.9301930193019246 38.3821957606529480
-1.9101910191019016 27.7627835483432079
-1.8901890189018786 -15.8276205037100723
-1.8701870187018699 35.7796665196446000
-1.8501850185018469 32.4400952579660284
-1.8301830183018239 26.6083658781504262
-1.8101810181018010 -12.3548521966655045
-1.7901790179017922 47.2155018302435607
-1.7701770177017693 -13.3597574656323097
-1.7501750175017463 8.3634913047718289
-1.7301730173017233 23.1179608477971996
-1.7101710171017004 13.7590317987536590
-1.6901690169016916 28.9903401032296237
-1.6701670167016687 1.6816314055587256
-1.6501650165016457 24.5415451952734038
-1.6301630163016227 31.5084177273710218
-1.6101610161015998 14.1206793646894297
-1.5901590159015910 53.4244647280808209
-1.5701570157015681 -19.8523168550948625
-1.5501550155015451 0.9387907858091431
-1.5301530153015221 28.5806470781270683
-1.5101510151014992 -1.7030426139405037
-1.4901490149014904 28.2038432059198882
-1.4701470147014675 28.3214050245136448
-1.4501450145014445 5.7083149898131218
-1.4301430143014215 -6.1293740585794190
-1.4101410141013986 7.8533833786850895
-1.3901390139013898 -5.2139150038806719
-1.3701370137013669 8.1437820095762792
-1.3501350135013439 28.4963747395040023
-1.3301330133013209 21.5338305916015216
-1.3101310131013122 10.4743781327930527
-1.2901290129012892 1.5470654792410770
-1.2701270127012663 20.9795691723272668
-1.2501250125012433 40.2612439825862367
-1.2301230123012203 18.3219160717171548
-1.2101210121012116 25.8858096705945435
-1.1901190119011886 21.5071825903381679
-1.1701170117011657 40.2869735313227295
-1.1501150115011427 25.7167067200988129
-1.1301130113011197 43.1563503701267734
-1.1101110111011110 16.6440344399192774
-1.0901090109010880 -3.8567171772225564
-1.0701070107010651 14.3229356449081866
-1.0501050105010421 24.2928763840672488
-1.0301030103010191 18.8157093074388868
-1.0101010101010104 36.9180647132274871
-0.9900990099009874 2.6191483400122557
-0.9700970097009645 1.1346985769448850
-0.9500950095009415 19.7175328621351404
-0.9300930093009185 25.8701979253423247
-0.9100910091009098 1.7819200503935271
-0.8900890089008868 47.8617750118223597
-0.8700870087008639 20.9089253342768018
-0.8500850085008409 10.7687404092572692
-0.8300830083008321 51.3009580702884307
-0.8100810081008092 19.1673092142477408
-0.7900790079007862 40.2294337164073710
-0.7700770077007633 -3.2668715157842527
-0.7500750075007403 3.2128435866961311
-0.7300730073007315 0.3458331526133698
-0.7100710071007086 9.1747551261173221
-0.6900690069006856 21.1277484447163317
-0.6700670067006627 13.9431229580052793
-0.6500650065006397 27.2288510054526398
-0.6300630063006309 -1.9959218689041833
-0.6100610061006080 -7.7139715893228278
-0.5900590059005850 24.2195085433478852
-0.5700570057005621 6.1730496296551145
-0.5500550055005391 38.1939680615041439
-0.5300530053005303 29.5551211842675983
-0.5100510051005074 48.0884099513600631
-0.4900490049004844 20.6653813538791660
-0.4700470047004615 32.9590289676374510
-0.4500450045004385 45.2305453970508609
-0.4300430043004297 34.1573901179165418
-0.4100410041004068 11.1912142650354625
-0.3900390039003838 -15.7313478183062898
-0.3700370037003609 23.3206725598793945
-0.3500350035003521 19.4060659983766328
-0.3300330033003291 14.7729017213862921
-0.3100310031003062 46.3240976724663938
-0.2900290029002832 -21.1745491646042296
-0.2700270027002603 26.8932728316947340
-0.2500250025002515 17.6926308150696769
-0.2300230023002285 -9.5180087925670485
-0.2100210021002056 43.4771807613070393
-0.1900190019001826 29.1219455673436478
-0.1700170017001597 5.1639745672957567
-0.1500150015001509 33.7798515254932283
-0.1300130013001279 37.8606040976267053
-0.1100110011001050 31.6869203874227523
-0.0900090009000820 23.8708264931926237
-0.0700070007000591 2.4315992894068827
-0.0500050005000503 23.6301756928674038
-0.0300030003000273 -4.0039495888333754
-0.0100010001000044 7.0165104471287467
0.0100010001000186 43.3653507592622987
0.0300030003000415 17.9894227059935297
0.0500050005000503 23.6877945782344348
0.0700070007000733 21.5281854161124429
0.0900090009000962 58.9355928694362632
0.1100110011001192 40.5253290757312286
0.1300130013001279 10.3918523091413757
0.1500150015001509 5.6052344734342228
0.1700170017001739 13.6148263678026282
0.1900190019001968 10.1546490098440163
0.2100210021002198 -10.2973269903310261
0.2300230023002285 33.4423399699708597
0.2500250025002515 40.2228678295171989
0.2700270027002745 6.8635423746755730
0.2900290029002974 6.1253012177631803
0.3100310031003204 19.5244553313951670
0.3300330033003291 28.9023472322581512
0.3500350035003521 24.2762015570048888
0.3700370037003751 30.7722756718843868
0.3900390039003980 -7.8023348363517506
0.4100410041004210 20.8100599186620592
0.4300430043004297 37.4188036053342685
0.4500450045004527 36.5214016752444763
0.4700470047004757 36.6765584225308388
0.4900490049004986 13.3909264561371337
0.5100510051005216 10.7478845963754139
0.5300530053005303 7.8847225184900420
0.5500550055005533 5.2115719202232196
0.5700570057005763 28.9244427116145246
0.5900590059005992 32.2378792484893069
0.6100610061006080 0.2936667125546926
0.6300630063006309 -10.5624140440836349
0.6500650065006539 31.4607227691359270
0.6700670067006769 14.3611681280126113
0.6900690069006998 22.7604519689986162
0.7100710071007086 23.6582818201166596
0.7300730073007315 -9.0477932662817686
0.7500750075007545 15.6681916049505414
0.7700770077007775 34.4016377271028588
0.7900790079008004 7.6274637014033022
0.8100810081008092 21.9493177811514322
0.8300830083008321 34.7734699653171688
0.8500850085008551 35.5037102937828664
0.8700870087008781 -30.1274368528001126
0.8900890089009010 -0.5183837550621959
0.9100910091009098 1.4540919828879666
0.9300930093009327 10.6398995915639532
0.9500950095009557 31.9372055699961415
0.9700970097009787 -3.0861901655284960
0.9900990099010016 20.4562035951454178
1.0101010101010104 -8.0373498003565587
1.0301030103010334 45.1770736712437042
1.0501050105010563 36.4656938127674977
1.0701070107010793 5.5407182576169394
1.0901090109010880 25.8189140395920624
1.1101110111011110 22.1498940053205793
1.1301130113011340 11.0864915850518262
1.1501150115011569 49.0628568271271632
1.1701170117011799 -1.8417225612469998
1.1901190119011886 27.7374970058124326
1.2101210121012116 15.0897067011512860
1.2301230123012346 8.7905531781371220
1.2501250125012575 33.8320232142417652
1.2701270127012805 -2.5806316047795868
1.2901290129012892 22.6619934781026906
1.3101310131013122 23.9209279217098896
1.3301330133013352 55.7585653665648096
1.3501350135013581 25.4596367705728284
1.3701370137013811 19.3554312595319224
1.3901390139013898 24.8405761147568498
1.4101410141014128 3.8328515939034773
1.4301430143014358 0.0030809295116256
1.4501450145014587 16.8357396345826231
1.4701470147014817 34.0934658259210011
1.4901490149014904 29.5993082638468721
1.5101510151015134 -29.1972646548325301
1.5301530153015364 22.0345474749384458
1.5501550155015593 -10.6357249361673354
1.5701570157015681 -10.7229403031321660
1.5901590159015910 10.4808398398445313
1.6101610161016140 21.2478023527790363
1.6301630163016370 57.9160242739403586
1.6501650165016599 -15.0577128916080021
1.6701670167016687 11.3901449580785989
1.6901690169016916 32.9098591578091302
1.7101710171017146 7.4250496224958926
1.7301730173017376 26.6786958032665815
1.7501750175017605 12.5820660402053015
1.7701770177017693 41.0572626593053442
1.7901790179017922 -2.0623593142420056
1.8101810181018152 29.3495535527029503
1.8301830183018382 17.4440485080816359
1.8501850185018611 37.8966269004293395
1.8701870187018699 28.8894846801073868
1.8901890189018928 9.2013333322939932
1.9101910191019158 33.3760188696313591
1.9301930193019388 22.7461100129189120
1.9501950195019617 -1.9333565268539701
1.9701970197019705 65.0086746830653937
1.9901990199019934 36.5353083658647648
2.0102010201020164 2.6450407480831473
2.0302030203020394 40.0439688445374884
2.0502050205020481 26.0685864034343204
2.0702070207020711 12.4368064325452554
2.0902090209020940 16.8479285944064330
2.1102110211021170 40.1919442260896744
2.1302130213021400 4.0911892617650754
2.1502150215021487 32.4596474549339860
2.1702170217021717 10.0768581435370805
2.1902190219021946 -17.1116226880643190
2.2102210221022176 36.5376019999042256
2.2302230223022406 11.7356716352457617
2.2502250225022493 29.9522519767428577
2.2702270227022723 -40.8787150809693642
2.2902290229022952 27.4216709588942607
2.3102310231023182 48.6122776033495114
2.3302330233023412 36.9510544011575206
2.3502350235023499 9.3620997203983531
2.3702370237023729 0.4866165473630346
2.3902390239023958 53.0501266590670326
2.4102410241024188 -4.7507495712242509
2.4302430243024418 34.0038434064588913
2.4502450245024505 28.6696469224912747
2.4702470247024735 31.5856189724892111
2.4902490249024964 44.6624781275691305
2.5102510251025194 20.2995315500879769
2.5302530253025424 28.4971194190008568
2.5502550255025511 57.8224235187198445
2.5702570257025741 -25.1163313077748320
2.5902590259025970 -31.1434809717824983
2.6102610261026200 22.7230508903944894
2.6302630263026288 27.1853204563221418
2.6502650265026517 21.4583401866898740
2.6702670267026747 -0.6231433181874593
2.6902690269026976 25.2046253792002979
2.7102710271027206 26.2167713477752677
2.7302730273027294 71.6239875468579612
2.7502750275027523 25.6326861364334633
2.7702770277027753 -3.0243166400886921
2.7902790279027982 2.8819088377633655
2.8102810281028212 13.0425477582426801
2.8302830283028300 13.0711283223284909
2.8502850285028529 40.3732965335264424
2.8702870287028759 18.3764902100257146
2.8902890289028988 29.7705208150274032
2.9102910291029218 15.2439191622822214
2.9302930293029306 33.1333253736446878
2.9502950295029535 23.6136366080300490
2.9702970297029765 -25.4732525863145618
2.9902990299029995 -14.2734636986041181
3.0103010301030224 22.3711765213214946
3.0303030303030312 -0.0435511871057130
3.0503050305030541 1.8747220556143525
3.0703070307030771 57.7692504055969778
3.0903090309031001 20.7185666957339301
3.1103110311031088 19.5725762869221320
3.1303130313031318 58.5285373531859463
3.1503150315031547 34.2114278387390485
3.1703170317031777 8.6642653909924654
3.1903190319032007 29.3583568836949382
3.2103210321032094 -7.2566757199945080
3.2303230323032324 -5.2133777129455758
3.2503250325032553 25.3397106877803040
3.2703270327032783 5.5476060565929011
3.2903290329033013 61.5159069712868032
3.3103310331033100 -0.9290982151314324
3.3303330333033330 50.0921038589884233
3.3503350335033559 -5.2509643344358459
3.3703370337033789 31.8439025194501824
3.3903390339034019 -2.2447838046334034
3.4103410341034106 -3.8725503580983656
3.4303430343034336 6.8626141224516655
3.4503450345034565 23.4222945163973080
3.4703470347034795 8.7983945460581854
3.4903490349035025 2.6426186766219750
3.5103510351035112 25.0219891021346470
3.5303530353035342 32.4839739197319517
3.5503550355035571 44.4258053243933091
3.5703570357035801 -0.8070535904703675
3.5903590359035888 1.1680991611114067
3.6103610361036118 30.4320137212795245
3.6303630363036348 27.0623289480973028
3.6503650365036577 17.5316955632279416
3.6703670367036807 16.8397110633261384
3.6903690369036894 68.5712064226832183
3.7103710371037124 7.0295442196799041
3.7303730373037354 64.4321263048007893
3.7503750375037583 17.7914407121317488
3.7703770377037813 20.1705394730132532
3.7903790379037900 21.5609456719739541
3.8103810381038130 12.0094141817704916
3.8303830383038360 -35.7239278342967594
3.8503850385038589 7.8796184457277043
3.8703870387038819 47.6975912665316173
3.8903890389038907 38.1002145078998780
3.9103910391039136 13.4584553950897856
3.9303930393039366 5.7888498564468751
3.9503950395039595 -1.0264226036084878
3.9703970397039825 23.7033396944007499
3.9903990399039913 32.8748739251081474
4.0104010401040142 26.9367540662009368
4.0304030403040372 -0.8989099410435841
4.0504050405040601 30.7614147940518343
4.0704070407040689 31.0079605409141124
4.0904090409040919 30.0131840278626321
4.1104110411041148 24.9519936017074961
4.1304130413041378 15.8585710193087941
4.1504150415041607 20.9069053376803780
4.1704170417041695 -9.6178985124769731
4.1904190419041925 35.5318240838837696
4.2104210421042154 43.7993951392951004
4.2304230423042384 23.6581508648999517
4.2504250425042613 4.6908676141433396
4.2704270427042701 23.7730857152402493
4.2904290429042931 -1.4960758703899160
4.3104310431043160 4.6050249730435660
4.3304330433043390 10.8312756183369920
4.3504350435043619 43.2060590306938934
4.3704370437043707 11.4774093345799812
4.3904390439043937 36.2796562162062770
4.4104410441044166 15.6270262489281109
4.4304430443044396 8.2811430172948839
4.4504450445044625 12.1377830297309934
4.4704470447044713 59.9685566817641202
4.4904490449044943 12.7910051974500991
4.5104510451045172 69.9769315672942298
4.5304530453045402 39.9185798629882242
4.5504550455045489 33.4774251564743750
4.5704570457045719 10.9700756244055437
4.5904590459045949 1.6355064157533334
4.6104610461046178 -9.8108877138636323
4.6304630463046408 61.9833029414780938
4.6504650465046495 25.1457288309610121
4.6704670467046725 -1.4196700482304827
4.6904690469046955 -8.6812676374336206
4.7104710471047184 12.3358366787567277
4.7304730473047414 20.0222138693938199
4.7504750475047501 23.9537448711364078
4.7704770477047731 8.0877725854220284
4.7904790479047961 -4.6271019257941539
4.8104810481048190 38.0699658547425344
4.8304830483048420 7.1916190782040772
4.8504850485048507 34.4422264846498649
4.8704870487048737 42.3438762250215532
4.8904890489048967 50.5284889543726479
4.9104910491049196 14.3462531535674103
4.9304930493049426 9.0255977299444865
4.9504950495049513 9.1389559489728125
4.9704970497049743 39.6469169957488319
4.9904990499049973 3.3545383555712824
5.0105010501050202 44.1972071142608911
5.0305030503050290 -0.3112885480079726
5.0505050505050519 14.4543489889536509
5.0705070507050749 58.6076989880030084
5.0905090509050979 42.9585953631793416
5.1105110511051208 73.2497249621665247
5.1305130513051296 -9.3681237635468797
5.1505150515051525 12.2857293521104189
5.1705170517051755 5.2548742813544358
5.1905190519051985 23.1381585068411688
5.2105210521052214 6.1500433785227333
5.2305230523052302 18.5046717497157616
5.2505250525052531 36.8910145425634255
5.2705270527052761 14.6187889723313553
5.2905290529052991 1.2273234814832499
5.3105310531053220 3.9996633022023023
5.3305330533053308 33.4110057780559515
5.3505350535053537 25.7575955669540164
5.3705370537053767 50.9180202129842101
5.3905390539053997 18.8005477803806080
5.4105410541054226 21.5701058764460356
5.4305430543054314 0.6481424231702633
5.4505450545054543 18.8785367943708629
5.4705470547054773 -6.6717758283980899
5.4905490549055003 16.1879445320723612
5.5105510551055090 38.4933364554019448
5.5305530553055320 22.4835786992021163
5.5505550555055549 45.2641881336687675
5.5705570557055779 -22.2072440700582767
5.5905590559056009 16.0980268569471185
5.6105610561056096 15.5690438068861408
5.6305630563056326 14.5066783537793178
5.6505650565056555 15.3656450932817812
5.6705670567056785 25.8943311541067374
5.6905690569057015 13.2359291311408107
5.7105710571057102 30.0792615326347850
5.7305730573057332 6.0133014068538824
5.7505750575057561 33.4900451685606626
5.7705770577057791 -15.0945670396174663
5.7905790579058021 55.0404776190671328
5.8105810581058108 44.5214255158698506
5.8305830583058338 12.3462162145338681
5.8505850585058568 23.6237667500773796
5.8705870587058797 22.0119312912596392
5.8905890589059027 26.4028856941275869
5.9105910591059114 5.8848610245237634
5.9305930593059344 38.1686489833550411
5.9505950595059574 -2.2852453488159732
5.9705970597059803 13.3586479886868243
5.9905990599059891 26.8214968505645039
6.0106010601060120 -1.7184311605900149
6.0306030603060350 22.8004637749516945
6.0506050605060580 12.7415932307962798
6.0706070607060809 40.9540513016470129
6.0906090609060897 21.9794421478071413
6.1106110611061126 7.7180071825144001
6.1306130613061356 34.1491307889070583
6.1506150615061586 32.1465813130616880
6.1706170617061815 19.8118810764770856
6.1906190619061903 31.1425800452504902
6.2106210621062132 12.4320475110918025
6.2306230623062362 46.8221339128282708
6.2506250625062592 18.2887039779887779
6.2706270627062821 34.1895871141131167
6.2906290629062909 51.4484605193363080
6.3106310631063138 36.5223103983615260
6.3306330633063368 -2.7697823170913942
6.3506350635063598 20.9396646373505249
6.3706370637063827 33.1599174567440471
6.3906390639063915 -11.5282875639072024
6.4106410641064144 11.6798405417547695
6.4306430643064374 -7.3271571750314486
6.4506450645064604 28.8868484319809582
6.4706470647064691 -24.3511646423776540
6.4906490649064921 11.2433934914391926
6.5106510651065150 38.1722253220426921
6.5306530653065380 12.8698010719234794
6.5506550655065610 17.7701397800133982
6.5706570657065697 4.1510316577967785
6.5906590659065927 18.2978316455349344
6.6106610661066156 54.5218707532409894
6.6306630663066386 7.8450595766522184
6.6506650665066616 -13.3393003553439016
6.6706670667066703 32.7019193315831274
6.6906690669066933 10.9735187146995194
6.7106710671067162 34.5437484777708477
6.7306730673067392 -0.0616488043368477
6.7506750675067622 16.1471943483768925
6.7706770677067709 14.9130311570799918
6.7906790679067939 26.3443388360113531
6.8106810681068168 11.9368571324176038
6.8306830683068398 51.5099476552941979
6.8506850685068628 28.4540392110851386
6.8706870687068715 24.9051795193426848
6.8906890689068945 30.4898299502773469
6.9106910691069174 34.6845095391777107
6.9306930693069404 16.4573316456503278
6.9506950695069492 37.9390910159652464
6.9706970697069721 -19.2015394551219565
6.9906990699069951 6.4656971273627839
7.0107010701070180 18.3328383468073888
7.0307030703070410 -5.1684902699586637
7.0507050705070498 46.1547915081261522
7.0707070707070727 -1.2535227102117794
7.0907090709070957 10.2285151280613000
7.1107110711071186 49.7742518171789925
7.1307130713071416 34.1738072071091352
7.1507150715071504 27.3277395253880897
7.1707170717071733 5.3721192725734657
7.1907190719071963 25.7207414615674566
7.2107210721072192 17.0734030444657563
7.2307230723072422 42.4916021185105279
7.2507250725072510 -0.4828561388384998
7.2707270727072739 7.1961825125262120
7.2907290729072969 -10.8976044387816735
7.3107310731073198 33.3730952577592319
7.3307330733073428 15.3584067768014805
7.3507350735073516 9.1291324342563005
7.3707370737073745 37.2651533214140187
7.3907390739073975 19.8601312445837017
7.4107410741074204 7.3309012006429448
7.4307430743074292 40.0842074799449861
7.4507450745074522 13.0482080878298543
7.4707470747074751 13.0517484977614533
7.4907490749074981 13.6066146895566398
7.5107510751075210 16.0869771566779605
7.5307530753075298 18.3270435412170549
7.5507550755075528 27.8303699776678783
7.5707570757075757 63.6991296196363450
7.5907590759075987 17.8643542647414080
7.6107610761076216 -7.0392219670336260
7.6307630763076304 12.8822758862378119
7.6507650765076534 13.1520076858426886
7.6707670767076763 7.8990335720912963
7.6907690769076993 31.6676868390598472
7.7107710771077222 24.6016166444406821
7.7307730773077310 -8.9978261714237995
7.7507750775077540 0.2578127644643970
7.7707770777077769 28.5892217892699776
7.7907790779077999 27.9666317194537548
7.8107810781078229 45.3410728937637373
7.8307830783078316 50.8925841079910271
7.8507850785078546 38.3034779988149836
7.8707870787078775 38.5110254524003253
7.8907890789079005 9.5624732860443125
7.9107910791079092 2.9079096204573602
7.9307930793079322 40.3462913188636065
7.9507950795079552 33.2293459620828955
7.9707970797079781 -24.3423062557047629
7.9907990799080011 6.7014533879766827
8.0108010801080098 -17.6201811341082291
8.0308030803080328 -10.7921736756201732
8.0508050805080558 31.9199903057502326
8.0708070807080787 14.5547929451158318
8.0908090809081017 33.5355523316438706
8.1108110811081104 22.2624350400609430
8.1308130813081334 50.7509998455504032
8.1508150815081564 8.0283383950846190
8.1708170817081793 33.2596760048581501
8.1908190819082023 37.3201774404452351
8.2108210821082110 23.0077290873977915
8.2308230823082340 -1.8452985375050162
8.2508250825082570 29.6196868552569370
8.2708270827082799 40.3282773031988029
8.2908290829083029 13.7678241196269049
8.3108310831083116 28.9198564226527921
8.3308330833083346 32.1176161251667196
8.3508350835083576 5.0910183544396670
8.3708370837083805 4.9339067886167900
8.3908390839083893 5.6821950776701282
8.4108410841084122 47.4437673293359410
8.4308430843084352 42.1966954330969202
8.4508450845084582 9.2127480405670994
8.4708470847084811 46.8860721362591732
8.4908490849084899 6.0204596758227460
8.5108510851085128 68.2078813444189791
8.5308530853085358 30.5518287047642119
8.5508550855085588 38.3251765049365289
8.5708570857085817 -1.9458752487568987
8.5908590859085905 1.2798439009622022
8.6108610861086134 1.9061106056552113
8.6308630863086364 28.7998268620596960
8.6508650865086594 9.8958960526306186
8.6708670867086823 25.9072847962218198
8.6908690869086911 -11.2490464563294630
8.7108710871087141 46.1479133202714777
8.7308730873087370 44.7583860758669587
8.7508750875087600 60.0777988183517238
8.7708770877087829 22.9466923309985518
8.7908790879087917 31.4562703313253635
8.8108810881088147 15.7975775569725485
8.8308830883088376 -3.5516495899931968
8.8508850885088606 39.1843228466694953
8.8708870887088693 9.5620484471973572
8.8908890889088923 44.1758483647565612
8.9108910891089153 3.8600582458075596
8.9308930893089382 43.3374274199445608
8.9508950895089612 18.6057854841135963
8.9708970897089699 12.4418061392648092
8.9908990899089929 -0.8291720582895508
9.0109010901090159 16.1324906155572023
9.0309030903090388 13.9020864435141984
9.0509050905090618 0.1829060843668699
9.0709070907090705 16.7286050820773227
9.0909090909090935 15.6108384316361075
9.1109110911091165 41.5756990635588508
9.1309130913091394 43.5002175014412273
9.1509150915091624 -1.9956743598603133
9.1709170917091711 35.0842447476886434
9.1909190919091941 41.7553518950032014
9.2109210921092171 25.4861392214591369
9.2309230923092400 35.4453276767064480
9.2509250925092630 37.4526039569966969
9.2709270927092717 -3.1144186955833604
9.2909290929092947 5.6372502549245276
9.3109310931093177 -28.5065558330533939
9.3309330933093406 42.9300727255153944
9.3509350935093494 -26.4671598753205330
9.3709370937093723 -11.1047318195838081
9.3909390939093953 39.4381034343229686
9.4109410941094183 28.7643449893592376
9.4309430943094412 34.5646347123747830
9.4509450945094500 31.8372385308405725
9.4709470947094729 27.3117332127941204
9.4909490949094959 -2.8002704258275948
9.5109510951095189 -21.6885057384884519
9.5309530953095418 15.8206328401611689
9.5509550955095506 -2.7201507741927493
9.5709570957095735 31.0401881531758264
9.5909590959095965 27.9026787092786037
9.6109610961096195 21.8471633929075360
9.6309630963096424 7.7131131828072661
9.6509650965096512 26.0016087751480001
9.6709670967096741 0.7536285177530573
9.6909690969096971 32.1524825795441487
9.7109710971097201 32.3787428906404742
9.7309730973097430 -6.9220824826861325
9.7509750975097518 3.3727241575439830
9.7709770977097747 -9.6437510939792439
9.7909790979097977 18.6826715012524005
9.8109810981098207 64.9521799867801803
9.8309830983098294 11.9837837521692077
9.8509850985098524 23.0673703244659301
9.8709870987098753 21.4082064846751159
9.8909890989098983 3.7365475014405138
9.9109910991099213 36.2568356488460779
9.9309930993099300 12.4711884471313894
9.9509950995099530 33.6850057590267937
9.9709970997099759 21.4990481370538831
9.9909990999099989 3.1696561636466676
10.0110011001100219 1.2882463031341054
10.0310031003100306 2.4181116946611994
10.0510051005100536 22.4083707840812494
10.0710071007100765 2.2490211696703639
10.0910091009100995 61.9017501235307250
10.1110111011101225 27.2516601471052979
10.1310131013101312 6.8528817404473763
10.1510151015101542 -14.8821928442288396
10.1710171017101771 48.4541606332427648
10.1910191019102001 -2.0697273947004042
10.2110211021102231 13.1044543151122888
10.2310231023102318 3.2643472773949753
10.2510251025102548 21.3170625187408334
10.2710271027102777 -8.9102119157733952
10.2910291029103007 2.6120336335760541
10.3110311031103095 13.4565371635591475
10.3310331033103324 37.8764998949206628
10.3510351035103554 15.6446592610877673
10.3710371037103783 32.3310529236274178
10.3910391039104013 16.1011152443792476
10.4110411041104101 10.0157674847286682
10.4310431043104330 57.7989232208414521
10.4510451045104560 30.2667953385917841
10.4710471047104789 7.3455791092683409
10.4910491049105019 21.9308070456811066
10.5110511051105107 -11.6190735531115976
10.5310531053105336 24.4644183437965701
10.5510551055105566 54.7874587455131632
10.5710571057105795 26.1586857951804177
10.5910591059106025 11.0683309399133769
10.6110611061106113 7.9098927977530398
10.6310631063106342 54.1300083665490419
10.6510651065106572 12.1991830390549545
10.6710671067106802 18.8949567936116480
10.6910691069107031 62.5135487043639131
10.7110711071107119 39.2829771441723352
10.7310731073107348 15.8607215889916056
10.7510751075107578 -18.2451034901349409
10.7710771077107808 36.4256705150681626
10.7910791079107895 29.7940406045761215
10.8110811081108125 22.6993035307839222
10.8310831083108354 25.4988684486416304
10.8510851085108584 42.7119009186383636
10.8710871087108814 56.5774772300833604
10.8910891089108901 -26.5631403843802865
10.9110911091109131 35.3991623596403713
10.9310931093109360 7.8652939612093977
10.9510951095109590 24.2448856437330313
10.9710971097109820 -6.9490043783974471
10.9910991099109907 13.1321024289834369
11.0111011101110137 17.3626425467906387
11.0311031103110366 13.7420688301817790
11.0511051105110596 13.1053533432277298
11.0711071107110826 21.1233610053549441
11.0911091109110913 40.5084604921587257
11.1111111111111143 26.7263087675062749
11.1311131113111372 26.5727604328128812
11.1511151115111602 11.1673453074108835
11.1711171117111832 18.8188819892298049
11.1911191119111919 51.4456308963606261
11.2111211121112149 14.5327714701452138
11.2311231123112378 32.5109822067267160
11.2511251125112608 21.2493691491246395
11.2711271127112695 -8.4486991451450173
11.2911291129112925 -12.8493361765282259
11.3111311131113155 52.9186745243814443
11.3311331133113384 6.4644844183026464
11.3511351135113614 11.2272211614907267
11.3711371137113701 -12.2029497969829315
11.3911391139113931 30.8866975843160105
11.4111411141114161 35.9856768007769858
11.4311431143114390 16.3466699861176963
11.4511451145114620 14.6444906061066469
11.4711471147114707 17.1466996306197856
11.4911491149114937 17.0208603494806532
11.5111511151115167 5.9991038361805931
11.5311531153115396 33.1016625274176377
11.5511551155115626 -17.3539742581399814
11.5711571157115714 4.3877765613703446
11.5911591159115943 40.7626355935253741
11.6111611161116173 30.6363358189554269
11.6311631163116402 -19.9157976900070324
11.6511651165116632 13.1958824597239399
11.6711671167116720 -21.8377970585988521
11.6911691169116949 21.0018865946825990
11.7111711171117179 3.8619356513089702
11.7311731173117408 -22.6314152414482450
11.7511751175117496 24.4550161190360456
11.7711771177117726 -0.7324446056139884
11.7911791179117955 21.0035661071104229
11.8111811181118185 41.3741626513489962
11.8311831183118414 22.8113523227272346
11.8511851185118502 43.1059715525229734
11.8711871187118732 9.9797507392136815
11.8911891189118961 22.3542498925391975
11.9111911191119191 17.2748301996954048
11.9311931193119420 15.3822983924703998
11.9511951195119508 20.8488853615422691
11.9711971197119738 17.0796038447052716
11.9911991199119967 37.5273395357608450
12.0112011201120197 13.7975280803220510
12.0312031203120426 45.6523949225273782
12.0512051205120514 20.0683327510237959
12.0712071207120744 27.5742581185715352
12.0912091209120973 22.1883581638546019
12.1112111211121203 18.2018352547071594
12.1312131213121432 18.6606353380039600
12.1512151215121520 15.1530357453459636
12.1712171217121750 23.3470204900367762
12.1912191219121979 14.2857991793535071
12.2112211221122209 26.8710762516419202
12.2312231223122296 38.1195171566544388
12.2512251225122526 -25.5809555733244700
12.2712271227122756 14.5977997034092422
12.2912291229122985 30.8231271712828132
12.3112311231123215 22.5541377280997253
12.3312331233123302 4.3625773962923411
12.3512351235123532 25.6009023740843489
12.3712371237123762 29.6932570554323121
12.3912391239123991 58.7394765636226026
12.4112411241124221 40.0534402244873036
12.4312431243124308 44.0568160856870179
12.4512451245124538 7.6779628317686317
12.4712471247124768 23.9892082340618487
12.4912491249124997 30.3652844191907931
12.5112511251125227 37.3781859848963691
12.5312531253125314 37.2386440199880937
12.5512551255125544 12.0794040828478231
12.5712571257125774 9.5499402230507648
12.5912591259126003 -5.8728694636025267
12.6112611261126233 25.6769516855261593
12.6312631263126320 -3.3712389231190691
12.6512651265126550 14.2302077353216081
12.6712671267126780 31.0999080522160583
12.6912691269127009 -3.0157328780133881
12.7112711271127239 16.4954027494928894
12.7312731273127326 27.2114466774858244
12.7512751275127556 19.1162270758218646
12.7712771277127786 -6.2127089555126673
12.7912791279128015 4.3527238475044445
12.8112811281128103 17.1875337509810358
12.8312831283128332 27.1523164357843640
12.8512851285128562 10.9815061536231795
12.8712871287128792 21.9217720766778044
12.8912891289129021 24.2451925770246746
12.9112911291129109 6.6776513585126178
12.9312931293129338 39.2612824965100344
12.9512951295129568 56.0329998567674323
12.9712971297129798 7.9066973798462552
12.9912991299130027 44.4351122866882235
13.0113011301130115 17.2506057286805934
13.0313031303130344 47.0833990344525120
13.0513051305130574 36.6432982305994202
13.0713071307130804 -15.0075182515686905
13.0913091309131033 27.7018722491315970
13.1113111311131121 18.6486266101159828
13.1313131313131350 15.3369965651492279
13.1513151315131580 45.5173022967716179
13.1713171317131810 16.3132933826342530
13.1913191319132039 16.0555590575581562
13.2113211321132127 33.8223456468288717
13.2313231323132356 29.7150480714313616
13.2513251325132586 16.5396802821940661
13.2713271327132816 42.4599795288207247
13.2913291329132903 6.6215601986906698
13.3113311331133133 40.9835916413615564
13.3313331333133362 42.2381922074185638
13.3513351335133592 9.4706903243727556
13.3713371337133822 26.6091812131995766
13.3913391339133909 16.4175763009980642
13.4113411341134139 16.1200765856101640
13.4313431343134368 11.3341603022672928
13.4513451345134598 24.0366906748448415
13.4713471347134828 35.2362829907536081
13.4913491349134915 12.4809564690505450
13.5113511351135145 -2.2184783042922938
13.5313531353135375 47.9994933546891147
13.5513551355135604 20.8584735013716269
13.5713571357135834 32.5968893703104143
13.5913591359135921 26.1501551723856558
13.6113611361136151 10.8668690503042722
13.6313631363136381 30.2212204682040166
13.6513651365136610 10.3081608639712101
13.6713671367136840 24.9221085608124540
13.6913691369136927 20.0007780508524569
13.7113711371137157 20.9468756184097629
13.7313731373137387 -16.3492880188044936
13.7513751375137616 19.0472604675074031
13.7713771377137704 -21.1707989069239275
13.7913791379137933 35.2757308641707255
13.8113811381138163 -0.1184179280855169
13.8313831383138393 -20.3261821741379336
13.8513851385138622 32.7953731984899761
13.8713871387138710 41.2757339287223886
13.8913891389138939 36.3466208930696482
13.9113911391139169 30.3036614984597819
13.9313931393139399 21.9112807006567536
13.9513951395139628 3.4451129891945094
13.9713971397139716 34.0093182786090011
13.9913991399139945 52.6734908150679928
14.0114011401140175 38.2001268428881247
14.0314031403140405 20.4183847379747938
14.0514051405140634 17.9317759205731200
14.0714071407140722 21.3402241166074411
14.0914091409140951 -19.5079985818611092
14.1114111411141181 8.1693838018403060
14.1314131413141411 4.0291480662950097
14.1514151415141640 9.6688834941021149
14.1714171417141728 8.5581331848395106
14.1914191419141957 -1.3424124328381772
14.2114211421142187 12.0390948676028451
14.2314231423142417 14.1448879570628812
14.2514251425142504 -8.5795469758434280
14.2714271427142734 61.6265982393458103
14.2914291429142963 14.2957648651387217
14.3114311431143193 15.2732225548693670
14.3314331433143423 26.1384516943356822
14.3514351435143510 49.1802997812403504
14.3714371437143740 -9.0904203849782910
14.3914391439143969 12.8703145231283216
14.4114411441144199 19.4024588636933970
14.4314431443144429 21.0191982162234261
14.4514451445144516 33.3618111892405409
14.4714471447144746 47.0616767696842473
14.4914491449144975 29.3517380595131776
14.5114511451145205 8.3229595024249896
14.5314531453145435 43.9447018876120978
14.5514551455145522 29.0637174094484365
14.5714571457145752 13.2259475445891788
14.5914591459145981 8.9413502490392833
14.6114611461146211 9.8597358323181261
14.6314631463146441 7.3254573378627406
14.6514651465146528 9.0754062698417197
14.6714671467146758 21.9475073549483071
14.6914691469146987 12.2775552779154218
14.7114711471147217 60.4949171607946496
14.7314731473147305 -7.5879879553168053
14.7514751475147534 11.4788900431795291
14.7714771477147764 14.9531424569754421
14.7914791479147993 -0.9659921179671471
14.8114811481148223 -12.8385671815080826
14.8314831483148311 55.7065801325756240
14.8514851485148540 23.2878690627138027
14.8714871487148770 32.4800053918762757
14.8914891489148999 28.0505401666930752
14.9114911491149229 12.9760256237600125
14.9314931493149317 4.6060350775266610
14.9514951495149546 -16.1320467495394375
14.9714971497149776 38.7280535550645908
14.9914991499150005 25.1936145997338130
15.0115011501150235 2.7507779697521748
15.0315031503150323 57.5392957066210471
15.0515051505150552 43.8864597441764204
15.0715071507150782 3.2883093616502812
15.0915091509151011 9.6725572630347134
15.1115111511151241 14.3618031888291444
15.1315131513151329 38.2236389098685123
15.1515151515151558 29.1988591525715293
15.1715171517151788 13.8218694356060290
15.1915191519152017 49.5974373428781021
15.2115211521152105 24.0052627625374626
15.2315231523152335 45.2314172423318155
15.2515251525152564 29.3595849163301210
15.2715271527152794 46.8984500918310658
15.2915291529153023 0.2269583757349309
15.3115311531153111 12.2019610081727503
15.3315331533153341 -3.1298846839454342
15.3515351535153570 1.5353947686010958
15.3715371537153800 29.1078558211991201
15.3915391539154029 33.0504612805321898
15.4115411541154117 24.9631318861405234
15.4315431543154347 4.1383924445767661
15.4515451545154576 3.9237007548955756
15.4715471547154806 8.5550240869132441
15.4915491549155036 13.6623378985682145
15.5115511551155123 17.8039852299432582
15.5315531553155353 13.6986155400171405
15.5515551555155582 35.3793797660845541
15.5715571557155812 64.7854372526691691
15.5915591559156042 27.0707576504152314
15.6115611561156129 45.0444973997049658
15.6315631563156359 10.3699105735826400
15.6515651565156588 -9.9815922808352120
15.6715671567156818 -12.5818652709168752
15.6915691569156905 -13.1675835476410157
15.7115711571157135 52.3698614233218791
15.7315731573157365 4.5779065481201648
15.7515751575157594 16.9126682492184166
15.7715771577157824 -17.7795810404728307
15.7915791579157911 13.9922494786758485
15.8115811581158141 -8.9625655722290247
15.8315831583158371 41.4283365507471615
15.8515851585158600 47.6527554458574798
15.8715871587158830 32.4445936867096165
15.8915891589158917 25.8612184046607432
15.9115911591159147 5.4637553676841240
15.9315931593159377 4.4610305412233675
15.9515951595159606 9.8730601052332787
15.9715971597159836 5.3321455440670782
15.9915991599159923 -4.6998976380329296
16.0116011601160153 11.0983364756210001
16.0316031603160383 -15.8750958738833603
16.0516051605160612 -2.6771561522107206
16.0716071607160842 9.7671760019431648
16.0916091609160929 -5.3458702173425294
16.1116111611161159 12.8910167064730281
16.1316131613161389 43.7621613168770693
16.1516151615161618 29.8745231765140247
16.1716171617161706 34.9749683442681913
16.1916191619161935 23.3120846153428687
16.2116211621162165 7.0289640248529857
16.2316231623162395 10.4960761874623270
16.2516251625162624 42.5127881907091734
16.2716271627162712 30.1160468114072444
16.2916291629162941 7.6754480000216372
16.3116311631163171 6.9777427892139841
16.3316331633163401 -5.0045224698063215
16.3516351635163630 10.8039031085762325
16.3716371637163718 31.2920500592722703
16.3916391639163948 34.9231967890356785
16.4116411641164177 -2.8213857568474836
16.4316431643164407 40.7460466465685869
16.4516451645164636 2.6739159747358023
16.4716471647164724 28.6740428234867863
16.4916491649164954 10.9779222806575731
16.5116511651165183 30.0557859368388449
16.5316531653165413 -15.9819655358789952
16.5516551655165642 23.4148579545612421
16.5716571657165730 23.6568672117281196
16.5916591659165960 12.0840679266038649
16.6116611661166189 -1.4292095458906644
16.6316631663166419 39.5397678153618202
16.6516651665166506 34.4653689742719962
16.6716671667166736 48.5043816590594119
16.6916691669166966 11.7034035013760480
16.7116711671167195 17.8639086249814802
16.7316731673167425 26.5199527554017678
16.7516751675167512 25.9546650317571590
16.7716771677167742 25.3689387081723936
16.7916791679167972 15.2089029419036095
16.8116811681168201 30.3912855882998585
16.8316831683168431 39.8562447422829962
16.8516851685168518 4.3565895943105897
16.8716871687168748 14.1297749175082661
16.8916891689168978 16.9131482821968433
16.9116911691169207 49.0622759958815067
16.9316931693169437 2.6196453132779638
16.9516951695169524 24.8921446621784348
16.9716971697169754 18.7555094016873056
16.9916991699169984 23.5834965736072348
17.0117011701170213 7.9517050027288239
17.0317031703170443 15.8461613810921502
17.0517051705170530 3.5860763878753747
17.0717071707170760 7.7019435947678936
17.0917091709170990 31.0867829499608135
17.1117111711171219 14.0307765858933475
17.1317131713171307 -10.5037413425300556
17.1517151715171536 -14.3757492104796878
17.1717171717171766 1.0332027353203141
17.1917191719171996 30.6014790865617314
17.2117211721172225 16.4127006935934503
17.2317231723172313 12.7712630602397699
17.2517251725172542 -11.0950686668373262
17.2717271727172772 16.6651628489888637
17.2917291729173002 32.7648721470062654
17.3117311731173231 -0.7937910148302727
17.3317331733173319 21.7865821483014699
17.3517351735173548 30.7871530459850860
17.3717371737173778 9.8855549553056790
17.3917391739174008 16.9698208022525314
17.4117411741174237 16.3036948319823338
17.4317431743174325 -21.5102386494157471
17.4517451745174554 19.6129300710262697
17.4717471747174784 24.8868773630787601
17.4917491749175014 27.7056805193262115
17.5117511751175243 7.5364076760174328
17.5317531753175331 30.1492446434469912
17.5517551755175560 13.0724254038726677
17.5717571757175790 35.9728783118600575
17.5917591759176020 33.5458841829073506
17.6117611761176107 21.9635499366433251
17.6317631763176337 19.6176623275994828
17.6517651765176566 39.6198264970319443
17.6717671767176796 10.0939114720399807
17.6917691769177026 28.2055676809965874
17.7117711771177113 2.2135812802110504
17.7317731773177343 5.3874961419082954
17.7517751775177572 37.7073633125157031
17.7717771777177802 14.5957389424373822
17.7917791779178032 47.5851885476670944
17.8117811781178119 5.3708389242464811
17.8317831783178349 28.4740544691932520
17.8517851785178578 -14.4787683977901089
17.8717871787178808 28.3776954539029092
17.8917891789179038 36.8611740192771862
17.9117911791179125 -7.1693453094748119
17.9317931793179355 -6.9321073968289113
17.9517951795179584 30.9980744892503068
17.9717971797179814 -0.0094728445832555
17.9917991799180044 23.8244882063544772
18.0118011801180131 25.1832962055461351
18.0318031803180361 19.2446886563890800
18.0518051805180590 50.5973722101917929
18.0718071807180820 -12.3150844842919902
18.0918091809180908 22.6074603589741230
18.1118111811181137 17.5764371483469901
18.1318131813181367 27.5950861751509464
18.1518151815181596 -13.9737981842942176
18.1718171817181826 38.3640296039021678
18.1918191819181914 49.2863582981147346
18.2118211821182143 15.6528550756378007
18.2318231823182373 -9.2345906595077931
18.2518251825182602 -8.2521135163905512
18.2718271827182832 9.0987499102501221
18.2918291829182920 25.7577311516171576
18.3118311831183149 4.1469414964572717
18.3318331833183379 10.3155395662444107
18.3518351835183609 15.3359409618138027
18.3718371837183838 17.9079853743822142
18.3918391839183926 5.1811684346767013
18.4118411841184155 28.5450005311364592
18.4318431843184385 0.8631767098740912
18.4518451845184615 23.6178663178907229
18.4718471847184844 -6.7829633076639197
18.4918491849184932 -14.2547196571093391
18.5118511851185161 9.7331447031889695
18.5318531853185391 18.9608218894398775
18.5518551855185621 3.5886333463224638
18.5718571857185708 -30.7591847257648183
18.5918591859185938 12.8147090427458092
18.6118611861186167 33.3072805702410975
18.6318631863186397 -6.5725677172302177
18.6518651865186627 -1.0836586360321832
18.6718671867186714 9.5611464940157269
18.6918691869186944 -21.9631229925598248
18.7118711871187173 5.6350581219926781
18.7318731873187403 52.0080433424015212
18.7518751875187633 1.2950033860602659
18.7718771877187720 11.6837891832543477
18.7918791879187950 -16.1356519066499118
18.8118811881188179 14.3387072700242086
18.8318831883188409 13.4865472907832977
18.8518851885188639 20.7324477243462901
18.8718871887188726 2.3154825910010999
18.8918891889188956 11.9037923770111806
18.9118911891189185 6.2260299142875990
18.9318931893189415 21.2560244373594784
18.9518951895189645 43.3361792201635012
18.9718971897189732 8.6656981557871724
18.9918991899189962 17.8576405227458963
19.0119011901190191 -4.1805160612884933
19.0319031903190421 24.6914096504832479
19.0519051905190508 2.1866647453951416
19.0719071907190738 25.1994643409673600
19.0919091909190968 30.3125654915558655
19.1119111911191197 5.4772223350016151
19.1319131913191427 -14.0280612248896936
19.1519151915191514 29.6770317973120257
19.1719171917191744 9.7603590773454947
19.1919191919191974 3.7177029856929380
19.2119211921192203 -0.3595153136630866
19.2319231923192433 18.3813297742759687
19.2519251925192521 23.5457265505769513
19.2719271927192750 -3.3291736654231574
19.2919291929192980 -13.0896845076398893
19.3119311931193209 -18.5894196674208061
19.3319331933193439 0.3645191767884235
19.3519351935193527 7.1004422549066684
19.3719371937193756 25.9418726324115916
19.3919391939193986 44.5080469130537182
19.4119411941194215 8.6151144557870865
19.4319431943194445 -2.6633462085367636
19.4519451945194533 -1.7069869455774800
19.4719471947194762 7.7879883506579350
19.4919491949194992 19.8968245081053112
19.5119511951195221 51.7126372849362497
19.5319531953195309 -4.7610843091976598
19.5519551955195539 -25.7836860368305736
19.5719571957195768 14.3948855144564405
19.5919591959195998 6.5573097623599317
19.6119611961196227 18.9935654793677102
19.6319631963196315 32.2202007544246527
19.6519651965196545 30.9249684469861847
19.6719671967196774 17.5651954843025138
19.6919691969197004 40.5133543826429587
19.7119711971197233 7.5318250262156461
19.7319731973197321 1.5203585714946417
19.7519751975197551 9.7950526893998067
19.7719771977197780 52.3290763134695567
19.7919791979198010 1.8259028324000841
19.8119811981198239 24.7231184122432097
19.8319831983198327 7.3599242611806543
19.8519851985198557 -5.3552059948044111
19.8719871987198786 0.6341528890436265
19.8919891989199016 31.6884028638482889
19.9119911991199245 15.8442536016376501
19.9319931993199333 -40.0194086169570866
19.9519951995199563 28.2647798989858288
19.9719971997199792 33.1938124446886818
19.9919991999200022 1.3792194283888612
20.0120012001200109 13.0757767869745472
20.0320032003200339 20.1749200902185741
20.0520052005200569 23.9784825864347120
20.0720072007200798 10.6162453126279299
20.0920092009201028 1.9288946785702876
20.1120112011201115 8.8161515165452435
20.1320132013201345 9.4071752822765973
20.1520152015201575 4.7325054673231470
20.1720172017201804 -1.6082569893478667
20.1920192019202034 -7.8777233595982548
20.2120212021202121 4.0080347865667338
20.2320232023202351 30.6424744453371858
20.2520252025202581 19.3476834511945839
20.2720272027202810 31.9191302801261969
20.2920292029203040 18.6490656036292926
20.3120312031203127 7.7806993466872099
20.3320332033203357 -7.6143404094373572
20.3520352035203587 27.8484370882238998
20.3720372037203816 34.2390638743275986
20.3920392039204046 30.9679462239039864
20.4120412041204133 -2.6207403508414480
20.4320432043204363 28.7055953657379064
20.4520452045204593 40.0169866245850656
20.4720472047204822 3.2883111207240674
20.4920492049204910 -11.0739970608108997
20.5120512051205139 3.5926344928150566
20.5320532053205369 -4.2445550456553676
20.5520552055205599 29.4388364970066121
20.5720572057205828 36.8940808347095555
20.5920592059205916 -2.5329481029490584
20.6120612061206145 29.1356993719992730
20.6320632063206375 -2.3271667365697102
20.6520652065206605 20.8082268447698304
20.6720672067206834 16.8917996468951479
20.6920692069206922 3.4500061414712277
20.7120712071207151 -11.9726333508507015
20.7320732073207381 13.7495823534540911
20.7520752075207611 -24.8911384407657081
20.7720772077207840 28.9511818549291249
20.7920792079207928 10.1544534532795314
20.8120812081208157 47.1141771934075351
20.8320832083208387 45.3931595257712175
20.8520852085208617 10.4442123711793755
20.8720872087208846 58.8504676993471634
20.8920892089208934 25.4710338772953584
20.9120912091209163 -26.1598670966095277
20.9320932093209393 8.9442555440642160
20.9520952095209623 6.0284462096727340
20.9720972097209710 -2.7425202248732834
20.9920992099209940 -27.5312699443084696
21.0121012101210169 21.7813862766118547
21.0321032103210399 13.8691392329967940
21.0521052105210629 -19.7849098660751359
21.0721072107210716 12.0970831913627048
21.0921092109210946 -0.9688595451343680
21.1121112111211175 38.3197962303165909
21.1321132113211405 17.8986281528154549
21.1521152115211635 9.9955758391559044
21.1721172117211722 24.9464300511505535
21.1921192119211952 6.2695640635628900
21.2121212121212182 12.5918991726315923
21.2321232123212411 30.9742313686634780
21.2521252125212641 35.7350670319032417
21.2721272127212728 53.7462112684426785
21.2921292129212958 12.3981478197669688
21.3121312131213188 18.5669773565519201
21.3321332133213417 2.1419300674966273
21.3521352135213647 9.4921204303373869
21.3721372137213734 43.8794185379557078
21.3921392139213964 15.4588575475880070
21.4121412141214194 1.7060491108690581
21.4321432143214423 -18.6298344868645174
21.4521452145214511 47.8525418393716393
21.4721472147214740 16.3431353605092795
21.4921492149214970 31.4385768209686063
21.5121512151215200 -15.4313997151519260
21.5321532153215429 26.6380294534957649
21.5521552155215517 6.2186199215422144
21.5721572157215746 -6.4573092556371083
21.5921592159215976 8.8190146264452753
21.6121612161216206 32.6971882155188922
21.6321632163216435 19.3943352123543420
21.6521652165216523 5.9085006867630359
21.6721672167216752 58.3560850138062079
21.6921692169216982 9.6746257183421385
21.7121712171217212 -0.4388588567343845
21.7321732173217441 23.4583614599091845
21.7521752175217529 2.0000215282944751
21.7721772177217758 22.7935255093385827
21.7921792179217988 18.8168631154999026
21.8121812181218218 20.7521184289867975
21.8321832183218447 -12.7910891923544288
21.8521852185218535 2.3870392123603992
21.8721872187218764 -9.5139430998820558
21.8921892189218994 -12.5436651142296665
21.9121912191219224 23.2305283916486118
21.9321932193219311 18.1354742780342235
21.9521952195219541 5.9034890382512852
21.9721972197219770 -3.2746018511880521
21.9921992199220000 -8.0071538617868026
22.0122012201220230 1.0632481261911462
22.0322032203220317 8.7185704598244786
22.0522052205220547 25.1290044137100139
22.0722072207220776 14.5745249209953354
22.0922092209221006 19.6688004898067383
22.1122112211221236 30.3063692455357696
22.1322132213221323 3.0221568563757621
22.1522152215221553 32.4238506633801151
22.1722172217221782 -12.0318732027645208
22.1922192219222012 42.2789172655883050
22.2122212221222242 33.6034340717362880
22.2322232223222329 33.1376890201329601
22.2522252225222559 10.8454720517217975
22.2722272227222788 5.7550228244163675
22.2922292229223018 18.0470786822277987
22.3122312231223248 -4.2457869152657857
22.3322332233223335 3.9392030458229907
22.3522352235223565 -3.3273135461660850
22.3722372237223794 20.9637758892704795
22.3922392239224024 26.1418001837727338
22.4122412241224112 3.5158191757024309
22.4322432243224341 30.0783933776294461
22.4522452245224571 48.7556804050499437
22.4722472247224800 18.6230997458718939
22.4922492249225030 10.5265373747921220
22.5122512251225118 -2.7859733542453178
22.5322532253225347 7.3340789262924240
22.5522552255225577 15.8245401331569866
22.5722572257225806 -15.8132634772077587
22.5922592259226036 41.6015970244822171
22.6122612261226124 -12.6539038425773267
22.6322632263226353 12.5160546947079894
22.6522652265226583 21.7350607143354679
22.6722672267226812 19.3749702075870047
22.6922692269227042 -4.9341017232045754
22.7122712271227130 17.9125617232196745
22.7322732273227359 25.9945613204628927
22.7522752275227589 53.3341927164875926
22.7722772277227818 23.0360064553268487
22.7922792279228048 4.7305659499047117
22.8122812281228136 -8.9247230550076235
22.8322832283228365 35.3646563209682512
22.8522852285228595 -12.5947355971373174
22.8722872287228824 24.7208932863370840
22.8922892289228912 19.8610427777666914
22.9122912291229142 51.3894690698946874
22.9322932293229371 15.5498398006424132
22.9522952295229601 23.9794382881929948
22.9722972297229830 -28.1498490188935406
22.9922992299229918 21.8281695179744020
23.0123012301230148 6.4550051553726835
23.0323032303230377 56.5733785358280841
23.0523052305230607 -6.5546434933726569
23.0723072307230836 -9.3430259564551701
23.0923092309230924 4.5143824020362580
23.1123112311231154 -1.2218509642701996
23.1323132313231383 44.1799447795000688
23.1523152315231613 28.7908689419914481
23.1723172317231842 -10.7182157510451930
23.1923192319231930 19.8789070002100630
23.2123212321232160 -40.5523853546969661
23.2323232323232389 -4.4739697292023486
23.2523252325232619 6.3327707654732901
23.2723272327232849 48.5541748751243318
23.2923292329232936 34.6173045357198745
23.3123312331233166 16.8136474544448511
23.3323332333233395 14.6234060492605238
23.3523352335233625 -4.8724514467056910
23.3723372337233855 -12.6186523199146894
23.3923392339233942 25.4906085753011240
23.4123412341234172 -11.3887086049218631
23.4323432343234401 -18.0872253856343050
23.4523452345234631 10.8192588619230676
23.4723472347234718 40.2990019309452521
23.4923492349234948 10.3727586908911888
23.5123512351235178 4.1440374228043728
23.5323532353235407 0.0427676112250932
23.5523552355235637 19.1868360043961061
23.5723572357235724 13.7316353330960812
23.5923592359235954 -18.1462491174721237
23.6123612361236184 32.0092257035031551
23.6323632363236413 -0.1510174192580607
23.6523652365236643 -21.8699721366973350
23.6723672367236730 20.3261451073819401
23.6923692369236960 -18.9198414147982703
23.7123712371237190 -1.9365665893161292
23.7323732373237419 -2.7013901918099048
23.7523752375237649 30.2307097810603906
23.7723772377237736 26.8619369832101214
23.7923792379237966 16.7913457266720947
23.8123812381238196 22.5758845603506657
23.8323832383238425 -6.0875085849695552
23.8523852385238655 1.7055337541909354
23.8723872387238742 4.7424795014286518
23.8923892389238972 30.7474193583626061
23.9123912391239202 3.9461709093484583
23.9323932393239431 -20.0108176429003564
23.9523952395239519 28.4604399038153133
23.9723972397239748 8.2518390814739391
23.9923992399239978 14.0407841345246780
24.0124012401240208 25.7942610691785319
24.0324032403240437 -0.6595782607703100
24.0524052405240525 -5.2924028804285630
24.0724072407240755 5.4663139413314212
24.0924092409240984 50.6761857486593215
24.1124112411241214 -3.6877361642845461
24.1324132413241443 32.3802759821015442
24.1524152415241531 12.7819564460439565
24.1724172417241761 2.7070290781558457
24.1924192419241990 -20.3863687206589788
24.2124212421242220 -10.7514645074147079
24.2324232423242449 -4.9293746683447388
24.2524252425242537 36.9276076415097592
24.2724272427242767 11.4302684053345551
24.2924292429242996 31.4877346215663003
24.3124312431243226 18.9798459091548111
24.3324332433243455 -20.3965652712698073
24.3524352435243543 38.3959722755604957
24.3724372437243773 -22.3128816482426018
24.3924392439244002 32.3394307393581357
24.4124412441244232 11.1350475014109218
24.4324432443244319 14.6433989923724326
24.4524452445244549 -1.7181455137813284
24.4724472447244779 -20.4635776389766519
24.4924492449245008 10.2382160148162349
24.5124512451245238 4.3342447550690224
24.5324532453245325 1.8025743304524422
24.5524552455245555 34.2674681864005279
24.5724572457245785 11.6713036186621544
24.5924592459246014 -1.9002071355857257
24.6124612461246244 20.9572012118788606
24.6324632463246331 -11.2951150887748462
24.6524652465246561 4.7345147391123081
24.6724672467246791 -9.2716136560023621
24.6924692469247020 33.1637812803514720
24.7124712471247250 7.4022265266630010
24.7324732473247337 0.2959425760897023
24.7524752475247567 22.7359364501123054
24.7724772477247797 16.9594418560851494
24.7924792479248026 -21.5836845978411702
24.8124812481248256 -21.0988696894928154
24.8324832483248343 33.4931654163938859
24.8524852485248573 24.2794750759605193
24.8724872487248803 -27.9372404203080826
24.8924892489249032 0.2138265105231767
24.9124912491249120 7.4215864041050219
24.9324932493249349 10.3069077076855180
24.9524952495249579 -40.2379899928485045
24.9724972497249809 38.5368879228542625
24.9924992499250038 -7.1703888664371167
25.0125012501250126 29.5284781286335942
25.0325032503250355 51.4583984193481783
25.0525052505250585 40.3905501160196110
25.0725072507250815 -4.7261950423856582
25.0925092509251044 8.3308869236710503
25.1125112511251132 6.4377010068124019
25.1325132513251361 10.1595514513522271
25.1525152515251591 -3.8091774466168538
25.1725172517251821 15.1566683034667964
25.1925192519252050 -20.9474950004201546
25.2125212521252138 -16.5193211968310436
25.2325232523252367 1.1979503530583520
25.2525252525252597 37.4062882675743964
25.2725272527252827 5.0894286641730613
25.2925292529253056 -5.0497800081789777
25.3125312531253144 -11.6088233548674182
25.3325332533253373 -11.8282039207257448
25.3525352535253603 -6.7212851913865990
25.3725372537253833 18.5061981242530926
25.3925392539253920 9.0674045189913457
25.4125412541254150 2.7176495058124059
25.4325432543254379 12.1487010239753346
25.4525452545254609 -18.5815258445429166
25.4725472547254839 10.6540602389719279
25.4925492549254926 2.9916730124701942
25.5125512551255156 -1.7346506166692501
25.5325532553255385 7.5687962680539993
25.5525552555255615 -25.3590364566353017
25.5725572557255845 24.5345984572212714
25.5925592559255932 -5.2887527749276906
25.6125612561256162 3.4063233310756651
25.6325632563256391 -2.6266363757912838
25.6525652565256621 6.9163315016805846
25.6725672567256851 -4.5589723969865110
25.6925692569256938 25.0664788391089530
25.7125712571257168 -6.7929814137642355
25.7325732573257397 -31.9741304995721158
25.7525752575257627 12.8286494572657244
25.7725772577257857 -2.1936995032261200
25.7925792579257944 20.2191147713744712
25.8125812581258174 -16.8996351584678024
25.8325832583258403 -7.0999534934436133
25.8525852585258633 20.1944355077907787
25.8725872587258721 -10.3110365946898881
25.8925892589258950 -5.1490096615299370
25.9125912591259180 27.1959186710501548
25.9325932593259409 8.3182488731804636
25.9525952595259639 16.1717420610530240
25.9725972597259727 12.5925002174488920
25.9925992599259956 -0.5905623864086547
26.0126012601260186 5.5946999592882589
26.0326032603260415 1.0875339886395441
26.0526052605260645 30.9695665265387063
26.0726072607260733 33.5700071806474796
26.0926092609260962 26.4392843208096160
26.1126112611261192 9.5752926829818055
26.1326132613261422 -10.0082282560917886
26.1526152615261651 37.4478418860253512
26.1726172617261739 12.2871172356868463
26.1926192619261968 15.0754008348788098
26.2126212621262198 1.5814561599725847
26.2326232623262428 -12.9614721929457435
26.2526252625262657 7.8275694343515188
26.2726272627262745 -7.6624802649721211
26.2926292629262974 -24.7426914256101860
26.3126312631263204 15.1618679471970790
26.3326332633263434 7.8322888427796267
26.3526352635263521 13.3716035620352294
26.3726372637263751 5.3904278411304940
26.3926392639263980 30.1924504924141459
26.4126412641264210 27.1974752935679192
26.4326432643264440 15.8078394123190353
26.4526452645264527 14.2756137936719441
26.4726472647264757 -12.2734138097350076
26.4926492649264986 22.8192878625268243
26.5126512651265216 18.2314494002043084
26.5326532653265446 0.3335013461088376
26.5526552655265533 40.4056090898197624
26.5726572657265763 3.4688090405087864
26.5926592659265992 40.1901673616500403
26.6126612661266222 -24.2832993038636182
26.6326632663266452 4.6528848231482485
26.6526652665266539 5.5237658871998523
26.6726672667266769 3.4214505745625572
26.6926692669266998 -49.5143680420262058
26.7126712671267228 5.7256237072303815
26.7326732673267458 3.3448305526414930
26.7526752675267545 21.4099424171836716
26.7726772677267775 -7.8378811434311286
26.7926792679268004 22.3838156693764319
26.8126812681268234 0.8330227264604897
26.8326832683268321 -41.8439005803913204
26.8526852685268551 -37.9032113599599541
26.8726872687268781 11.3850270220639089
26.8926892689269010 -2.1603381409107811
26.9126912691269240 12.0718481071099291
26.9326932693269328 11.9977178519878365
26.9526952695269557 -0.4400245564851897
26.9726972697269787 5.4796525526517508
26.9926992699270016 -20.7568377499762775
27.0127012701270246 -18.8876821444688865
27.0327032703270334 24.0427198476729274
27.0527052705270563 -15.5721998459865212
27.0727072707270793 5.5762951312641977
27.0927092709271022 -19.2796251026174268
27.1127112711271252 -0.9958435154003045
27.1327132713271340 -21.1026235937790503
27.1527152715271569 -3.1680723001289754
27.1727172717271799 -12.0209114036540079
27.1927192719272028 14.7332752906160387
27.2127212721272258 -8.5023525811674361
27.2327232723272346 19.5485978544622441
27.2527252725272575 19.5903518665520053
27.2727272727272805 5.0252845843231917
27.2927292729273034 -6.2950092012021548
27.3127312731273122 -0.5403044185690158
27.3327332733273352 -18.3656115452819719
27.3527352735273581 4.0346844382565932
27.3727372737273811 15.0762349497602237
27.3927392739274040 -28.4483322207470195
27.4127412741274128 -32.5216064925414514
27.4327432743274358 -1.1140637822682171
27.4527452745274587 8.6991458600731537
27.4727472747274817 3.1151918218785197
27.4927492749275046 5.4815043465855124
27.5127512751275134 23.1265345589851243
27.5327532753275364 0.0651342591750561
27.5527552755275593 23.8149060467493499
27.5727572757275823 9.9819142091238948
27.5927592759276052 -5.6134136220057105
27.6127612761276140 9.8507305058501693
27.6327632763276370 9.1727896107730693
27.6527652765276599 3.9160162268142091
27.6727672767276829 2.4813277368185260
27.6927692769277058 -13.2611074661103281
27.7127712771277146 4.7964852326564325
27.7327732773277376 -3.3753168081329825
27.7527752775277605 35.6348464233698436
27.7727772777277835 -12.4099583479243272
27.7927792779277922 22.5429963686769739
27.8127812781278152 5.8483290261668852
27.8327832783278382 18.0371830341861887
27.8527852785278611 -13.5692028136506444
27.8727872787278841 -17.7825146614583218
27.8927892789278928 20.9787116096817705
27.9127912791279158 7.8819418926357976
27.9327932793279388 -22.3290223568895030
27.9527952795279617 -7.7133027680821451
27.9727972797279847 4.7720400560342489
27.9927992799279934 25.0635571436842319
28.0128012801280306 19.8585742201635078
28.0328032803280394 27.1485897331768626
28.0528052805280481 -28.7145308066326734
28.0728072807280853 -8.3678500309573778
28.0928092809280940 36.9465573138658456
28.1128112811281312 15.1598465743873270
28.1328132813281400 6.2638874813109755
28.1528152815281487 -2.5461996421042317
28.1728172817281859 -13.6904675587416929
28.1928192819281946 -12.1776936447368467
28.2128212821282318 -25.1805894483192034
28.2328232823282406 -15.4545831288443125
28.2528252825282493 4.1270175044296966
28.2728272827282865 -58.9840112044305585
28.2928292829282952 14.9301068951501854
28.3128312831283324 22.4455408112618890
28.3328332833283412 8.6717650024773469
28.3528352835283499 23.0505257569242232
28.3728372837283871 11.7354504341105539
28.3928392839283958 17.6295655174742869
28.4128412841284330 -5.9500954858036890
28.4328432843284418 24.7873401711576093
28.4528452845284505 -5.3957069231654167
28.4728472847284877 -0.6040558858018823
28.4928492849284964 33.8853150557010991
28.5128512851285052 37.2955086426980316
28.5328532853285424 13.5233042911663492
28.5528552855285511 10.6821666596918252
28.5728572857285883 8.8522997284766376
28.5928592859285970 -5.3182689964242034
28.6128612861286058 0.9101950964319121
28.6328632863286430 22.4595373224939650
28.6528652865286517 13.8294534603215649
28.6728672867286889 3.4955827138540245
28.6928692869286976 19.5917046595073643
28.7128712871287064 28.9094425796864343
28.7328732873287436 -16.3835098071303626
28.7528752875287523 -36.2838229390691751
28.7728772877287895 -2.2890195063725605
28.7928792879287982 40.0927263469949295
28.8128812881288070 7.0233998858524931
28.8328832883288442 11.7795111025575956
28.8528852885288529 19.3395873902473809
28.8728872887288901 -1.8916243565692961
28.8928892889288988 27.0095932559863492
28.9128912891289076 12.5027128443005324
28.9328932893289448 -35.3302266519929802
28.9528952895289535 5.2356151285507906
28.9728972897289907 11.9289456486793206
28.9928992899289995 31.6597493151760787
29.0129012901290082 60.9068799919419988
29.0329032903290454 -5.4572879645452117
29.0529052905290541 12.5360667527206147
29.0729072907290913 -36.6224060446192183
29.0929092909291001 8.1817526981592863
29.1129112911291088 35.7050987734109739
29.1329132913291460 7.4837321727933732
29.1529152915291547 -13.5047153863715170
29.1729172917291919 -35.7603872117573758
29.1929192919292007 -16.9578672135761543
29.2129212921292094 9.5521764712793313
29.2329232923292466 -19.4982639512020413
29.2529252925292553 18.6516038567897731
29.2729272927292925 13.7682115952056705
29.2929292929293013 -3.4416952726412324
29.3129312931293100 11.4632003154282049
29.3329332933293472 0.2272638648881098
29.3529352935293559 22.1675488194942076
29.3729372937293931 22.6563378288482191
29.3929392939294019 -16.8254435101528799
29.4129412941294106 -0.8390250181071393
29.4329432943294478 -1.1891554619619793
29.4529452945294565 -16.1558461662573265
29.4729472947294653 5.4265233860761644
29.4929492949295025 5.1075320359837191
29.5129512951295112 12.7564312419767685
29.5329532953295484 -10.4507151693514295
29.5529552955295571 29.0892178575208966
29.5729572957295659 29.6459604781974235
29.5929592959296031 20.9664514870608940
29.6129612961296118 28.0428552823245276
29.6329632963296490 26.2561693150581554
29.6529652965296577 -2.3917776629427134
29.6729672967296665 -3.4717929713743576
29.6929692969297037 19.5551812451889546
29.7129712971297124 31.2031666407333113
29.7329732973297496 -9.4981686238568166
29.7529752975297583 19.9376914159195096
29.7729772977297671 -15.1776420529265117
29.7929792979298043 30.2830796299002429
29.8129812981298130 -12.3713841694229103
29.8329832983298502 4.4400002332234099
29.8529852985298589 -4.4181988872560343
29.8729872987298677 26.4377519635325839
29.8929892989299049 -30.9534550269583164
29.9129912991299136 -7.6033660897892688
29.9329932993299508 25.4256090466965361
29.9529952995299595 0.8711172793475630
29.9729972997299683 3.6502695275082289
29.9929992999300055 -9.9671509803199214
30.0130013001300142 20.1664539799553459
30.0330033003300514 -18.8215095491530064
30.0530053005300601 -4.5908164432251688
30.0730073007300689 -27.1514786455383472
30.0930093009301061 40.4866209087540412
30.1130113011301148 -24.4675401038069893
30.1330133013301520 -30.8539979355724405
30.1530153015301607 -4.2531687964066140
30.1730173017301695 19.5835556803591935
30.1930193019302067 25.7593700303909188
30.2130213021302154 -18.2856749914024768
30.2330233023302526 14.1659100025670242
30.2530253025302613 -7.6841094690612186
30.2730273027302701 4.6111813184738004
30.2930293029303073 16.8405959653572737
30.3130313031303160 14.0073829861671246
30.3330333033303532 6.3175343496743706
30.3530353035303619 16.1447239041077601
30.3730373037303707 35.4700296920226918
30.3930393039304079 13.9695176382738655
30.4130413041304166 13.4882774608525438
30.4330433043304254 0.2243728865927406
30.4530453045304625 -1.0565129091086454
30.4730473047304713 34.2343859627349048
30.4930493049305085 -4.2299012043139159
30.5130513051305172 6.5790247509167799
30.5330533053305260 1.5382988867621135
30.5530553055305631 26.5651326910855801
30.5730573057305719 -17.4880123609933769
30.5930593059306091 -21.4615133056951350
30.6130613061306178 24.7545383551733309
30.6330633063306266 -53.0068028805311400
30.6530653065306637 18.8668579263166336
30.6730673067306725 25.8765438523748976
30.6930693069307097 6.3553111606969441
30.7130713071307184 12.6140864333828251
30.7330733073307272 7.3074400162155833
30.7530753075307643 35.9726668582167974
30.7730773077307731 8.8831950199086158
30.7930793079308103 -44.6742633667737223
30.8130813081308190 26.4934457758220354
30.8330833083308278 23.6517323651406848
30.8530853085308649 -6.1116189223236530
30.8730873087308737 -11.2768808703731125
30.8930893089309109 12.7015584206689240
30.9130913091309196 -19.1785619279732025
30.9330933093309284 -0.8761566135480887
30.9530953095309656 22.0328712192136535
30.9730973097309743 5.3885854383290468
30.9930993099310115 -13.0809040470886444
31.0131013101310202 -29.5744948129669787
31.0331033103310290 35.2173095682883286
31.0531053105310662 -28.2895687895703425
31.0731073107310749 -2.8966307917852103
31.0931093109311121 -8.9292036316559837
31.1131113111311208 13.7922827726629595
31.1331133113311296 1.3217021035898302
31.1531153115311668 -17.8510382910344774
31.1731173117311755 3.3608291600134477
31.1931193119312127 -6.3225372913165643
31.2131213121312214 -11.6445342479428362
31.2331233123312302 21.4071409064532041
31.2531253125312674 -36.1795509368533459
31.2731273127312761 -3.9437987291542580
31.2931293129313133 13.4192990328198665
31.3131313131313220 14.7543561622787998
31.3331333133313308 12.4214003715235410
31.3531353135313680 9.2748336164248659
31.3731373137313767 -28.0413804397719915
31.3931393139313855 14.7073101021103341
31.4131413141314226 11.2531504412260901
31.4331433143314314 22.0089620511351001
31.4531453145314686 -7.7908827573397277
31.4731473147314773 1.8768800719666237
31.4931493149314861 37.7136470345873320
31.5131513151315232 12.9804604215803963
31.5331533153315320 0.4207857622868197
31.5531553155315692 30.1465444725012581
31.5731573157315779 -38.0703577749967579
31.5931593159315867 21.9239497719607535
31.6131613161316238 1.5961935785872858
31.6331633163316326 17.7695496201324410
31.6531653165316698 -10.6703046872200602
31.6731673167316785 5.4604714057252739
31.6931693169316873 15.5041685558531022
31.7131713171317244 -1.0695824146701698
31.7331733173317332 34.8563507688619652
31.7531753175317704 -2.7187370753363025
31.7731773177317791 -2.5547270898299539
31.7931793179317879 11.2340922854544587
31.8131813181318250 -24.8442158090269629
31.8331833183318338 23.9822192744725911
31.8531853185318710 1.5083185445737315
31.8731873187318797 -16.6561101786415264
31.8931893189318885 19.6466109337122923
31.9131913191319256 17.1389394604480074
31.9331933193319344 7.4723004350757067
31.9531953195319716 -22.5917575006362057
31.9731973197319803 -4.5835157793665875
31.9931993199319891 -25.2277803974905055
32.0132013201320262 7.4707082497796371
32.0332033203320350 2.3532563892396072
32.0532053205320722 -7.3541784978998272
32.0732073207320809 -8.2516984247690974
32.0932093209320897 -30.2668826189182312
32.1132113211321268 -10.8862215413750452
32.1332133213321356 1.0053599882337469
32.1532153215321728 -20.9522273901459144
32.1732173217321815 6.7196172635439195
32.1932193219321903 -3.3727006955473620
32.2132213221322274 20.4192846055083272
32.2332233223322362 40.3427889207388333
32.2532253225322734 -20.1471081200145399
32.2732273227322821 -50.6941122358544831
32.2932293229322909 9.2939471138919156
32.3132313231323280 -17.3798106322850430
32.3332333233323368 25.7261306898354896
32.3532353235323455 13.1513052515067699
32.3732373237323827 -13.3660069243281363
32.3932393239323915 38.1668128493882577
32.4132413241324286 -5.7582923857695203
32.4332433243324374 32.0921573003081164
32.4532453245324461 -2.9762744686032638
32.4732473247324833 -6.0088331331459761
32.4932493249324921 35.6419479890813804
32.5132513251325292 -4.0136755746433508
32.5332533253325380 -16.2320054646277256
32.5532553255325467 -22.4460825614769561
32.5732573257325839 -9.3884092633161167
32.5932593259325927 45.7463228465506759
32.6132613261326298 4.1108805780809918
32.6332633263326386 -7.4783300960577490
32.6532653265326474 -3.0983090446744606
32.6732673267326845 -23.0468363404058820
32.6932693269326933 -0.1032874078154484
32.7132713271327304 -5.6216053046852199
32.7332733273327392 -9.9945574006213267
32.7532753275327480 -24.1029544088206542
32.7732773277327851 41.4620650285323364
32.7932793279327939 -3.5860110100892943
32.8132813281328310 -0.0377919928541556
32.8332833283328398 -20.0016711162094616
32.8532853285328486 13.5851898363882988
32.8732873287328857 -16.9998766108756953
32.8932893289328945 -20.3487852759377823
32.9132913291329317 -17.4181399481134420
32.9332933293329404 -24.6528738159349103
32.9532953295329492 5.2004586664853640
32.9732973297329863 13.4719173592654222
32.9932993299329951 14.7032381202401030
33.0133013301330323 -8.9520369802235127
33.0333033303330410 -26.7865701618912091
33.0533053305330498 11.4935020016508798
33.0733073307330869 27.9811954442607451
33.0933093309330957 -17.2592443217134814
33.1133113311331329 -1.6896240381307974
33.1333133313331416 37.3904531991607456
33.1533153315331504 -32.5377221968146912
33.1733173317331875 -24.7067632229396850
33.1933193319331963 -19.9269294652178637
33.2133213321332335 32.9355514840655630
33.2333233323332422 -2.5838648466989973
33.2533253325332510 -16.7258709511133326
33.2733273327332881 9.8228538555728981
33.2933293329332969 25.1981842672145682
33.3133313331333341 26.4161006549384254
33.3333333333333428 -31.8777836773299583
33.3533353335333516 22.0428981824381935
33.3733373337333887 24.6535827287422720
33.3933393339333975 29.8746364012362555
33.4133413341334062 12.4592672959387691
33.4333433343334434 8.9980201683903971
33.4533453345334522 20.0904920453012750
33.4733473347334893 28.0648191126459032
33.4933493349334981 -0.4397209096772741
33.5133513351335068 13.1361457841864109
33.5333533353335440 -22.7887412657757658
33.5533553355335528 3.7941437204627326
33.5733573357335899 -40.5718409654789767
33.5933593359335987 -9.1916839600724387
33.6133613361336074 -19.5377916777861351
33.6333633363336446 -5.1693926841408686
33.6533653365336534 -18.0239382509986292
33.6733673367336905 -4.7967895363343711
33.6933693369336993 -2.2754155515147025
33.7133713371337080 -18.0334612276480115
33.7333733373337452 -36.8777750175645807
33.7533753375337540 -7.5629267242196860
33.7733773377337911 -14.6766892615699014
33.7933793379337999 4.2912418253388394
33.8133813381338086 -1.1426629843744418
33.8333833383338458 -19.8339802087842330
33.8533853385338546 -12.1183802902633069
33.8733873387338917 20.5481138572310869
33.8933893389339005 -25.6571096906649991
33.9133913391339092 -9.3217753683951088
33.9333933393339464 -5.9175452290343200
33.9533953395339552 30.6463873990905711
33.9733973397339923 -16.2623392081576910
33.9933993399340011 14.6118414752865018
34.0134013401340098 -12.5967366744037594
34.0334033403340470 -22.8115726951087794
34.0534053405340558 2.8964133202775035
34.0734073407340929 -22.6818790267313695
34.0934093409341017 11.7967817085016780
34.1134113411341104 12.7338626655164937
34.1334133413341476 7.1183881602997170
34.1534153415341564 -38.3667372762461696
34.1734173417341935 -7.9681907821041396
34.1934193419342023 -22.1740610571033692
34.2134213421342110 1.4658914554358953
34.2334233423342482 11.9275099299350806
34.2534253425342570 -5.6385193478626832
34.2734273427342941 6.2204018274292032
34.2934293429343029 -28.6390102273634639
34.3134313431343116 -45.1246265615178075
34.3334333433343488 -15.5279061537313101
34.3534353435343576 27.9591301246391204
34.3734373437343663 -16.9763077532955435
34.3934393439344035 13.7319889707543261
34.4134413441344122 17.1219810388944218
34.4334433443344494 6.5139714009123164
34.4534453445344582 -2.6523581837376593
34.4734473447344669 5.7875102588260576
34.4934493449345041 -35.6410140059119342
34.5134513451345128 13.1860747706366901
34.5334533453345500 10.9554881880041055
34.5534553455345588 -34.5683315005025733
34.5734573457345675 8.8103704693094471
34.5934593459346047 17.1396272596854544
34.6134613461346134 -20.8963096862854165
34.6334633463346506 4.7550910477607626
34.6534653465346594 7.6877947596558407
34.6734673467346681 -26.0332496142733731
34.6934693469347053 -13.9865134105692839
34.7134713471347141 11.7436489904128827
34.7334733473347512 1.7820867944135488
34.7534753475347600 23.2836627917512224
34.7734773477347687 14.0324964784562027
34.7934793479348059 22.0663571391966542
34.8134813481348147 -2.2052420529454619
34.8334833483348518 13.6044484738480360
34.8534853485348606 -0.0227533193334097
34.8734873487348693 -16.5535509582278770
34.8934893489349065 2.1933587925588216
34.9134913491349153 2.5571195962719990
34.9334933493349524 17.0803189590558375
34.9534953495349612 18.0728243817624410
34.9734973497349699 -9.7664096990434750
34.9934993499350071 -30.4344739354525053
35.0135013501350159 -17.2696380523909596
35.0335033503350530 0.8956930215766308
35.0535053505350618 -9.0440369377004721
35.0735073507350705 -8.8899450401643723
35.0935093509351077 -1.2612352192032159
35.1135113511351165 2.8397537753125905
35.1335133513351536 -19.4431086143091534
35.1535153515351624 3.1411980437175391
35.1735173517351711 9.2863503212859442
35.1935193519352083 13.5895317527302719
35.2135213521352171 -39.1369943549517814
35.2335233523352542 -9.3460495752974317
35.2535253525352630 -1.9787887107269970
35.2735273527352717 -23.1363754344684622
35.2935293529353089 -10.2287032900001709
35.3135313531353177 4.3098310691222608
35.3335333533353264 4.5448798635439767
35.3535353535353636 -41.5697699671289698
35.3735373537353723 15.8827455058845928
35.3935393539354095 -25.4575936484883059
35.4135413541354183 -2.8631365829871673
35.4335433543354270 -29.0691498227789857
35.4535453545354642 20.5392113579185320
35.4735473547354729 10.6071398904666037
35.4935493549355101 -13.9228788375065236
35.5135513551355189 25.1775841026345262
35.5335533553355276 7.3628416633328921
35.5535553555355648 2.3708073879950282
35.5735573557355735 4.0403442662345856
35.5935593559356107 5.8385358195119998
35.6135613561356195 -11.8845024958987473
35.6335633563356282 3.7297167585993778
35.6535653565356654 -24.1758908849956775
35.6735673567356741 -37.4747657809411052
35.6935693569357113 -3.2674562236255436
35.7135713571357201 -26.7918844384463739
35.7335733573357288 20.0556216975951678
35.7535753575357660 -14.2522930847367935
35.7735773577357747 13.2912254940316767
35.7935793579358119 8.6358912124313427
35.8135813581358207 3.2978406374001912
35.8335833583358294 7.2171228729168648
35.8535853585358666 -25.0285594312162587
35.8735873587358753 -13.8001239576871768
35.8935893589359125 9.9339794588197776
35.9135913591359213 -1.3821759152422075
35.9335933593359300 20.7248304771408947
35.9535953595359672 -24.9063404366694883
35.9735973597359759 -13.2204400588961359
35.9935993599360131 -25.8562444313501771
36.0136013601360219 8.6016188618457665
36.0336033603360306 12.6104949700362141
36.0536053605360678 -14.8376458063122474
36.0736073607360765 -1.0069125338752758
36.0936093609361137 -50.8078034534877574
36.1136113611361225 -2.9838032889860830
36.1336133613361312 -27.6103587217499857
36.1536153615361684 27.0347407225605920
36.1736173617361771 -2.4122322792951043
36.1936193619362143 0.9806627008395417
36.2136213621362231 3.0672977508759320
36.2336233623362318 27.5517314324320317
36.2536253625362690 43.0531272032174641
36.2736273627362777 1.2856954630226141
36.2936293629362865 13.0670464754395734
36.3136313631363237 23.1328323029836120
36.3336333633363324 -20.7786017761823700
36.3536353635363696 12.1974576076651218
36.3736373637363783 -5.9007194198517681
36.3936393639363871 39.8969202653410520
36.4136413641364243 20.4601519726752521
36.4336433643364330 15.0710933390355351
36.4536453645364702 -12.1003641838859863
36.4736473647364789 5.7890504682578827
36.4936493649364877 -22.4517460115024576
36.5136513651365249 0.7367448401435861
36.5336533653365336 -20.3755424842241304
36.5536553655365708 -6.8856435288040077
36.5736573657365795 -7.8869919810863429
36.5936593659365883 28.5457615806336094
36.6136613661366255 9.8007574910282074
36.6336633663366342 4.9463312401860211
36.6536653665366714 2.7528548433934494
36.6736673667366802 1.6009731905606666
36.6936693669366889 -21.3030329269941028
36.7136713671367261 -61.2244456615324708
36.7336733673367348 -4.0416288998834924
36.7536753675367720 -3.2057372560750799
36.7736773677367808 -7.0629221317153199
36.7936793679367895 -19.0848203197987054
36.8136813681368267 -28.3066212958965764
36.8336833683368354 6.1455196884163179
36.8536853685368726 -9.7137657276216061
36.8736873687368814 7.2795299929136368
36.8936893689368901 4.5894404264634314
36.9136913691369273 7.3230608756844440
36.9336933693369360 -2.3212129279543929
36.9536953695369732 -19.9112074515160700
36.9736973697369820 9.7594507813047748
36.9936993699369907 0.4421593752153945
37.0137013701370279 -2.4630730704093162
37.0337033703370366 0.5837933820872250
37.0537053705370738 -65.3842617326292554
37.0737073707370826 11.0397072364973923
37.0937093709370913 -18.7026403746591008
37.1137113711371285 -10.4906065354701354
37.1337133713371372 -14.9079170968418921
37.1537153715371744 -5.0143810289266977
37.1737173717371832 12.1527129834817700
37.1937193719371919 -23.4782652655971233
37.2137213721372291 -0.0159137961711444
37.2337233723372378 -3.2843162170680156
37.2537253725372466 -7.6094006744400220
37.2737273727372838 21.8371527983194511
37.2937293729372925 -32.6558385808131106
37.3137313731373297 -26.8132991524425535
37.3337333733373384 -17.8272842114273367
37.3537353735373472 -26.4986201541599016
37.3737373737373844 19.2466812697812664
37.3937393739373931 -23.8941342386868243
37.4137413741374303 -20.4418698617607220
37.4337433743374390 3.2615060968229947
37.4537453745374478 -4.4492101037009748
37.4737473747374850 -4.7584420884757455
37.4937493749374937 2.7404631277970095
37.5137513751375309 -58.5513491835696485
37.5337533753375396 -11.2766156075348043
37.5537553755375484 15.6636991481469785
37.5737573757375856 -4.2728854447273861
37.5937593759375943 10.1387992394899591
37.6137613761376315 -5.7242272444241227
37.6337633763376402 2.3780318435923222
37.6537653765376490 -2.9046175495496973
37.6737673767376862 30.0713614279221595
37.6937693769376949 -14.7325371244739394
37.7137713771377321 2.2635485417995023
37.7337733773377408 21.6007203990635048
37.7537753775377496 11.4002742660404088
37.7737773777377868 9.4851988014006494
37.7937793779377955 -21.8819838818605987
37.8137813781378327 -4.9955238556392247
37.8337833783378414 -33.6155530507947020
37.8537853785378502 -14.2120039968344152
37.8737873787378874 -14.8960920148763005
37.8937893789378961 -5.1511959644216967
37.9137913791379333 -4.1351901378763447
37.9337933793379420 4.2132072917329957
37.9537953795379508 -9.2842064494575958
37.9737973797379880 8.1104173843582572
37.9937993799379967 -36.3972779901888472
38.0138013801380339 16.7836559673341696
38.0338033803380426 11.8797729161439278
38.0538053805380514 -15.6533901683825398
38.0738073807380886 -11.6212962250573604
38.0938093809380973 14.6795673034259018
38.1138113811381345 -21.6950773089967868
38.1338133813381432 -40.6865937538584106
38.1538153815381520 9.0392946811021595
38.1738173817381892 -16.6864928737778868
38.1938193819381979 17.4884300526315499
38.2138213821382067 -57.7305711948396763
38.2338233823382438 -36.8293909011918714
38.2538253825382526 -13.0784235606746719
38.2738273827382898 -5.0495374578530203
38.2938293829382985 1.1525010789967114
38.3138313831383073 -38.9117861399391103
38.3338333833383444 14.8868405373048454
38.3538353835383532 6.4406498278093895
38.3738373837383904 22.2449562915127892
38.3938393839383991 -41.0244929440401407
38.4138413841384079 -44.6393179347135032
38.4338433843384450 3.0194817454413387
38.4538453845384538 12.4171874284052155
38.4738473847384910 -36.0059692929008364
38.4938493849384997 35.3987042682731854
38.5138513851385085 33.1360530301121798
38.5338533853385456 -15.0666770762001043
38.5538553855385544 -8.4183556179345036
38.5738573857385916 14.8840000615971526
38.5938593859386003 4.2415417842603533
38.6138613861386091 -1.9671041202323729
38.6338633863386463 -16.9560509795133072
38.6538653865386550 -15.1937151908107815
38.6738673867386922 -29.4793563346005953
38.6938693869387009 -8.5319018395230408
38.7138713871387097 3.5947395337614392
38.7338733873387469 -38.6706199252747211
38.7538753875387556 -22.7549403232270926
38.7738773877387928 -25.7764901806642754
38.7938793879388015 -9.7107986049734869
38.8138813881388103 15.5984069670297441
38.8338833883388475 10.7883687530512837
38.8538853885388562 13.5822738291852598
38.8738873887388934 -12.8412608039624878
38.8938893889389021 -28.6999147375554102
38.9138913891389109 -6.6224242676922849
38.9338933893389481 -9.6630756750354099
38.9538953895389568 -19.6351578116459180
38.9738973897389940 22.0578771986739923
38.9938993899390027 -28.3453025993386341
39.0139013901390115 21.7909281406453204
39.0339033903390487 -27.3605351927929519
39.0539053905390574 -4.2350833371413206
39.0739073907390946 4.3063189489792526
39.0939093909391033 -16.2210798045839937
39.1139113911391121 1.3275644842773664
39.1339133913391493 -18.8777389006840934
39.1539153915391580 -1.4707267530770025
39.1739173917391668 -3.7103492398657822
39.1939193919392039 -9.9102744001895147
39.2139213921392127 2.4700684996720268
39.2339233923392499 -2.1457515119724753
39.2539253925392586 0.9825727455961557
39.2739273927392674 5.0926022182087403
39.2939293929393045 22.0881818003508279
39.3139313931393133 -23.3982315308956110
39.3339333933393505 -11.8854801398394940
39.3539353935393592 -33.4632324322444177
39.3739373937393680 -8.0353115369229009
39.3939393939394051 14.4393067406667868
39.4139413941394139 -1.3323611194743723
39.4339433943394511 -2.2440042373893445
39.4539453945394598 -1.5571911499924096
39.4739473947394686 22.8204802522333452
39.4939493949395057 -0.7768203266131408
39.5139513951395145 17.5166187372743991
39.5339533953395517 22.7108598747477259
39.5539553955395604 -19.4686932820001246
39.5739573957395692 -18.1551095676714134
39.5939593959396063 0.2663110577520618
39.6139613961396151 -43.8551609230321660
39.6339633963396523 -29.4605486864558408
39.6539653965396610 -1.7441765533517883
39.6739673967396698 -1.0629913777845834
39.6939693969397069 -8.8262846691165269
39.7139713971397157 -31.3417796785118909
39.7339733973397529 -14.0974976564675352
39.7539753975397616 2.0775041344556548
39.7739773977397704 -10.3941154051642748
39.7939793979398075 25.0736288188541891
39.8139813981398163 -23.0046257817681585
39.8339833983398535 -14.4088130390864624
39.8539853985398622 -4.1352981591075162
39.8739873987398710 -6.5253348738582702
39.8939893989399081 2.8426002207399268
39.9139913991399169 6.0769482009937370
39.9339933993399541 7.6835651181797990
39.9539953995399628 -9.2606437482599553
39.9739973997399716 -9.8900922994030154
39.9939993999400087 -4.0742900232626447
40.0140014001400175 -10.3081510307113113
40.0340034003400547 16.1075292380992074
40.0540054005400634 -4.6406025890048257
40.0740074007400722 17.9282865476825464
40.0940094009401093 -2.9462643362814700
40.1140114011401181 -48.6476247767120853
40.1340134013401268 9.1125991709859520
40.1540154015401640 3.7104582911374369
40.1740174017401728 -12.2166681606931888
40.1940194019402099 -4.3230066608453086
40.2140214021402187 -54.2949221693467692
40.2340234023402274 -18.6052520708112112
40.2540254025402646 18.1647480175536664
40.2740274027402734 -5.7192981051243521
40.2940294029403105 -0.2026650522979265
40.3140314031403193 -9.7180260414808295
40.3340334033403281 -9.8596087665988073
40.3540354035403652 18.4382991206151203
40.3740374037403740 -9.0560613369410774
40.3940394039404111 -4.9786847500292435
40.4140414041404199 -2.9241888116111365
40.4340434043404287 -24.3990899887924932
40.4540454045404658 12.1689284700599956
40.4740474047404746 -6.7345748215152224
40.4940494049405117 -7.2785636696750577
40.5140514051405205 -9.8761458477473365
40.5340534053405293 5.2119399924138676
40.5540554055405664 24.5235357611758786
40.5740574057405752 3.9691481834773468
40.5940594059406124 -9.8741198880411964
40.6140614061406211 -7.4176377659758188
40.6340634063406299 8.6999850152523823
40.6540654065406670 7.0079426863774392
40.6740674067406758 -11.4134625085256296
40.6940694069407130 2.6844113405874248
40.7140714071407217 -19.3859031775536081
40.7340734073407305 -0.0516484611141692
40.7540754075407676 -2.1805468735027391
40.7740774077407764 6.3498459441674822
40.7940794079408136 21.5668879823804289
40.8140814081408223 1.8093665409747848
40.8340834083408311 -20.2432466004243992
40.8540854085408682 -6.0613738934917629
40.8740874087408770 -21.6663465723853719
40.8940894089409142 -21.7036068682181380
40.9140914091409229 -4.0788595404938999
40.9340934093409317 -19.4421974755909162
40.9540954095409688 -5.2999850830066091
40.9740974097409776 4.6585915975394707
40.9940994099410148 3.8692958286209063
41.0141014101410235 17.6026011873287729
41.0341034103410323 -3.6905793636009721
41.0541054105410694 -39.0407927224381055
41.0741074107410782 -23.0385885341764265
41.0941094109410869 -25.1919270671405826
41.1141114111411241 15.8331048403714938
41.1341134113411329 -49.7922071815868250
41.1541154115411700 -19.6017827059151095
41.1741174117411788 -27.0346894696696154
41.1941194119411875 -4.2580262682900401
41.2141214121412247 26.4137225413276688
41.2341234123412335 -16.2629353837982045
41.2541254125412706 -21.3867599741143479
41.2741274127412794 -10.5726160976981980
41.2941294129412881 -9.7519399933495627
41.3141314131413253 -5.4287279933972448
41.3341334133413341 -31.0234739919840621
41.3541354135413712 -35.0498284104308553
41.3741374137413800 -3.8574473537693050
41.3941394139413887 -1.2062450296565337
41.4141414141414259 -40.3693616125796737
41.4341434143414347 -39.1211160334405008
41.4541454145414718 43.7417204251381264
41.4741474147414806 16.0925312368601467
41.4941494149414893 9.0883046229066835
41.5141514151415265 -19.5308649633811982
41.5341534153415353 -1.1749194196413995
41.5541554155415724 9.8923999836857757
41.5741574157415812 7.6299512677978543
41.5941594159415899 -9.1663511201956407
41.6141614161416271 26.0967797765560015
41.6341634163416359 -17.6657851218786561
41.6541654165416730 -4.2023997695578936
41.6741674167416818 -2.6560845710356076
41.6941694169416905 -26.5413336122142027
41.7141714171417277 0.8008337582767258
41.7341734173417365 14.3795952702709613
41.7541754175417736 -32.3745568814386289
41.7741774177417824 20.5749994439850035
41.7941794179417911 -19.6531790727168207
41.8141814181418283 -15.9755276424278705
41.8341834183418371 -26.1035079195083597
41.8541854185418742 1.6721534850313526
41.8741874187418830 -0.1043697739314471
41.8941894189418917 -5.4477842884139829
41.9141914191419289 -12.1059921882472761
41.9341934193419377 -11.4843793693217116
41.9541954195419748 11.8394711019341052
41.9741974197419836 -46.3194500138099201
41.9941994199419923 7.9869125852061957
42.0142014201420295 -7.7912397984351154
42.0342034203420383 -21.1611969228329784
42.0542054205420470 -25.4798373381548870
42.0742074207420842 20.8956088922358560
42.0942094209420929 29.3528767837749598
42.1142114211421301 -23.5481717781391353
42.1342134213421389 -11.4340890731202229
42.1542154215421476 60.2320882445673078
42.1742174217421848 14.4822712615587292
42.1942194219421935 3.0146991831046099
42.2142214221422307 15.1382549607209462
42.2342234223422395 -0.5095516274351342
42.2542254225422482 -15.0768361157218251
42.2742274227422854 20.5484896366597525
42.2942294229422941 -13.0507672119332199
42.3142314231423313 3.8451736530261194
42.3342334233423401 -44.9203916847454252
42.3542354235423488 40.7361166192520301
42.3742374237423860 -21.4061140672154124
42.3942394239423948 -0.2315325490104101
42.4142414241424319 -16.2149918011743210
42.4342434243424407 0.9104139787942023
42.4542454245424494 -0.0902563535913901
42.4742474247424866 -5.3598281782764081
42.4942494249424954 -1.0155271204303435
42.5142514251425325 -5.3490243405241484
42.5342534253425413 -1.6338623790470219
42.5542554255425500 -8.2341805751623127
42.5742574257425872 -4.0478500511109097
42.5942594259425960 2.6787018256461037
42.6142614261426331 24.1305652966095252
42.6342634263426419 -14.4081727727161759
42.6542654265426506 3.1776304137900171
42.6742674267426878 2.1579660812173387
42.6942694269426966 8.3957605650321092
42.7142714271427337 3.9484266272822088
42.7342734273427425 28.4572663535170562
42.7542754275427512 -3.7142827070968583
42.7742774277427884 6.1570860422830282
42.7942794279427972 6.9493442059802240
42.8142814281428343 -1.7001031285508650
42.8342834283428431 -1.4330709632383671
42.8542854285428518 -1.8684192451828086
42.8742874287428890 13.9905684124928946
42.8942894289428978 9.0991462350991839
42.9142914291429349 -25.3289641022792011
42.9342934293429437 -4.5041150529729830
42.9542954295429524 -5.1918336339337339
42.9742974297429896 -20.4524164608168988
42.9942994299429984 13.2153633276941438
43.0143014301430071 18.5281603743227556
43.0343034303430443 -20.4628162909995623
43.0543054305430530 -10.5747411000549363
43.0743074307430902 22.2940338566736145
43.0943094309430990 16.6047338060713763
43.1143114311431077 -1.8102498058756713
43.1343134313431449 -12.2217034609495681
43.1543154315431536 -6.3346013993688741
43.1743174317431908 2.9166899632934769
43.1943194319431996 32.1035084140947973
43.2143214321432083 -18.5076354084324457
43.2343234323432455 11.2081804990821343
43.2543254325432542 14.8508625209073468
43.2743274327432914 32.2920630266790454
43.2943294329433002 21.9510541765182623
43.3143314331433089 -25.9408888635385466
43.3343334333433461 -5.4574015057258851
43.3543354335433548 -43.0864808665177605
43.3743374337433920 -31.9656952275268793
43.3943394339434008 31.4789797759811236
43.4143414341434095 -28.2695311905789453
43.4343434343434467 1.6720312579004855
43.4543454345434554 24.7259112635217555
43.4743474347434926 -5.1100148549571642
43.4943494349435014 -4.4380119487893550
43.5143514351435101 -12.2878387816934946
43.5343534353435473 -5.6072013587101894
43.5543554355435560 -28.0834375126251388
43.5743574357435932 0.0639500096724506
43.5943594359436020 1.3159197130565881
43.6143614361436107 -10.8038981106671415
43.6343634363436479 5.4183410666892593
43.6543654365436566 34.8209029334782940
43.6743674367436938 -19.1167605815397579
43.6943694369437026 0.6917262015457539
43.7143714371437113 -45.6705095486826593
43.7343734373437485 15.7871484019695085
43.7543754375437572 12.3264161481673860
43.7743774377437944 -29.1471889668655706
43.7943794379438032 1.8393712189813107
43.8143814381438119 6.7507706458338923
43.8343834383438491 -30.4552253351940365
43.8543854385438578 -18.3028783846764895
43.8743874387438950 -2.4837414122193815
43.8943894389439038 -16.8022753621175305
43.9143914391439125 -15.4561893701332735
43.9343934393439497 5.9817312333922752
43.9543954395439584 -0.1298570711300546
43.9743974397439956 -17.9269273422850333
43.9943994399440044 7.1007645352099100
44.0144014401440131 -22.3155200002678171
44.0344034403440503 -38.0840922524712440
44.0544054405440590 -0.5928046651066130
44.0744074407440678 5.8632972306447249
44.0944094409441050 -13.7841086653001064
44.1144114411441137 38.0570154201276196
44.1344134413441509 -1.8523281990432559
44.1544154415441596 18.1859986669004243
44.1744174417441684 -20.1259952638584458
44.1944194419442056 -3.3779353275161639
44.2144214421442143 -9.6091533889480942
44.2344234423442515 9.1172083759761797
44.2544254425442602 -37.4484532706701287
44.2744274427442690 4.3429507269809076
44.2944294429443062 -29.8972776906154643
44.3144314431443149 19.7813195385589715
44.3344334433443521 -20.1605491245295880
44.3544354435443609 39.9808630782802368
44.3744374437443696 -13.8373151538665038
44.3944394439444068 24.0580793117004106
44.4144414441444155 -9.5358635398359990
44.4344434443444527 12.5032643876830587
44.4544454445444615 10.9304138491605993
44.4744474447444702 9.3666190714483477
44.4944494449445074 4.6601696057140387
44.5144514451445161 34.4285502531547962
44.5344534453445533 -1.6149677723216416
44.5544554455445621 24.7913212907224256
44.5744574457445708 -7.3259099933026501
44.5944594459446080 -4.5870630358027622
44.6144614461446167 -12.8974923225077269
44.6344634463446539 -18.5235765214877937
44.6544654465446627 -1.4527899984067270
44.6744674467446714 4.7226624386010601
44.6944694469447086 16.5246002704737123
44.7144714471447173 -6.7472493797295972
44.7344734473447545 0.0764300684142394
44.7544754475447633 1.1340569731987893
44.7744774477447720 -5.5407062732763697
44.7944794479448092 -12.7569466431292842
44.8144814481448179 6.8477602155027695
44.8344834483448551 -26.6802527107422840
44.8544854485448639 14.2598632101604839
44.8744874487448726 -20.4095641595408317
44.8944894489449098 -2.4387585591788654
44.9144914491449185 -5.6340890014343010
44.9344934493449557 8.1984674309738566
44.9544954495449645 -5.4058426890935518
44.9744974497449732 4.8637558478835921
44.9944994499450104 -5.9783648686816289
45.0145014501450191 9.7319843516730735
45.0345034503450279 17.0627960771656362
45.0545054505450651 -62.4201843972095247
45.0745074507450738 2.3150098377762394
45.0945094509451110 -8.0853951194442697
45.1145114511451197 21.2719537901912297
45.1345134513451285 -33.2800793877538865
45.1545154515451657 4.8490634139601116
45.1745174517451744 -24.7887244435483467
45.1945194519452116 16.4599317373847462
45.2145214521452203 -39.4226623354868337
45.2345234523452291 7.4383358282789764
45.2545254525452663 13.8272100102485531
45.2745274527452750 -35.6259245782901530
45.2945294529453122 0.2993646459710977
45.3145314531453209 -13.2782095722635987
45.3345334533453297 5.1657495894977261
45.3545354535453669 0.2935608785749344
45.3745374537453756 1.6810368287607949
45.3945394539454128 -10.0531903086862897
45.4145414541454215 -19.4965574015791638
45.4345434543454303 4.7002464921314440
45.4545454545454675 25.3176011512983798
45.4745474547454762 4.5809475593667104
45.4945494549455134 9.4203515934580828
45.5145514551455221 -10.3417970886687254
45.5345534553455309 -23.5763876384624353
45.5545554555455681 7.5734433272057178
45.5745574557455768 0.8290945500529330
45.5945594559456140 -18.1673683209813603
45.6145614561456227 12.2554507391874523
45.6345634563456315 -27.6350077905160454
45.6545654565456687 39.0004170424275713
45.6745674567456774 32.4350065904893015
45.6945694569457146 -10.4910497960186717
45.7145714571457233 -10.1497987578067388
45.7345734573457321 25.9940243918300347
45.7545754575457693 -0.0492169606881587
45.7745774577457780 -9.5759826316734173
45.7945794579458152 -28.9971663288267791
45.8145814581458239 -11.5756682380402331
45.8345834583458327 26.9535325955130567
45.8545854585458699 -20.6738152244138327
45.8745874587458786 42.4476461181614866
45.8945894589459158 27.1770532686692405
45.9145914591459245 -24.2822287140933817
45.9345934593459333 -0.3906604676404235
45.9545954595459705 -28.9362608173033777
45.9745974597459792 21.9127128289133566
45.9945994599459880 -2.8754150239021934
46.0146014601460251 28.1154704893264302
46.0346034603460339 22.2134202873898516
46.0546054605460711 6.6780850147149433
46.0746074607460798 5.3186873487965265
46.0946094609460886 1.9024339163438579
46.1146114611461257 -12.7872829266645809
46.1346134613461345 -4.4453560840539614
46.1546154615461717 -11.3406660680803615
46.1746174617461804 -15.3538808992641584
46.1946194619461892 5.1322019925899900
46.2146214621462263 -34.3040627254407013
46.2346234623462351 -7.5328265297477106
46.2546254625462723 0.4150421650308653
46.2746274627462810 8.0126551271186575
46.2946294629462898 -30.8513566899376990
46.3146314631463270 6.0338525527232987
46.3346334633463357 40.5837350370126799
46.3546354635463729 4.9666172275001719
46.3746374637463816 -19.4939176700971117
46.3946394639463904 16.0917006841635697
46.4146414641464276 -1.4372865813909408
46.4346434643464363 -0.1519876426037603
46.4546454645464735 -9.2107391501987301
46.4746474647464822 4.3637932922640248
46.4946494649464910 -16.6079105126082780
46.5146514651465282 -32.7636849427400705
46.5346534653465369 10.1925183133515471
46.5546554655465741 -23.7682694948495055
46.5746574657465828 -27.6177010826778044
46.5946594659465916 -14.5153358562553052
46.6146614661466288 -16.1573751053162553
46.6346634663466375 -21.8243524715075843
46.6546654665466747 -22.5926152431766418
46.6746674667466834 6.3097088932898622
46.6946694669466922 5.9276559586324788
46.7146714671467294 19.5562794446946739
46.7346734673467381 -17.0698940038169660
46.7546754675467753 6.3890151477577044
46.7746774677467840 22.2706790905413889
46.7946794679467928 -24.9781646947932749
46.8146814681468300 -37.6724448400540481
46.8346834683468387 -5.2061236001127389
46.8546854685468759 -7.5510124208734064
46.8746874687468846 -18.8252582635746926
46.8946894689468934 -16.3224739004949271
46.9146914691469306 -3.6458232941622275
46.9346934693469393 2.4470523593682301
46.9546954695469481 13.1501812987255757
46.9746974697469852 -21.2269614736552867
46.9946994699469940 -13.4573102391572732
47.0147014701470312 -21.1137674312785748
47.0347034703470399 -20.7242462985340765
47.0547054705470487 8.3754508549453881
47.0747074707470858 -18.5700888566495870
47.0947094709470946 24.1559217199646881
47.1147114711471318 -32.8144705677870263
47.1347134713471405 -1.9019216557246741
47.1547154715471493 5.8637124943224199
47.1747174717471864 37.8993350844711969
47.1947194719471952 20.5137612672047638
47.2147214721472324 -4.1779156545465206
47.2347234723472411 19.1227385520527804
47.2547254725472499 10.1413107155207314
47.2747274727472870 -11.5407801972866917
47.2947294729472958 17.4478615786586388
47.3147314731473330 8.3625597130293166
47.3347334733473417 -29.1181061583109653
47.3547354735473505 11.6325101438267833
47.3747374737473876 23.3141631454873099
47.3947394739473964 7.9509532064441109
47.4147414741474336 -15.7170010295083191
47.4347434743474423 -35.2490924671573822
47.4547454745474511 23.8538415072563517
47.4747474747474882 -8.4788289038670897
47.4947494749474970 3.7889676982594924
47.5147514751475342 -12.6568120065912080
47.5347534753475429 2.8347703137132312
47.5547554755475517 22.7251742018591791
47.5747574757475888 9.4624460310869374
47.5947594759475976 -5.1990146537573123
47.6147614761476348 31.1075707628585718
47.6347634763476435 -22.2060025112785091
47.6547654765476523 -6.4442383596668442
47.6747674767476894 -24.7157212620507885
47.6947694769476982 16.8415471609716505
47.7147714771477354 -23.5038286498015587
47.7347734773477441 -16.6759962639640946
47.7547754775477529 4.8238809443789812
47.7747774777477900 -7.1787950979671615
47.7947794779477988 -19.5049212944232977
47.8147814781478360 4.2594328737562135
47.8347834783478447 -25.4726800625020289
47.8547854785478535 -5.6415702330866253
47.8747874787478906 -16.7353801985125621
47.8947894789478994 -22.7533836766729358
47.9147914791479081 16.1847240275006321
47.9347934793479453 7.5802176048749095
47.9547954795479541 2.9838957558121155
47.9747974797479912 -17.5350504994490848
47.9947994799480000 -14.2070732723179738
48.0148014801480087 -22.0070561391959671
48.0348034803480459 15.0635435625222254
48.0548054805480547 -9.9974810513155159
48.0748074807480918 -8.9740294974107346
48.0948094809481006 -0.8866398703161010
48.1148114811481094 -25.5900063946633338
48.1348134813481465 13.3858076387542866
48.1548154815481553 8.1179979727841474
48.1748174817481924 -18.7356671374508430
48.1948194819482012 -11.4156810090233147
48.2148214821482100 -23.4039388756669631
48.2348234823482471 -3.7185810668667081
48.2548254825482559 7.1465833452418535
48.2748274827482931 -17.9237984726468333
48.2948294829483018 29.8218475148194244
48.3148314831483106 -11.4251948251470132
48.3348334833483477 3.7202034733254514
48.3548354835483565 23.4235682249964370
48.3748374837483937 22.5083806809126514
48.3948394839484024 -1.3914308237225899
48.4148414841484112 -12.1219916592440899
48.4348434843484483 43.7562597359233507
48.4548454845484571 16.1368143844156897
48.4748474847484943 12.6879141584216804
48.4948494849485030 -14.9905444489245934
48.5148514851485118 -5.7388564341081594
48.5348534853485489 34.0140874520291945
48.5548554855485577 -2.0065174085295157
48.5748574857485949 12.7523405397810770
48.5948594859486036 6.8475737865392112
48.6148614861486124 -8.2679492550369211
48.6348634863486495 -10.7060796813338754
48.6548654865486583 34.6044411033330661
48.6748674867486955 -4.2600345132368735
48.6948694869487042 -19.3877673607556211
48.7148714871487130 -21.2294738347905785
48.7348734873487501 -8.7518220709995660
48.7548754875487589 33.4728579766700918
48.7748774877487961 4.1322531581438788
48.7948794879488048 -11.5862292253352059
48.8148814881488136 -2.4404882512408301
48.8348834883488507 -16.6224553842767477
48.8548854885488595 1.5881168361385574
48.8748874887488682 26.4852263226530127
48.8948894889489054 2.4206140203800821
48.9148914891489142 -24.0911977552449699
48.9348934893489513 10.2934973878946749
48.9548954895489601 0.3202033885536086
48.9748974897489688 11.3761272751913616
48.9948994899490060 48.9180829588985304
49.0149014901490148 22.8136430118415596
49.0349034903490519 -20.6759825255695304
49.0549054905490607 2.2664447387217899
49.0749074907490694 18.7302148528610815
49.0949094909491066 10.2570401521579235
49.1149114911491154 25.7088535375315423
49.1349134913491525 39.2262377159126601
49.1549154915491613 -0.8058370666405588
49.1749174917491700 17.5299712382152677
49.1949194919492072 -0.6983054205361423
49.2149214921492160 -22.1901721541876569
49.2349234923492531 20.4931608656750193
49.2549254925492619 8.8426431927120355
49.2749274927492706 -3.1438788694692552
49.2949294929493078 3.7696810070905276
49.3149314931493166 -5.5232760098015863
49.3349334933493537 3.5040748665967025
49.3549354935493625 22.0464054953268835
49.3749374937493712 -0.9744218364059773
49.3949394939494084 5.9546980035698027
49.4149414941494172 -0.1547023886736945
49.4349434943494543 -8.5265646522470995
49.4549454945494631 -20.1653007785929645
49.4749474947494718 16.5365090217889517
49.4949494949495090 -1.3366009884424801
49.5149514951495178 11.8621394834537242
49.5349534953495549 -21.3980499266069870
49.5549554955495637 -9.0569807001012990
49.5749574957495724 4.8049775606014009
49.5949594959496096 -10.3321090677214098
49.6149614961496184 -5.5075014877570210
49.6349634963496555 15.4435038711914068
49.6549654965496643 18.6813402381076799
49.6749674967496730 -3.7533457804233183
49.6949694969497102 -42.1836625987763725
49.7149714971497190 -18.6533510290894071
49.7349734973497561 25.6789477986104657
49.7549754975497649 1.2197614393587073
49.7749774977497736 10.9812653144376888
49.7949794979498108 28.5349739039640831
49.8149814981498196 -13.6443639898594569
49.8349834983498283 -3.0721707870158905
49.8549854985498655 -6.6878746752819342
49.8749874987498742 4.2988521203336454
49.8949894989499114 -0.5522644801896686
49.9149914991499202 36.5588721033946840
49.9349934993499289 -17.2761825611778477
49.9549954995499661 11.7160239610152619
49.9749974997499748 -0.1507781933811172
49.9949994999500120 7.4132201282995016
50.0150015001500208 24.5897725709300339
50.0350035003500295 -12.6229943885881539
50.0550055005500667 -5.7221500182081932
50.0750075007500755 -9.8794062508617593
50.0950095009501126 9.4361767519271229
50.1150115011501214 30.2602508759753661
50.1350135013501301 7.1971000189979222
50.1550155015501673 32.1453956235187377
50.1750175017501761 -7.8846112050282899
50.1950195019502132 -2.4387266733027735
50.2150215021502220 19.6451113431746691
50.2350235023502307 0.1035983044948505
50.2550255025502679 -9.9193793073906811
50.2750275027502767 25.4423147179145488
50.2950295029503138 8.1793249068853449
50.3150315031503226 -17.7967308728338587
50.3350335033503313 -20.5939011453945895
50.3550355035503685 -16.1062200538419162
50.3750375037503773 13.1825979908517397
50.3950395039504144 4.4125549812399720
50.4150415041504232 -29.7033600170016676
50.4350435043504319 13.1045357955340229
50.4550455045504691 2.1948499800056638
50.4750475047504779 -17.9002207625357777
50.4950495049505150 -29.9996560444137153
50.5150515051505238 0.9603014105146350
50.5350535053505325 17.3632480213744245
50.5550555055505697 12.8105453076051568
50.5750575057505785 15.1088341473468368
50.5950595059506156 -4.8468281040576411
50.6150615061506244 6.9480544430332554
50.6350635063506331 -28.9721110951578140
50.6550655065506703 16.3635533984416703
50.6750675067506791 -6.8233952695054514
50.6950695069507162 20.2152086716961037
50.7150715071507250 38.5610657109491370
50.7350735073507337 29.4110212125538979
50.7550755075507709 11.0389226884327769
50.7750775077507797 -7.5510146303822712
50.7950795079507884 -16.6035164177865866
50.8150815081508256 -10.8800132790843236
50.8350835083508343 18.6897577467832008
50.8550855085508715 19.7243042596678286
50.8750875087508803 -1.9493967543659236
50.8950895089508890 -3.2525436288312912
50.9150915091509262 -8.0767754509099934
50.9350935093509349 -15.6145106412095114
50.9550955095509721 -19.7410259775780688
50.9750975097509809 19.1076904650335173
50.9950995099509896 4.9724881522206799
51.0151015101510268 16.4751210020130010
51.0351035103510355 20.1800933733835883
51.0551055105510727 20.5012171266659102
51.0751075107510815 50.7291855834899721
51.0951095109510902 64.8156779838690085
51.1151115111511274 -11.8709243059716840
51.1351135113511361 -23.9967295437201642
51.1551155115511733 -13.9092694027874462
51.1751175117511821 -18.3800448543458437
51.1951195119511908 17.5716119881815658
51.2151215121512280 1.1320083573825030
51.2351235123512367 -15.2833930475796578
51.2551255125512739 8.1378349016652596
51.2751275127512827 -7.6118951238688206
51.2951295129512914 16.7552212180329221
51.3151315131513286 3.9384469415511743
51.3351335133513373 10.5296872587160184
51.3551355135513745 24.3069040752917829
51.3751375137513833 18.6467739857340078
51.3951395139513920 1.2547726062217199
51.4151415141514292 -1.2485572865270420
51.4351435143514379 49.0047655900320365
51.4551455145514751 44.1655464662426098
51.4751475147514839 0.7512263791333229
51.4951495149514926 1.6809120941000790
51.5151515151515298 -16.3408704118941905
51.5351535153515385 19.4649231385428827
51.5551555155515757 -20.4371130315461116
51.5751575157515845 2.2259758361501438
51.5951595159515932 18.5360088340623754
51.6151615161516304 36.8104000404378269
51.6351635163516391 31.9286442323348751
51.6551655165516763 3.2229984192604508
51.6751675167516851 4.9440472447779955
51.6951695169516938 37.8501950837053300
51.7151715171517310 -22.7393394680621981
51.7351735173517397 18.7185286356464289
51.7551755175517485 -4.3267657445071173
51.7751775177517857 -32.0609725325904975
51.7951795179517944 -5.3670856806839611
51.8151815181518316 4.3521038444820768
51.8351835183518403 4.2435708554242222
51.8551855185518491 28.1254967730369962
51.8751875187518863 22.4034128910568207
51.8951895189518950 -4.1661790700777717
51.9151915191519322 -29.1178978361405143
51.9351935193519409 28.2422716206918309
51.9551955195519497 16.0902542582175947
51.9751975197519869 -0.0565964799891905
51.9951995199519956 28.8886490755773409
52.0152015201520328 -16.1337711965678281
52.0352035203520416 -0.9204906694165924
52.0552055205520503 9.6599510714426700
52.0752075207520875 11.8358042655906637
52.0952095209520962 -3.3944135139988241
52.1152115211521334 35.1739353153216072
52.1352135213521422 5.9878504271836155
52.1552155215521509 24.4635606141273385
52.1752175217521881 32.5910755259879963
52.1952195219521968 14.3623709420913066
52.2152215221522340 -15.9742024415276216
52.2352235223522428 -3.0486874378828688
52.2552255225522515 19.1359983835758776
52.2752275227522887 -7.5592607586209581
52.2952295229522974 17.7082505649107240
52.3152315231523346 18.5967635954510371
52.3352335233523434 -5.4647018847366873
52.3552355235523521 -8.4786450541615270
52.3752375237523893 -15.5904988221373557
52.3952395239523980 12.9477455165762390
52.4152415241524352 31.6558132616724492
52.4352435243524440 -19.3890946890515607
52.4552455245524527 -13.0481382436246882
52.4752475247524899 0.2932071881639828
52.4952495249524986 -10.1537674405415785
52.5152515251525358 -11.3191232712193361
52.5352535253525446 6.8034739253132130
52.5552555255525533 35.1747781119152521
52.5752575257525905 29.9702642496996745
52.5952595259525992 14.4733435231417644
52.6152615261526364 -0.6385400464467370
52.6352635263526452 -1.7990958362558924
52.6552655265526539 32.9767949176395447
52.6752675267526911 5.9824306510153971
52.6952695269526998 20.3378650725101338
52.7152715271527086 -32.9933847900134012
52.7352735273527458 0.2516645833279139
52.7552755275527545 29.4995886451125351
52.7752775277527917 -1.4565276654636570
52.7952795279528004 -24.4895579228026889
52.8152815281528092 5.5352729960313409
52.8352835283528464 -39.3329987849861382
52.8552855285528551 32.4401210470085601
52.8752875287528923 22.4103815817463321
52.8952895289529010 52.4692462828487507
52.9152915291529098 -1.0251639797186360
52.9352935293529470 37.4151239511510028
52.9552955295529557 -7.3911105147571341
52.9752975297529929 3.4114406199117617
52.9952995299530016 42.9825678085603684
53.0153015301530104 15.1465500687993462
53.0353035303530476 -3.2071161379516244
53.0553055305530563 -8.8486941990214785
53.0753075307530935 22.9603697795864790
53.0953095309531022 10.0254947787870865
53.1153115311531110 15.4754044344928410
53.1353135313531482 -6.2974403086066015
53.1553155315531569 8.9458341560106227
53.1753175317531941 28.6279855546293298
53.1953195319532028 -13.8208313571541836
53.2153215321532116 -9.3284639893718015
53.2353235323532488 15.8076378459950533
53.2553255325532575 4.5808990181914675
53.2753275327532947 -14.1760306276547681
53.2953295329533034 -6.4045068379265366
53.3153315331533122 4.5826480788381270
53.3353335333533494 44.1466067695995505
53.3553355335533581 -23.1743550080697744
53.3753375337533953 33.1136943211956591
53.3953395339534040 11.0969443549029023
53.4153415341534128 25.0644729032262568
53.4353435343534500 19.9315615118586251
53.4553455345534587 11.2374595396841581
53.4753475347534959 25.1816721508284402
53.4953495349535046 14.8377539334462654
53.5153515351535134 35.5527435503425480
53.5353535353535506 0.0444990575840141
53.5553555355535593 18.8285754020909479
53.5753575357535965 26.4884586172380949
53.5953595359536052 36.5913520766279703
53.6153615361536140 13.4867240578519318
53.6353635363536512 -0.0555330522040851
53.6553655365536599 11.3910537428234786
53.6753675367536971 5.9647489099027151
53.6953695369537058 -1.1835246677383591
53.7153715371537146 -1.4396047037964248
53.7353735373537518 35.2633457577813942
53.7553755375537605 20.9948548226471843
53.7753775377537693 19.1269108048751484
53.7953795379538064 27.9769440445750597
53.8153815381538152 1.8216182096492926
53.8353835383538524 30.8718324416959433
53.8553855385538611 17.9482886555630579
53.8753875387538699 5.6376630854110239
53.8953895389539070 0.3735271323312546
53.9153915391539158 24.0066608574901608
53.9353935393539530 35.3246720303774993
53.9553955395539617 9.6967814077398664
53.9753975397539705 -15.6574845186835905
53.9953995399540077 11.0187669811528526
54.0154015401540164 -13.8801195687103824
54.0354035403540536 10.7022001450181676
54.0554055405540623 16.0146803891481326
54.0754075407540711 17.5003852942481757
54.0954095409541083 13.8449639105257489
54.1154115411541170 -16.8541093714669579
54.1354135413541542 -3.7946980495034115
54.1554155415541629 41.5193047551879744
54.1754175417541717 25.8344879579125148
54.1954195419542089 -16.3251465528827708
54.2154215421542176 24.9416680522991676
54.2354235423542548 26.9100728400836111
54.2554255425542635 33.2365610206100541
54.2754275427542723 2.5591933176875994
54.2954295429543095 -11.3032508776071037
54.3154315431543182 23.6020905833355528
54.3354335433543554 27.0115058072085361
54.3554355435543641 1.4355697622910668
54.3754375437543729 11.4362095313625147
54.3954395439544101 28.5967352505030945
54.4154415441544188 3.2456353802902669
54.4354435443544560 -21.4832064630608883
54.4554455445544647 -6.7795644554174661
54.4754475447544735 43.8618514360830858
54.4954495449545107 12.9463657958062335
54.5154515451545194 -3.1908635243682824
54.5354535453545566 23.4326910024337387
54.5554555455545653 46.5257488478050405
54.5754575457545741 -14.2286604304447160
54.5954595459546113 16.9911815311979062
54.6154615461546200 36.9258261496457507
54.6354635463546572 47.5406553884087799
54.6554655465546659 36.4015788919975236
54.6754675467546747 33.6065325921343998
54.6954695469547119 51.4040520533196670
54.7154715471547206 12.7717002505795154
54.7354735473547294 40.4111461452140333
54.7554755475547665 21.6022825874939954
54.7754775477547753 -5.4171182799479372
54.7954795479548125 -8.5505128005410054
54.8154815481548212 -4.3706808075927182
54.8354835483548300 27.5658275267190049
54.8554855485548671 -30.7075057629743178
54.8754875487548759 26.9335401018169307
54.8954895489549131 28.7666171886081585
54.9154915491549218 44.4977974225586834
54.9354935493549306 -1.9506396767708889
54.9554955495549677 28.9916497226827872
54.9754975497549765 -5.0741191355107453
54.9954995499550137 23.1349009348486767
55.0155015501550224 42.8053583705961387
55.0355035503550312 50.1349084326985661
55.0555055505550683 -6.2626729143735247
55.0755075507550771 35.3592277444980709
55.0955095509551143 5.4340485713761755
55.1155115511551230 35.7886714368463146
55.1355135513551318 27.3878752617773920
55.1555155515551689 50.4767281676408857
55.1755175517551777 9.5104493462037887
55.1955195519552149 20.7422090958885619
55.2155215521552236 15.8460045266725675
55.2355235523552324 -2.2803445205400692
55.2555255525552695 10.4081137398057884
55.2755275527552783 30.9677884222730810
55.2955295529553155 -8.4195838339730997
55.3155315531553242 5.1039124882674685
55.3355335533553330 7.1966168597274045
55.3555355535553701 12.4221464715559833
55.3755375537553789 37.1853548157363534
55.3955395539554161 27.6245219948837430
55.4155415541554248 20.4938036060089850
55.4355435543554336 20.9901849284250446
55.4555455545554707 1.9812376936275360
55.4755475547554795 -4.1723021039917967
55.4955495549555167 13.3677713118860400
55.5155515551555254 18.3695979046341691
55.5355535553555342 10.9200624340490116
55.5555555555555713 28.9413103286236044
55.5755575557555801 43.9717616146827197
55.5955595559556173 15.8209599336870799
55.6155615561556260 2.4573235531907862
55.6355635563556348 32.5762083393403969
55.6555655565556719 -28.7095969959797799
55.6755675567556807 -5.2851987689230562
55.6955695569556894 -13.6385799803815573
55.7155715571557266 34.3907682977636000
55.7355735573557354 -27.0018027171842796
55.7555755575557725 34.3500562720673415
55.7755775577557813 -11.0415782876452546
55.7955795579557901 43.1532262321230675
55.8155815581558272 -17.2555927526819026
55.8355835583558360 22.5396882774290077
55.8555855585558731 15.0887647354960173
55.8755875587558819 27.5163093918436701
55.8955895589558907 37.0368426864711893
55.9155915591559278 24.5122518995636014
55.9355935593559366 38.5657666901335006
55.9555955595559738 3.7838631962115645
55.9755975597559825 13.3305357778592342
55.9955995599559913 22.2685904365035441
56.0156015601560284 16.5533542460984364
56.0356035603560372 42.1823522345540027
56.0556055605560744 30.2963202734814310
56.0756075607560831 0.0765575322694758
56.0956095609560919 -0.0825767658412211
56.1156115611561290 37.1871347243611154
56.1356135613561378 41.1841449192727964
56.1556155615561750 23.6267841563071315
56.1756175617561837 28.8286950815175160
56.1956195619561925 4.1895166786643845
56.2156215621562296 28.6568476885714318
56.2356235623562384 27.1455353161205508
56.2556255625562756 36.9125899249569827
56.2756275627562843 6.0175714722560834
56.2956295629562931 5.8433845855750146
56.3156315631563302 -7.8360000830205223
56.3356335633563390 56.9926201558751444
56.3556355635563762 29.1726112845952130
56.3756375637563849 38.8584715096506557
56.3956395639563937 13.9828416509515066
56.4156415641564308 14.4403037429523557
56.4356435643564396 3.6852709194387874
56.4556455645564768 41.6416325128440974
56.4756475647564855 6.3450133818385535
56.4956495649564943 32.9360724471911652
56.5156515651565314 28.2967455411936584
56.5356535653565402 20.1318113819660987
56.5556555655565774 6.2081976990084247
56.5756575657565861 2.3799735440351988
56.5956595659565949 -0.9011153304174684
56.6156615661566320 2.7452952290361949
56.6356635663566408 -6.6473061711515484
56.6556655665566495 34.5872834033950411
56.6756675667566867 0.4971995469662360
56.6956695669566955 15.8193256479645061
56.7156715671567326 33.0647217064665071
56.7356735673567414 27.6706007148992654
56.7556755675567501 -8.1970949691920261
56.7756775677567873 31.6070764762812466
56.7956795679567961 32.2697562326506500
56.8156815681568332 37.4242780907884409
56.8356835683568420 6.7178091420970674
56.8556855685568507 0.0017320040520339
56.8756875687568879 -7.7559488706663515
56.8956895689568967 29.3033491765575782
56.9156915691569338 31.1824762333615837
56.9356935693569426 25.2110330234785280
56.9556955695569513 45.5049093641267461
56.9756975697569885 33.8603623712934336
56.9956995699569973 16.4864485889765575
57.0157015701570344 -3.2377118288787941
57.0357035703570432 8.8330444243787340
57.0557055705570519 22.4276813392327199
57.0757075707570891 31.4317766008727233
57.0957095709570979 38.2208979783180496
57.1157115711571350 31.3692297749269180
57.1357135713571438 45.8393887212165936
57.1557155715571525 46.8614247999772999
57.1757175717571897 17.3876941841032391
57.1957195719571985 3.1667386712588446
57.2157215721572356 8.8132993652940428
57.2357235723572444 19.6111630564362684
57.2557255725572531 10.8224252675458832
57.2757275727572903 18.6011844084679687
57.2957295729572991 33.9283300876164731
57.3157315731573362 27.1378193022320779
57.3357335733573450 29.1404285673240047
57.3557355735573537 25.7703592495119125
57.3757375737573909 3.3060545083027932
57.3957395739573997 -7.1992209675075394
57.4157415741574368 -5.6693953264490382
57.4357435743574456 35.2679579698422501
57.4557455745574543 65.3552414229528722
57.4757475747574915 -5.2959113912559452
57.4957495749575003 62.1714873630029246
57.5157515751575374 18.6134207689048701
57.5357535753575462 -0.2646093734829655
57.5557555755575549 36.9821242874327680
57.5757575757575921 8.8253236921567453
57.5957595759576009 -11.4768737233153750
57.6157615761576096 5.4581179487676614
57.6357635763576468 21.2921477663920484
57.6557655765576555 41.8593635672783293
57.6757675767576927 33.1154204796972920
57.6957695769577015 25.9187596182135174
57.7157715771577102 46.4867417587551230
57.7357735773577474 38.4176361709809484
57.7557755775577562 1.8337862213392526
57.7757775777577933 30.8814740357223201
57.7957795779578021 0.8501723244042587
57.8157815781578108 24.7212088975053135
57.8357835783578480 24.4912238498334212
57.8557855785578568 45.7809756018577403
57.8757875787578939 57.0092818686813416
57.8957895789579027 45.9351551153144584
57.9157915791579114 26.5994302528170223
57.9357935793579486 11.7548020766016705
57.9557955795579574 9.7755038834091543
57.9757975797579945 15.8566014567942979
57.9957995799580033 29.8454822481165181
58.0158015801580120 12.0834878983001470
58.0358035803580492 5.8111195967616425
58.0558055805580580 3.7384220988231966
58.0758075807580951 27.6348558175664998
58.0958095809581039 20.4524889909113128
58.1158115811581126 37.0932465080794600
58.1358135813581498 -1.8944411500843863
58.1558155815581586 9.8879780351452737
58.1758175817581957 17.8068303044918039
58.1958195819582045 -11.3964725509864415
58.2158215821582132 30.5995862709188522
58.2358235823582504 25.9765387320991223
58.2558255825582592 26.3621749750686902
58.2758275827582963 54.8315074926494646
58.2958295829583051 36.7627776210918071
58.3158315831583138 70.4865874434524073
58.3358335833583510 18.5625598985688995
58.3558355835583598 19.5368221310567201
58.3758375837583969 24.8683470564335423
58.3958395839584057 31.8751343589943978
58.4158415841584144 27.2648705766098125
58.4358435843584516 -0.3462110762789514
58.4558455845584604 46.7040367147633901
58.4758475847584975 35.1211399561452424
58.4958495849585063 35.8110872974414605
58.5158515851585150 26.2902907170195448
58.5358535853585522 67.1219517410050628
58.5558555855585610 35.5743343941131940
58.5758575857585697 27.6855442573183197
58.5958595859586069 8.9466561852524897
58.6158615861586156 30.1114973893787337
58.6358635863586528 25.8325491747816045
58.6558655865586616 21.8753466722704744
58.6758675867586703 21.9159894068419057
58.6958695869587075 18.4128842771748573
58.7158715871587162 50.6160622030222314
58.7358735873587534 45.0892806555535230
58.7558755875587622 19.2193332145620772
58.7758775877587709 51.9806301345967725
58.7958795879588081 25.2884702931778911
58.8158815881588168 41.5152607940539653
58.8358835883588540 19.7013445766167834
58.8558855885588628 42.2333692735815873
58.8758875887588715 6.5157876228648455
58.8958895889589087 21.3572327479245949
58.9158915891589174 36.1622665358467543
58.9358935893589546 39.3216344415472889
58.9558955895589634 24.8608003284482919
58.9758975897589721 -4.5619145641421035
58.9958995899590093 47.4467733508607807
59.0159015901590180 19.6072679146625575
59.0359035903590552 47.7003070817671642
59.0559055905590640 28.2623260450037819
59.0759075907590727 21.5234449478842294
59.0959095909591099 54.7961994458458790
59.1159115911591186 36.7461799100777213
59.1359135913591558 42.3391632736966699
59.1559155915591646 10.4957423812822022
59.1759175917591733 29.8212328785076828
59.1959195919592105 39.3143517728700331
59.2159215921592192 32.0450937847800503
59.2359235923592564 -5.3614667887646874
59.2559255925592652 22.5615643459176738
59.2759275927592739 44.7986335953559234
59.2959295929593111 20.0080975125629870
59.3159315931593198 31.8604208308699413
59.3359335933593570 26.7982301736875428
59.3559355935593658 12.3954827156420642
59.3759375937593745 44.8635925460756511
59.3959395939594117 28.1743514731421349
59.4159415941594204 3.8974420231027622
59.4359435943594576 53.6258676754806842
59.4559455945594664 27.4116407015655597
59.4759475947594751 62.6420395442771110
59.4959495949595123 26.2582793932734369
59.5159515951595210 22.0009538130791427
59.5359535953595298 33.4437953393216674
59.5559555955595670 46.0531712572335579
59.5759575957595757 36.6743874584580851
59.5959595959596129 14.1938295124468414
59.6159615961596216 47.9101559198427367
59.6359635963596304 -8.6613880380101769
59.6559655965596676 62.3148856635663009
59.6759675967596763 4.1009497482237016
59.6959695969597135 20.2989970999873535
59.7159715971597223 66.8572019942075428
59.7359735973597310 37.9854081926266574
59.7559755975597682 47.5899279692598469
59.7759775977597769 20.0659530441350462
59.7959795979598141 10.8950076696575344
59.8159815981598229 31.8801138445092676
59.8359835983598316 23.3888728362669802
59.8559855985598688 28.9430257444226342
59.8759875987598775 -12.5039359015794282
59.8959895989599147 33.1991356791670142
59.9159915991599235 28.8232784861448614
59.9359935993599322 12.2311819997380660
59.9559955995599694 34.4494938501765375
59.9759975997599781 41.1975930431934927
59.9959995999600153 61.5903188514752244
60.0160016001600241 9.5413275186366633
60.0360036003600328 26.6354471836850983
60.0560056005600700 41.1440130450475365
60.0760076007600787 26.2657723221483117
60.0960096009601159 -0.2860785178835208
60.1160116011601247 12.4452951545376429
60.1360136013601334 26.1935995564407946
60.1560156015601706 51.3073572026210059
60.1760176017601793 6.4812694513682310
60.1960196019602165 43.2646189599530970
60.2160216021602253 17.6198229187056121
60.2360236023602340 88.7453622809837128
60.2560256025602712 41.1678626696532035
60.2760276027602799 40.5747645379437074
60.2960296029603171 28.6604135011991978
60.3160316031603259 -5.2669597575024909
60.3360336033603346 2.7065176822179495
60.3560356035603718 -8.3364573564845159
60.3760376037603805 41.3736572719045697
60.3960396039604177 44.5981308592102792
60.4160416041604265 31.6547969552415296
60.4360436043604352 27.0721020895046180
60.4560456045604724 44.3535415050285522
60.4760476047604811 51.7442671672713459
60.4960496049604899 46.4814807231358031
60.5160516051605271 61.0014757384529105
60.5360536053605358 47.7568022716225258
60.5560556055605730 16.2047239622003154
60.5760576057605817 20.7514089282758860
60.5960596059605905 47.6980717235648513
60.6160616061606277 34.9306813235177671
60.6360636063606364 10.5153623140633385
60.6560656065606736 42.9325305962655364
60.6760676067606823 38.0160776188998284
60.6960696069606911 36.1460961564571832
60.7160716071607283 20.6822862788321231
60.7360736073607370 32.6702807750728041
60.7560756075607742 64.0228601903861119
60.7760776077607829 53.2825819010868145
60.7960796079607917 25.2340355497612592
60.8160816081608289 16.1004009173977245
60.8360836083608376 46.5537871155695839
60.8560856085608748 30.3824368541573619
60.8760876087608835 28.9753571133411825
60.8960896089608923 25.2149786847770514
60.9160916091609295 8.4094252799871789
60.9360936093609382 37.4125379552110218
60.9560956095609754 40.1315801872362670
60.9760976097609841 32.6496928973819536
60.9960996099609929 1.1192537350606386
61.0161016101610301 23.7856041988550615
61.0361036103610388 23.3214364654007937
61.0561056105610760 6.8946659813788038
61.0761076107610847 27.9329576023476776
61.0961096109610935 45.9613466939817457
61.1161116111611307 17.2154325748747041
61.1361136113611394 24.5888532551761649
61.1561156115611766 28.8852041426024400
61.1761176117611853 -3.6182492853194645
61.1961196119611941 18.7879571338110338
61.2161216121612313 23.7796550440307612
61.2361236123612400 30.3766011711302681
61.2561256125612772 11.5174031015498848
61.2761276127612859 31.1643479613017860
61.2961296129612947 53.7532609927200014
61.3161316131613319 22.6349259822355222
61.3361336133613406 61.9084836863317278
61.3561356135613778 40.8978418803641688
61.3761376137613865 36.9540883401958027
61.3961396139613953 46.4769364994209369
61.4161416141614325 30.1826953059273606
61.4361436143614412 78.4072417524152456
61.4561456145614500 34.2307596270298262
61.4761476147614871 14.2448616105068560
61.4961496149614959 41.0941967071159056
61.5161516151615331 26.2236261363435759
61.5361536153615418 36.9769897396784160
61.5561556155615506 42.5895264977434920
61.5761576157615877 20.6879470280439790
61.5961596159615965 43.9801613119168024
61.6161616161616337 12.1660134707696557
61.6361636163616424 52.8151952894074270
61.6561656165616512 70.2242413269193975
61.6761676167616884 65.5448473107615541
61.6961696169616971 23.2703101063215527
61.7161716171617343 20.4944912577970300
61.7361736173617430 21.6880191755145333
61.7561756175617518 38.9638924824543906
61.7761776177617890 42.7334849615709089
61.7961796179617977 3.6873696457413807
61.8161816181618349 19.8654063696566965
61.8361836183618436 23.2029184233422328
61.8561856185618524 23.6271415276946328
61.8761876187618896 57.5540514223964692
61.8961896189618983 4.7827016780550302
61.9161916191619355 14.9769423782110884
61.9361936193619442 53.0531731367665031
61.9561956195619530 38.5108165231918846
61.9761976197619902 47.6012090042280747
61.9961996199619989 73.0016653110145910
62.0162016201620361 42.3158300788938107
62.0362036203620448 57.1552936751680392
62.0562056205620536 63.9779953264751526
62.0762076207620908 49.1902214600084022
62.0962096209620995 30.7860804039768396
62.1162116211621367 17.5248990599160699
62.1362136213621454 17.1126068328414789
62.1562156215621542 36.1377736937626395
62.1762176217621914 45.4128622647982070
62.1962196219622001 24.5148230117691313
62.2162216221622373 29.6762758080436342
62.2362236223622460 25.7054651719509906
62.2562256225622548 8.5287436706938564
62.2762276227622920 15.8347851041563459
62.2962296229623007 33.6115606985558344
62.3162316231623379 34.9277140030255993
62.3362336233623466 1.1432516886119402
62.3562356235623554 17.8558941405175879
62.3762376237623926 34.1157563369523587
62.3962396239624013 29.0813391360266280
62.4162416241624101 41.8775891144662609
62.4362436243624472 44.5946211972535735
62.4562456245624560 45.2890788296500091
62.4762476247624932 15.6775012320013651
62.4962496249625019 44.4710896652538565
62.5162516251625107 20.3629475346347455
62.5362536253625478 19.8014218255222225
62.5562556255625566 36.8308747656957394
62.5762576257625938 29.7329873645860410
62.5962596259626025 19.9907140999545199
62.6162616261626113 33.1429717213478341
62.6362636263626484 56.1529338283849384
62.6562656265626572 49.3615375183418408
62.6762676267626944 22.2000659771255187
62.6962696269627031 13.8898878883885857
62.7162716271627119 47.3753861809178574
62.7362736273627490 71.2973011419852867
62.7562756275627578 74.0400495276113020
62.7762776277627950 58.2485173866569426
62.7962796279628037 47.5428126428535478
62.8162816281628125 28.2721179374967733
62.8362836283628496 74.1014545529506847
62.8562856285628584 61.2846943320185602
62.8762876287628956 32.9529693422654901
62.8962896289629043 45.3005803692224873
62.9162916291629131 39.7841921230536926
62.9362936293629502 68.4901800863547123
62.9562956295629590 11.7097749742786839
62.9762976297629962 34.3139332012954483
62.9962996299630049 40.2507025525624655
63.0163016301630137 22.4333229636008298
63.0363036303630508 -12.4097265759898079
63.0563056305630596 50.2379771288008641
63.0763076307630968 66.0969870426568775
63.0963096309631055 68.4788770571201866
63.1163116311631143 106.6212283018153073
63.1363136313631514 31.0068223679844195
63.1563156315631602 43.0270063422733244
63.1763176317631974 12.8823329606928105
63.1963196319632061 46.4139795021651977
63.2163216321632149 49.0154390834071521
63.2363236323632520 32.0245858884568690
63.2563256325632608 42.7900285049426117
63.2763276327632980 48.8376707023068377
63.2963296329633067 39.2957575372705463
63.3163316331633155 56.6747976490621426
63.3363336333633526 50.0609774614606025
63.3563356335633614 51.9929710371450753
63.3763376337633701 58.8065221652549894
63.3963396339634073 50.8898411027364261
63.4163416341634161 21.3495863064501421
63.4363436343634532 19.9186368809242786
63.4563456345634620 29.6148937209706808
63.4763476347634708 13.6385808553439141
63.4963496349635079 38.7584604023816510
63.5163516351635167 46.6231501446619845
63.5363536353635538 36.3722734078990726
63.5563556355635626 40.2541454549991258
63.5763576357635714 55.0217663543454449
63.5963596359636085 21.3127292504452619
63.6163616361636173 31.1051272705702324
63.6363636363636545 85.9780246167803455
63.6563656365636632 39.0792412014344066
63.6763676367636720 -19.0825921638927838
63.6963696369637091 29.3872639463192051
63.7163716371637179 54.0331664135344809
63.7363736373637551 76.7571477689916719
63.7563756375637638 48.1970014694945519
63.7763776377637726 26.9191940420152811
63.7963796379638097 36.0887111589055607
63.8163816381638185 39.1790151872718582
63.8363836383638557 65.1876537082554819
63.8563856385638644 37.4089970557457292
63.8763876387638732 23.0436109283022503
63.8963896389639103 39.5882570387517063
63.9163916391639191 41.0896601523871468
63.9363936393639563 11.6757588214856263
63.9563956395639650 36.8880482300000239
63.9763976397639738 10.9728528399372713
63.9963996399640109 22.4935165568268260
64.0164016401640197 60.1553519171572333
64.0364036403640569 37.7423838157630698
64.0564056405640656 18.6306435868092741
64.0764076407640744 57.6935177145752078
64.0964096409641115 45.1258300512214419
64.1164116411641203 27.1933947719357150
64.1364136413641575 19.0616705585765693
64.1564156415641662 58.2581848264530464
64.1764176417641750 43.2677376917430863
64.1964196419642121 64.1242461581372396
64.2164216421642209 36.2834164392472047
64.2364236423642581 18.9282016063202683
64.2564256425642668 55.7954439299344500
64.2764276427642756 64.3763574436943316
64.2964296429643127 63.9311745408358831
64.3164316431643215 40.4744797433227177
64.3364336433643587 50.4457826083858052
64.3564356435643674 41.9074458943017092
64.3764376437643762 52.2623515551889355
64.3964396439644133 28.4943013592102545
64.4164416441644221 34.8802140065514692
64.4364436443644308 34.9840164135277121
64.4564456445644680 74.7353107010570454
64.4764476447644768 57.1745111573645417
64.4964496449645139 45.2435904746891282
64.5164516451645227 44.1076690354403098
64.5364536453645314 47.5458690856545303
64.5564556455645686 41.4597952939306111
64.5764576457645774 52.7190055070090011
64.5964596459646145 58.3138703754001426
64.6164616461646233 37.6266104902869856
64.6364636463646320 27.9964862722754546
64.6564656465646692 36.0248435558322697
64.6764676467646780 49.1327944853351681
64.6964696469647151 63.2874513631728206
64.7164716471647239 96.4533364029178983
64.7364736473647326 52.8016051730573039
64.7564756475647698 63.6396524184980734
64.7764776477647786 19.1598618298375420
64.7964796479648157 64.7611057181933916
64.8164816481648245 32.4342101262614548
64.8364836483648332 51.3966076068109032
64.8564856485648704 28.3047420997087080
64.8764876487648792 20.2699360088952147
64.8964896489649163 6.7745048371556393
64.9164916491649251 54.5354182146145163
64.9364936493649338 12.5981677747027767
64.9564956495649710 42.4301113740698455
64.9764976497649798 32.6033078598477033
64.9964996499650169 40.9525388863542759
65.0165016501650257 32.1887299269737923
65.0365036503650344 54.8009797873195481
65.0565056505650716 42.3798517333928544
65.0765076507650804 53.4746473698408238
65.0965096509651175 46.1829312328918462
65.1165116511651263 44.9620243186673036
65.1365136513651350 63.2966639889312361
65.1565156515651722 57.1714680270727840
65.1765176517651810 22.6164276669473594
65.1965196519652181 50.8455555655082989
65.2165216521652269 58.4840413017901426
65.2365236523652356 87.2988263427857873
65.2565256525652728 34.5125780592315934
65.2765276527652816 15.0152483077141241
65.2965296529653187 44.7585473164185572
65.3165316531653275 45.5353585884004062
65.3365336533653362 29.9105343443204958
65.3565356535653734 -0.2827444020159291
65.3765376537653822 65.0311456077975265
65.3965396539653909 19.0619027129341703
65.4165416541654281 9.3270931847902006
65.4365436543654369 41.7064454377040192
65.4565456545654740 15.9204054606606995
65.4765476547654828 48.8637760945685784
65.4965496549654915 37.8260231551722370
65.5165516551655287 58.6573839958655796
65.5365536553655375 43.7225647767320567
65.5565556555655746 72.3793976904534730
65.5765576557655834 43.7530693275234057
65.5965596559655921 52.1535502509111168
65.6165616561656293 20.4581838283778268
65.6365636563656381 68.7546208844663767
65.6565656565656752 19.2432424713961403
65.6765676567656840 28.2121008309457224
65.6965696569656927 40.1931806458470930
65.7165716571657299 63.8249986797954705
65.7365736573657387 46.0452774262976021
65.7565756575657758 64.5566170436641755
65.7765776577657846 58.0226290364542052
65.7965796579657933 52.5204779299646347
65.8165816581658305 41.5244230426722112
65.8365836583658393 15.2085542921794854
65.8565856585658764 43.9299965259966640
65.8765876587658852 26.7092020404754464
65.8965896589658939 71.9508617801295856
65.9165916591659311 56.3030974883764372
65.9365936593659399 64.4413420745045187
65.9565956595659770 69.9554884462715165
65.9765976597659858 7.8368178619674893
65.9965996599659945 57.0345731140272392
66.0166016601660317 6.0140437144766992
66.0366036603660405 42.2694709682711789
66.0566056605660776 9.3008203636771540
66.0766076607660864 42.0598667228044221
66.0966096609660951 54.4522182735408791
66.1166116611661323 17.4970219623152765
66.1366136613661411 28.5715116999262868
66.1566156615661782 40.5184130023307034
66.1766176617661870 40.0495933147957430
66.1966196619661957 20.0861170186233196
66.2166216621662329 43.6974588842582818
66.2366236623662417 81.5453131159700035
66.2566256625662788 37.9800988873492287
66.2766276627662876 63.0664469567934702
66.2966296629662963 39.5893860912835791
66.3166316631663335 24.5304788838437524
66.3366336633663423 60.4746258245072994
66.3566356635663510 44.9033651626774102
66.3766376637663882 64.7900142336072804
66.3966396639663969 46.9890979136128948
66.4166416641664341 55.5265069050802822
66.4366436643664429 21.4293677432046650
66.4566456645664516 42.4757781409025625
66.4766476647664888 68.6809124434339680
66.4966496649664975 45.4780446613349483
66.5166516651665347 48.0353827522149714
66.5366536653665435 57.9340065669619335
66.5566556655665522 43.7668909930086514
66.5766576657665894 41.1326631139189942
66.5966596659665981 45.5393405070790820
66.6166616661666353 24.5797006091514980
66.6366636663666441 33.9770626332259624
66.6566656665666528 45.8287991006444102
66.6766676667666900 65.3283189798881665
66.6966696669666987 59.1529676836717755
66.7166716671667359 58.2833210423813597
66.7366736673667447 45.3336110417826816
66.7566756675667534 30.8567800218701933
66.7766776677667906 70.4006540095178082
66.7966796679667993 33.8799498719743752
66.8166816681668365 30.1172756669171804
66.8366836683668453 16.0384580877397696
66.8566856685668540 12.0998296348316217
66.8766876687668912 66.9750573528903601
66.8966896689668999 85.1393862016149114
66.9166916691669371 39.4452828950489476
66.9366936693669459 48.3251842826258411
66.9566956695669546 59.3762977884408514
66.9766976697669918 44.8320527569230691
66.9966996699670005 94.5416825704344603
67.0167016701670377 53.3983658337565927
67.0367036703670465 60.1672634522541045
67.0567056705670552 56.5052254951708761
67.0767076707670924 25.5225242412557378
67.0967096709671011 48.0216041150854238
67.1167116711671383 33.6929259959010992
67.1367136713671471 49.6439027816044671
67.1567156715671558 69.1236505816450233
67.1767176717671930 38.5156230831705102
67.1967196719672017 45.8681522760965876
67.2167216721672389 44.8020971737645510
67.2367236723672477 32.2581334620782556
67.2567256725672564 38.0096038335580175
67.2767276727672936 25.6635773393644264
67.2967296729673023 36.4548498773501848
67.3167316731673111 31.7327370934008499
67.3367336733673483 32.3325283335555227
67.3567356735673570 16.7981122223668287
67.3767376737673942 35.7201033660843734
67.3967396739674030 38.1954555227480483
67.4167416741674117 40.2195530656555462
67.4367436743674489 62.2253813541473448
67.4567456745674576 50.3781860256815435
67.4767476747674948 51.7972858089902743
67.4967496749675036 64.8365193875922330
67.5167516751675123 26.4821632392271837
67.5367536753675495 42.9417806431692384
67.5567556755675582 35.8535894617810271
67.5767576757675954 39.6245712775450158
67.5967596759676042 38.8318159024719591
67.6167616761676129 66.3568626654767115
67.6367636763676501 74.9459739637779450
67.6567656765676588 35.9482793337976219
67.6767676767676960 46.5722723732531350
67.6967696769677048 57.9313197767469745
67.7167716771677135 64.6948056302304906
67.7367736773677507 23.2185720647190372
67.7567756775677594 69.3137566622843053
67.7767776777677966 64.0498785561706967
67.7967796779678054 83.8477393204979080
67.8167816781678141 64.0575956932195396
67.8367836783678513 28.0059268115804940
67.8567856785678600 10.5868579899883244
67.8767876787678972 37.5759392276161037
67.8967896789679060 52.5422061606651738
67.9167916791679147 58.3459755235612363
67.9367936793679519 30.2448149925688234
67.9567956795679606 38.8858399600080560
67.9767976797679978 50.3479341487144865
67.9967996799680066 59.3022671816426126
68.0168016801680153 83.0637792773383978
68.0368036803680525 33.5930100159578728
68.0568056805680612 18.9132512136563484
68.0768076807680984 33.7782074725610286
68.0968096809681072 58.7111336056374071
68.1168116811681159 22.3681385586003110
68.1368136813681531 47.7904823110590158
68.1568156815681618 78.0925560209607141
68.1768176817681990 31.3191244306564158
68.1968196819682078 30.4724639080757100
68.2168216821682165 42.4783868902324571
68.2368236823682537 42.0864603220978566
68.2568256825682624 36.1019405003876415
68.2768276827682712 24.6038769903245615
68.2968296829683084 64.0988672352263507
68.3168316831683171 39.6528099118675641
68.3368336833683543 35.4215055902733198
68.3568356835683630 63.1452549265160243
68.3768376837683718 54.3911820514396780
68.3968396839684090 55.4945317615886466
68.4168416841684177 64.5089758752009459
68.4368436843684549 38.5048241021319058
68.4568456845684636 36.2181973991007453
68.4768476847684724 64.1903250407833639
68.4968496849685096 57.0542141281574686
68.5168516851685183 50.1969179638607415
68.5368536853685555 34.3290158301619286
68.5568556855685642 53.6855265678779432
68.5768576857685730 47.2969848758343687
68.5968596859686102 27.4595560362945008
68.6168616861686189 25.0688320127262720
68.6368636863686561 74.3906944859033956
68.6568656865686648 41.1465194874543840
68.6768676867686736 35.2968444235304872
68.6968696869687108 64.2238860656909623
68.7168716871687195 58.0156123929436447
68.7368736873687567 40.0514541190559967
68.7568756875687654 42.2698319306485786
68.7768776877687742 71.4869727079768893
68.7968796879688114 46.0697107325243351
68.8168816881688201 40.2817307079186619
68.8368836883688573 29.8521203031417990
68.8568856885688660 54.8920326859557477
68.8768876887688748 55.1398176652114103
68.8968896889689120 76.2473541654639604
68.9168916891689207 87.9827722246115229
68.9368936893689579 47.5906252050028371
68.9568956895689666 30.7476564170134026
68.9768976897689754 33.9543538931623914
68.9968996899690126 31.4115254384255032
69.0169016901690213 93.3344881834426303
69.0369036903690585 67.1326929338727041
69.0569056905690672 67.9580335214710090
69.0769076907690760 66.0956451195774832
69.0969096909691132 28.1006019192504084
69.1169116911691219 54.6254961713310792
69.1369136913691591 7.6116529267204811
69.1569156915691678 19.1412464031512783
69.1769176917691766 38.2063284208329890
69.1969196919692138 44.1741490226673648
69.2169216921692225 69.7199610425697074
69.2369236923692313 53.1218780128223216
69.2569256925692684 54.2783224380314735
69.2769276927692772 42.9097407239577535
69.2969296929693144 57.9851416114726561
69.3169316931693231 45.1966089988799666
69.3369336933693319 49.3847031476902529
69.3569356935693691 57.3570722352227662
69.3769376937693778 18.2151825727826697
69.3969396939694150 78.4127999842530556
69.4169416941694237 36.5101561683142251
69.4369436943694325 75.0557811457757538
69.4569456945694697 55.2905814385043612
69.4769476947694784 58.8683087284931759
69.4969496949695156 60.4458042858672826
69.5169516951695243 39.9556017371615440
69.5369536953695331 97.2303491201822538
69.5569556955695703 77.2851166576310220
69.5769576957695790 31.9117860427971749
69.5969596959696162 50.6092021260570988
69.6169616961696249 52.4636134482027714
69.6369636963696337 40.8640613839095863
69.6569656965696709 68.4377641259688971
69.6769676967696796 58.8542970602947904
69.6969696969697168 106.0356746517111048
69.7169716971697255 35.3276917398121384
69.7369736973697343 20.2113874471345092
69.7569756975697715 23.0561380752604812
69.7769776977697802 69.3593110921791265
69.7969796979698174 51.5357598113110242
69.8169816981698261 44.9068656201792891
69.8369836983698349 48.8079085015899068
69.8569856985698721 35.6128639753143545
69.8769876987698808 49.6793086953394010
69.8969896989699180 40.1502648798364490
69.9169916991699267 49.0864496084607680
69.9369936993699355 55.3693950898686253
69.9569956995699727 23.2937181647755409
69.9769976997699814 46.2371610935727020
69.9969996999700186 34.7392752282479620
70.0170017001700273 66.7498333905074333
70.0370037003700361 44.1500589850368428
70.0570057005700733 67.0527677651449636
70.0770077007700820 46.9807699120364788
70.0970097009701192 25.4195906798336324
70.1170117011701279 17.5330616709869176
70.1370137013701367 67.5229725793392674
70.1570157015701739 57.0456303158806364
70.1770177017701826 37.8750250510191933
70.1970197019701914 26.8392572928625519
70.2170217021702285 40.6853063325013267
70.2370237023702373 32.8724970578707456
70.2570257025702745 64.7098547370706001
70.2770277027702832 52.1792018066424887
70.2970297029702920 68.7798110838554919
70.3170317031703291 50.8642452541781935
70.3370337033703379 54.9781927085570530
70.3570357035703751 35.6343605195633444
70.3770377037703838 34.5767596023986954
70.3970397039703926 20.3010228288856922
70.4170417041704297 47.7189187359707603
70.4370437043704385 36.0303165684760103
70.4570457045704757 85.2669253350634619
70.4770477047704844 32.1999721567005821
70.4970497049704932 40.5075312887164287
70.5170517051705303 31.7083480828087723
70.5370537053705391 10.6077931939125776
70.5570557055705763 73.5341059166584046
70.5770577057705850 54.4143833927229892
70.5970597059705938 57.4970818968890285
70.6170617061706309 35.4217707554237649
70.6370637063706397 24.6519899898497101
70.6570657065706769 44.3968448209397479
70.6770677067706856 41.2941035610922000
70.6970697069706944 43.7754621291495525
70.7170717071707315 60.5595944496615388
70.7370737073707403 28.2709959234646462
70.7570757075707775 16.2617012241570293
70.7770777077707862 39.9245690900535237
70.7970797079707950 70.6971683870008150
70.8170817081708321 44.6037174406822672
70.8370837083708409 77.5430744019006397
70.8570857085708781 56.7057893457681033
70.8770877087708868 78.0184527965653558
70.8970897089708956 44.4036590071265422
70.9170917091709327 44.4493507598878921
70.9370937093709415 60.8643100611012358
70.9570957095709787 78.2090781773182186
70.9770977097709874 53.5925084863913312
70.9970997099709962 52.3214455684494126
71.0171017101710333 31.1112934982322429
71.0371037103710421 70.4109103679359976
71.0571057105710793 77.1281010717423072
71.0771077107710880 32.9958255690847864
71.0971097109710968 53.4377501751024369
71.1171117111711339 30.4735861302739295
71.1371137113711427 72.8794428683751789
71.1571157115711515 49.3098240097463787
71.1771177117711886 50.0094174296498295
71.1971197119711974 43.0982697138822175
71.2171217121712345 58.5539190387757316
71.2371237123712433 57.4019833756024269
71.2571257125712521 33.1039341441029009
71.2771277127712892 45.8007428106534888
71.2971297129712980 58.5222038627193726
71.3171317131713352 33.6015847488901187
71.3371337133713439 56.3934754833176513
71.3571357135713527 62.6327664588961284
71.3771377137713898 52.8752841294049247
71.3971397139713986 68.2470380109322718
71.4171417141714358 45.2211195762439431
71.4371437143714445 59.8352999342718874
71.4571457145714533 28.4935951688360838
71.4771477147714904 43.2379954242100908
71.4971497149714992 47.6494033458945836
71.5171517151715364 47.9696028823409364
71.5371537153715451 45.3296533254306979
71.5571557155715539 37.4451581947938195
71.5771577157715910 56.5201381579103099
71.5971597159715998 -1.6726418885702543
71.6171617161716370 5.9861375223306510
71.6371637163716457 28.5984180753826891
71.6571657165716545 38.5696558554744513
71.6771677167716916 63.5911356137416561
71.6971697169717004 62.3916570812893028
71.7171717171717376 69.5045349992779933
71.7371737173717463 45.8763520091299242
71.7571757175717551 36.8508537444423609
71.7771777177717922 54.1462885715102260
71.7971797179718010 28.4995516620967457
71.8171817181718382 102.6227032688663598
71.8371837183718469 62.6410394589658637
71.8571857185718557 49.0919299547324641
71.8771877187718928 24.0699161443620007
71.8971897189719016 29.4454966148115496
71.9171917191719388 63.8887440513341360
71.9371937193719475 52.4242522515789986
71.9571957195719563 16.5750770249793540
71.9771977197719934 52.0253229691998058
71.9971997199720022 56.3285068367355137
72.0172017201720394 48.1130313234352442
72.0372037203720481 90.4599125939751332
72.0572057205720569 5.0693891257879642
72.0772077207720940 47.6271384004644815
72.0972097209721028 71.6219177982023325
72.1172117211721115 73.6085005108401873
72.1372137213721487 33.1955189411209375
72.1572157215721575 41.8138067588435902
72.1772177217721946 37.7140735878863680
72.1972197219722034 36.6170065018479463
72.2172217221722121 21.2494024938886739
72.2372237223722493 86.1542092019794552
72.2572257225722581 41.2560370522238102
72.2772277227722952 26.9439768026713118
72.2972297229723040 28.7990299073265490
72.3172317231723127 61.1498703725704047
72.3372337233723499 41.7346626223181616
72.3572357235723587 39.4365590060793636
72.3772377237723958 70.3717629819133066
72.3972397239724046 41.3867384154469633
72.4172417241724133 53.6180471284620666
72.4372437243724505 36.2053342911764773
72.4572457245724593 34.2552358297590374
72.4772477247724964 48.1013861378851075
72.4972497249725052 48.9047661199128356
72.5172517251725139 45.5011729295624576
72.5372537253725511 55.7216712806915524
72.5572557255725599 43.1015289479314063
72.5772577257725970 71.2858094336793755
72.5972597259726058 62.6072359022661473
72.6172617261726145 55.3204481776633656
72.6372637263726517 44.1691392585279772
72.6572657265726605 67.6017687484307430
72.6772677267726976 61.4011417320263462
72.6972697269727064 37.8058612115079384
72.7172717271727151 43.0933972468556803
72.7372737273727523 54.8032937498394830
72.7572757275727611 51.7926401508638605
72.7772777277727982 35.9148412473625172
72.7972797279728070 46.5247729954986156
72.8172817281728157 39.8828033320777422
72.8372837283728529 65.9343436511309449
72.8572857285728617 35.4375964290575212
72.8772877287728988 27.6909735028739448
72.8972897289729076 41.1101349132231420
72.9172917291729163 40.8826537462817470
72.9372937293729535 31.9455684063542549
72.9572957295729623 16.4911593058283437
72.9772977297729994 24.2974965531071803
72.9972997299730082 42.7969125312883278
73.0173017301730169 47.7273174180519888
73.0373037303730541 74.1454403679540235
73.0573057305730629 24.3077934270674163
73.0773077307730716 62.6376314597148962
73.0973097309731088 20.2096063578253720
73.1173117311731176 60.7697576373438437
73.1373137313731547 58.7276575994352328
73.1573157315731635 69.9992884936497148
73.1773177317731722 49.6886328742440853
73.1973197319732094 27.1168688701920253
73.2173217321732182 37.4486990332844272
73.2373237323732553 67.3186986670797580
73.2573257325732641 41.1856070962414762
73.2773277327732728 52.3253573341630656
73.2973297329733100 44.9394096134372063
73.3173317331733188 25.3256193784014272
73.3373337333733559 48.1068774566124944
73.3573357335733647 15.0507791460672848
73.3773377337733734 49.0991928847967714
73.3973397339734106 60.0954408385563852
73.4173417341734194 50.6124868819903142
73.4373437343734565 25.7485386108804306
73.4573457345734653 27.8143561279418670
73.4773477347734740 34.2090354434122617
73.4973497349735112 40.6831752390312218
73.5173517351735200 34.9664239272010988
73.5373537353735571 51.0493109656889530
73.5573557355735659 24.6963186011527789
73.5773577357735746 35.9507360963120490
73.5973597359736118 63.5794080623208018
73.6173617361736206 16.8816487771793788
73.6373637363736577 54.9063087774758358
73.6573657365736665 33.5985821972370502
73.6773677367736752 40.5758421453704088
73.6973697369737124 42.8651935204041905
73.7173717371737212 47.9392897208891711
73.7373737373737583 30.1968077002480015
73.7573757375737671 42.4080388958875716
73.7773777377737758 60.8575354277768668
73.7973797379738130 95.4519662061535143
73.8173817381738218 69.3017629912148152
73.8373837383738589 43.1535124751527377
73.8573857385738677 30.8849037425127051
73.8773877387738764 50.5833273885586152
73.8973897389739136 31.2938918138684130
73.9173917391739224 43.0707619870009708
73.9373937393739595 18.0724862585003834
73.9573957395739683 54.0035341916389555
73.9773977397739770 31.0519796779968758
73.9973997399740142 74.6300806889939565
74.0174017401740230 28.0423153916679944
74.0374037403740317 53.8252895739671473
74.0574057405740689 8.8532547676268649
74.0774077407740776 73.0607907430485426
74.0974097409741148 54.4168189623140890
74.1174117411741236 64.2144297080488542
74.1374137413741323 27.8898723786467251
74.1574157415741695 44.5041804152539058
74.1774177417741782 22.0300633041798015
74.1974197419742154 37.1403769305753428
74.2174217421742242 85.1872761420830642
74.2374237423742329 59.8539876341986243
74.2574257425742701 40.3810435601239561
74.2774277427742788 34.8032586173467777
74.2974297429743160 65.9419334005818456
74.3174317431743248 62.5092602341502896
74.3374337433743335 19.6576892661728841
74.3574357435743707 71.1658703832518711
74.3774377437743794 -0.1645054915933244
74.3974397439744166 13.1794588352831035
74.4174417441744254 55.4800053698626812
74.4374437443744341 28.8952018289087178
74.4574457445744713 71.9290760559393902
74.4774477447744800 31.0777235611145137
74.4974497449745172 88.5114775584853248
74.5174517451745260 37.4152533396423408
74.5374537453745347 33.0902200927677370
74.5574557455745719 45.9585528161369936
74.5774577457745806 34.4862533524682391
74.5974597459746178 54.3145380498040993
74.6174617461746266 17.1416145480169178
74.6374637463746353 26.4270474417761534
74.6574657465746725 39.8894274593445601
74.6774677467746812 48.6317432111179144
74.6974697469747184 49.7081380933616686
74.7174717471747272 50.0516770824781076
74.7374737473747359 1.2367239703151398
74.7574757475747731 59.5090388756643875
74.7774777477747818 38.0648830736320321
74.7974797479748190 37.8164879133384915
74.8174817481748278 39.9744750934330852
74.8374837483748365 63.6610863039124411
74.8574857485748737 25.6095670816281000
74.8774877487748824 31.2769757989792510
74.8974897489749196 21.4239805425962651
74.9174917491749284 67.9742671376704095
74.9374937493749371 25.2760420359377385
74.9574957495749743 26.9646085715747184
74.9774977497749830 54.6550077900447917
74.9974997499750202 47.4314036083008546
75.0175017501750290 48.8603592538974993
75.0375037503750377 37.5144132939541777
75.0575057505750749 43.7370681899124207
75.0775077507750837 28.6807212896192780
75.0975097509750924 28.2936607703626066
75.1175117511751296 54.7558436575447729
75.1375137513751383 56.1158516242041685
75.1575157515751755 16.7356271896337852
75.1775177517751843 51.3255726282497164
75.1975197519751930 45.2300422431854869
75.2175217521752302 41.6349730642690830
75.2375237523752389 49.0348313076443958
75.2575257525752761 15.3706910662230314
75.2775277527752849 81.1534580295007686
75.2975297529752936 50.4018395007755728
75.3175317531753308 42.7098795150004023
75.3375337533753395 15.4227089795095225
75.3575357535753767 29.8644321818091427
75.3775377537753855 40.7650637153421584
75.3975397539753942 43.6062117647823584
75.4175417541754314 40.3647412818094864
75.4375437543754401 21.1053766845958357
75.4575457545754773 16.0656733378363654
75.4775477547754861 2.5127559968431257
75.4975497549754948 35.0792264433695351
75.5175517551755320 43.5373496322748181
75.5375537553755407 27.6800845318377355
75.5575557555755779 23.4780784251711800
75.5775577557755867 68.0173429719286418
75.5975597559755954 30.0977800192402256
75.6175617561756326 53.6354086683733797
75.6375637563756413 46.3053608936575500
75.6575657565756785 25.4036896293516286
75.6775677567756873 31.2799605559808853
75.6975697569756960 21.5713983126817581
75.7175717571757332 49.8424808081178128
75.7375737573757419 62.3222052863099236
75.7575757575757791 20.7596277929926885
75.7775777577757879 52.7334520737056422
75.7975797579757966 31.1374846450324227
75.8175817581758338 30.6887962360170370
75.8375837583758425 74.0915727723242412
75.8575857585758797 17.1096092899798080
75.8775877587758885 28.4600084747323052
75.8975897589758972 35.0102438883913081
75.9175917591759344 32.7644450875007749
75.9375937593759431 58.7130287761480503
75.9575957595759803 46.9250610871132565
75.9775977597759891 58.1754802826152186
75.9975997599759978 59.7282094628583309
76.0176017601760350 55.3683824846575803
76.0376037603760437 35.2267822905685222
76.0576057605760525 2.9909111292867721
76.0776077607760897 86.4065420384576015
76.0976097609760984 51.5695059822773558
76.1176117611761356 32.8289532097405257
76.1376137613761443 9.0707528045800707
76.1576157615761531 25.8245775831494697
76.1776177617761903 48.4651499006930351
76.1976197619761990 27.2612339453572901
76.2176217621762362 28.4419498828969388
76.2376237623762449 26.1771845080097663
76.2576257625762537 27.0989411017988502
76.2776277627762909 45.8500199361192102
76.2976297629762996 47.1244642021273137
76.3176317631763368 30.7855509843356110
76.3376337633763455 48.9056876035973858
76.3576357635763543 47.9808161089433511
76.3776377637763915 58.7277529289762370
76.3976397639764002 47.9644524798663738
76.4176417641764374 47.8272358812912444
76.4376437643764461 0.8212935040562783
76.4576457645764549 57.6875060155364778
76.4776477647764921 29.9972247276883195
76.4976497649765008 39.5915761140196594
76.5176517651765380 45.3887515864048297
76.5376537653765467 68.5032202774025194
76.5576557655765555 68.3548995882810999
76.5776577657765927 14.2590188853409394
76.5976597659766014 8.8284785173223881
76.6176617661766386 34.3518343768551944
76.6376637663766473 62.4799898660646491
76.6576657665766561 31.4763816665050200
76.6776677667766933 55.1905910329027165
76.6976697669767020 35.2132208557140842
76.7176717671767392 23.5248823077891238
76.7376737673767479 25.3501730908630876
76.7576757675767567 26.6028784776943965
76.7776777677767939 35.2168887250168154
76.7976797679768026 36.3052922086082788
76.8176817681768398 31.8041750702914179
76.8376837683768485 22.9302381447929022
76.8576857685768573 33.8329434185382212
76.8776877687768945 20.7472841685152467
76.8976897689769032 1.5222584130944767
76.9176917691769404 45.3477600880152352
76.9376937693769491 36.6315774051549070
76.9576957695769579 21.2998247876479994
76.9776977697769951 12.8340680098319595
76.9976997699770038 56.8006514157931690
77.0177017701770126 42.7115716805498806
77.0377037703770498 63.3903927230980457
77.0577057705770585 46.6682190127621652
77.0777077707770957 34.5233845054217241
77.0977097709771044 34.1256692508695281
77.1177117711771132 24.9905513718425674
77.1377137713771504 31.7429009282118670
77.1577157715771591 33.5291957058566013
77.1777177717771963 58.5685334459728253
77.1977197719772050 79.4442903396038673
77.2177217721772138 40.5754059449015614
77.2377237723772510 45.6749559855018390
77.2577257725772597 62.6620652481906930
77.2777277727772969 40.9648708262359662
77.2977297729773056 18.0857525276367888
77.3177317731773144 28.5422135891830564
77.3377337733773516 0.0250137397111843
77.3577357735773603 18.1470704748476521
77.3777377737773975 4.9919011993302256
77.3977397739774062 18.8620975311045278
77.4177417741774150 60.7248657939035184
77.4377437743774522 57.3365405469339251
77.4577457745774609 44.8382635876930706
77.4777477747774981 45.2025917809309803
77.4977497749775068 41.0018489736534022
77.5177517751775156 18.3849831646678972
77.5377537753775528 34.0838952874137817
77.5577557755775615 71.4547966838982802
77.5777577757775987 24.5110013942297087
77.5977597759776074 12.8645583928164804
77.6177617761776162 32.6091417507895258
77.6377637763776534 45.3380095008428796
77.6577657765776621 25.5647310047566272
77.6777677767776993 52.6147759436935303
77.6977697769777080 -3.8481566599664561
77.7177717771777168 40.5663990091334128
77.7377737773777540 -5.1952068272035561
77.7577757775777627 39.2046623946785928
77.7777777777777999 72.8944434305076072
77.7977797779778086 50.7931742802963839
77.8177817781778174 32.8579181964698677
77.8377837783778546 53.3396699986236058
77.8577857785778633 46.3270056396243675
77.8777877787779005 42.7339536258017176
77.8977897789779092 28.3313368146184779
77.9177917791779180 40.5779369908293859
77.9377937793779552 4.0681554302878418
77.9577957795779639 6.5405576460097983
77.9777977797779727 36.3582369489716868
77.9977997799780098 35.4731144553776119
78.0178017801780186 28.4230100731062940
78.0378037803780558 24.6188727015737747
78.0578057805780645 32.8074037065132629
78.0778077807780733 21.6193731803113813
78.0978097809781104 27.6785027839173807
78.1178117811781192 41.6339092929784442
78.1378137813781564 10.5297208566142970
78.1578157815781651 30.9085582640497272
78.1778177817781739 26.5981024656530849
78.1978197819782110 -2.6377736553980000
78.2178217821782198 53.2402506680762997
78.2378237823782570 33.9787675751469251
78.2578257825782657 30.4139950259017411
78.2778277827782745 55.9436608925977907
78.2978297829783116 44.3080182512256613
78.3178317831783204 29.3440759475913033
78.3378337833783576 7.9292358116936192
78.3578357835783663 0.1584250824818803
78.3778377837783751 34.2421269587132144
78.3978397839784122 21.6575229653391546
78.4178417841784210 44.0253564966590716
78.4378437843784582 35.1948517232866394
78.4578457845784669 30.0188146571937970
78.4778477847784757 55.8907392343263325
78.4978497849785128 22.1332137434991267
78.5178517851785216 30.9320121469844054
78.5378537853785588 10.3788043617913566
78.5578557855785675 56.7061763568881148
78.5778577857785763 62.0635958170995821
78.5978597859786134 -11.4416724382442112
78.6178617861786222 75.1898586069857373
78.6378637863786594 29.4823842731418253
78.6578657865786681 0.3763528101141418
78.6778677867786769 3.0235006587591862
78.6978697869787140 56.2514151461535548
78.7178717871787228 14.4483325099073010
78.7378737873787600 5.5415019756922419
78.7578757875787687 18.0392642858812593
78.7778777877787775 51.6479462557354196
78.7978797879788146 -10.1749924841140746
78.8178817881788234 56.4847591229766834
78.8378837883788606 24.5083840915009574
78.8578857885788693 16.6331411570832728
78.8778877887788781 49.1746480181845769
78.8978897889789152 41.8449001500748352
78.9178917891789240 7.4284580445863782
78.9378937893789328 27.2531991835205183
78.9578957895789699 61.9195284082377100
78.9778977897789787 26.8884421436647862
78.9978997899790158 37.9043342719752019
79.0179017901790246 17.3058427459339157
79.0379037903790334 31.3377544961590075
79.0579057905790705 22.6390987917083280
79.0779077907790793 51.7434143940459705
79.0979097909791165 42.3718139351566379
79.1179117911791252 17.7976126226057154
79.1379137913791340 -16.5545797049248868
79.1579157915791711 33.7044973796936631
79.1779177917791799 -0.6912471054167817
79.1979197919792171 19.2588486888201444
79.2179217921792258 11.8824555509672152
79.2379237923792346 53.1077748260531806
79.2579257925792717 53.4728468304662385
79.2779277927792805 34.6109925488915593
79.2979297929793177 20.1221982136996864
79.3179317931793264 52.7230866220972914
79.3379337933793352 53.0614389504474531
79.3579357935793723 38.6166413139779650
79.3779377937793811 -1.3256593436819877
79.3979397939794183 9.9607364694503211
79.4179417941794270 19.9728941366290442
79.4379437943794358 22.4942394718105518
79.4579457945794729 -6.5391269365575120
79.4779477947794817 59.6907393474210153
79.4979497949795189 41.7000637286616467
79.5179517951795276 33.1150354468145167
79.5379537953795364 37.5811501145457001
79.5579557955795735 35.9158840505397450
79.5779577957795823 4.3380714169141470
79.5979597959796195 6.0200228855456821
79.6179617961796282 -6.1079833436970468
79.6379637963796370 26.2310325285191723
79.6579657965796741 23.7815311270858309
79.6779677967796829 34.7088700195420614
79.6979697969797201 17.2828769963474933
79.7179717971797288 42.4266416578880694
79.7379737973797376 26.3613842569493286
79.7579757975797747 13.1898171134842972
79.7779777977797835 31.8774954579442777
79.7979797979798207 37.4237279921662136
79.8179817981798294 -25.7951263836102456
79.8379837983798382 30.3674491419354808
79.8579857985798753 21.2868252088345074
79.8779877987798841 65.8872614305230968
79.8979897989798928 15.8174940391572711
79.9179917991799300 37.2032767483021090
79.9379937993799388 -10.2124877859525647
79.9579957995799759 42.1568019068140174
79.9779977997799847 12.3287100076361007
79.9979997999799934 43.6334596656617251
80.0180018001800306 41.7664492357300645
80.0380038003800394 69.9559830713461395
80.0580058005800765 36.1116841958546502
80.0780078007800853 20.5219251654354302
80.0980098009800940 15.7026413291016720
80.1180118011801312 31.3601520320535840
80.1380138013801400 21.8633059351958359
80.1580158015801771 15.7747210666953475
80.1780178017801859 20.7885805054086248
80.1980198019801946 18.0560408239261712
80.2180218021802318 4.5867107546234749
80.2380238023802406 18.9381837931604267
80.2580258025802777 36.8334232293426709
80.2780278027802865 24.8789581441636081
80.2980298029802952 66.4277239328334872
80.3180318031803324 19.1373786451544525
80.3380338033803412 34.5280594344581289
80.3580358035803783 14.5592431163253444
80.3780378037803871 -5.9442112083008567
80.3980398039803958 2.8784007111038896
80.4180418041804330 28.8811911790818776
80.4380438043804418 26.1617668437382420
80.4580458045804789 38.7007008594629696
80.4780478047804877 13.2474427123251957
80.4980498049804964 36.8039049972531416
80.5180518051805336 47.6218123361529564
80.5380538053805424 -1.8762706459240164
80.5580558055805795 -20.0130179960393626
80.5780578057805883 26.3816106803912653
80.5980598059805970 6.6909286597331228
80.6180618061806342 23.0262795779380021
80.6380638063806430 15.9548875207341272
80.6580658065806801 8.6694878481515101
80.6780678067806889 30.0242207378015884
80.6980698069806976 34.1349787622482523
80.7180718071807348 40.1203868679956344
80.7380738073807436 -7.1092333573539612
80.7580758075807807 45.5865358795846305
80.7780778077807895 38.2495268785544340
80.7980798079807983 9.3613321935286038
80.8180818081808354 4.2156571568917389
80.8380838083808442 17.2107010866558987
80.8580858085808529 20.8946282944833470
80.8780878087808901 18.3386494178717747
80.8980898089808989 34.6356469547594514
80.9180918091809360 34.2678008301468537
80.9380938093809448 16.6592491475324174
80.9580958095809535 -40.1506952677206002
80.9780978097809907 33.9477217993187566
80.9980998099809995 -22.1857276279636650
81.0181018101810366 16.1255822247483920
81.0381038103810454 18.9070210885853918
81.0581058105810541 -6.7335087944591692
81.0781078107810913 38.1092344568765071
81.0981098109811001 32.8843996236566198
81.1181118111811372 24.5347659640311448
81.1381138113811460 28.7433883157099146
81.1581158115811547 9.3844595353285225
81.1781178117811919 51.0057382968914652
81.1981198119812007 -0.9521298231855084
81.2181218121812378 20.1785405587930242
81.2381238123812466 26.7420379305574194
81.2581258125812553 22.5549363046774509
81.2781278127812925 20.8024306365580927
81.2981298129813013 -16.4511640924701901
81.3181318131813384 -35.5765466828948149
81.3381338133813472 23.6063547912325333
81.3581358135813559 34.1137601482685042
81.3781378137813931 1.5773266877363312
81.3981398139814019 16.5296284680462549
81.4181418141814390 25.2919182328899055
81.4381438143814478 24.6984519970793102
81.4581458145814565 35.9511392334158373
81.4781478147814937 9.4525584605362631
81.4981498149815025 -3.0717513373498484
81.5181518151815396 47.6000487955565035
81.5381538153815484 0.6887927839920636
81.5581558155815571 16.0282752895457321
81.5781578157815943 -11.1783574028097696
81.5981598159816031 31.5473064177144309
81.6181618161816402 2.8509963409308110
81.6381638163816490 22.1905450194851070
81.6581658165816577 11.2556298059756106
81.6781678167816949 42.0888653358593814
81.6981698169817037 1.2492482285164286
81.7181718171817408 22.4018629191155014
81.7381738173817496 -1.5549721375934933
81.7581758175817583 -6.9957566408645917
81.7781778177817955 22.6735329582548744
81.7981798179818043 -10.1594621998871268
81.8181818181818130 0.2954854797070450
81.8381838183818502 -7.9764127720174383
81.8581858185818589 -14.3020668020538757
81.8781878187818961 -5.2918998777399118
81.8981898189819049 8.8548039361326403
81.9181918191819136 -7.4924650614049160
81.9381938193819508 25.3166246989958097
81.9581958195819595 17.5887849438900012
81.9781978197819967 2.1759518631848618
81.9981998199820055 32.2411053013254900
82.0182018201820142 16.3056203345415724
82.0382038203820514 31.4636580084316719
82.0582058205820601 -6.0001397185322105
82.0782078207820973 -24.9190690107374202
82.0982098209821061 16.2118657303915263
82.1182118211821148 25.6053467679161386
82.1382138213821520 0.1821957203861064
82.1582158215821607 7.7972999945851438
82.1782178217821979 20.0170803456309159
82.1982198219822067 -11.8003319955867525
82.2182218221822154 15.2215793186362447
82.2382238223822526 5.5536644428462658
82.2582258225822613 -31.4474996614023752
82.2782278227822985 -14.9082856679754325
82.2982298229823073 9.5439431354618218
82.3182318231823160 3.9387289578102092
82.3382338233823532 -14.8166384005510778
82.3582358235823619 16.3301876808076756
82.3782378237823991 3.9002661548755366
82.3982398239824079 20.4099089721442510
82.4182418241824166 -16.1340244872603868
82.4382438243824538 14.4796026837996461
82.4582458245824625 -12.6273151867181816
82.4782478247824997 45.0710874051755965
82.4982498249825085 5.6222345448050941
82.5182518251825172 20.3833008491610386
82.5382538253825544 9.2722941833436288
82.5582558255825631 -27.1383829978751443
82.5782578257826003 24.1187204168214926
82.5982598259826091 17.1544331105438879
82.6182618261826178 18.6514339235578355
82.6382638263826550 6.9488932988764116
82.6582658265826637 -15.0956196061901338
82.6782678267827009 -4.7458357194317093
82.6982698269827097 -12.4897361908274576
82.7182718271827184 9.7993391405325170
82.7382738273827556 -9.6665775132767457
82.7582758275827644 2.5108086282877782
82.7782778277827731 -0.0238256226584843
82.7982798279828103 -11.7410036610035942
82.8182818281828190 -2.1520479444683183
82.8382838283828562 -0.1662689406187425
82.8582858285828650 17.3706506533600766
82.8782878287828737 15.8544033318921898
82.8982898289829109 15.7520935368336641
82.9182918291829196 5.6728336970074329
82.9382938293829568 10.3351303942389308
82.9582958295829656 4.5538316586140279
82.9782978297829743 -2.9453635741347606
82.9982998299830115 3.9775223324023274
83.0183018301830202 1.9538174251520033
83.0383038303830574 36.0571045106993608
83.0583058305830662 13.1075740260131894
83.0783078307830749 9.5375178496016559
83.0983098309831121 2.5872734269524900
83.1183118311831208 15.9059334340525389
83.1383138313831580 9.8132045341275855
83.1583158315831668 -0.7139509403626927
83.1783178317831755 27.9035387014262852
83.1983198319832127 -25.6915215932541798
83.2183218321832214 33.0138537334927520
83.2383238323832586 -6.4225700813288968
83.2583258325832674 3.1407364416940027
83.2783278327832761 22.3832364572963591
83.2983298329833133 13.2599753471809372
83.3183318331833220 17.8048479805889066
83.3383338333833592 -6.5298440572242056
83.3583358335833680 -33.8394732471845003
83.3783378337833767 -8.2794593587397287
83.3983398339834139 14.1393776144132719
83.4183418341834226 -0.8599874632183553
83.4383438343834598 -18.9358462342665739
83.4583458345834686 8.1532255990807752
83.4783478347834773 -27.2164165137421499
83.4983498349835145 2.3728295764240595
83.5183518351835232 -3.1325186182737914
83.5383538353835604 -22.7788791283885672
83.5583558355835692 2.0879744548253738
83.5783578357835779 6.1000870320853666
83.5983598359836151 -22.5692549649826155
83.6183618361836238 3.1929454082305662
83.6383638363836610 -23.2817453800998990
83.6583658365836698 -25.8880108212338911
83.6783678367836785 -37.9159504392092828
83.6983698369837157 7.1438834588394489
83.7183718371837244 -3.3790881166664573
83.7383738373837332 -4.5495669264992644
83.7583758375837704 -14.6577468907429829
83.7783778377837791 -16.2449882732289410
83.7983798379838163 -46.7913611348885041
83.8183818381838250 9.7087343668457713
83.8383838383838338 -16.1678336910432243
83.8583858385838710 -10.4730259608980045
83.8783878387838797 -5.2313345693265898
83.8983898389839169 20.1243642806228209
83.9183918391839256 -23.4287638941835041
83.9383938393839344 48.9821029576438960
83.9583958395839716 24.7489334155612539
83.9783978397839803 16.6330011986576878
83.9983998399840175 -35.9949683679066013
84.0184018401840262 -2.5074463635211126
84.0384038403840350 -1.5955209917973172
84.0584058405840722 14.7502591589866618
84.0784078407840809 10.2826344298478460
84.0984098409841181 10.2076776447172861
84.1184118411841268 12.8903709341161026
84.1384138413841356 -8.1265570902898219
84.1584158415841728 -13.8023277888346243
84.1784178417841815 -0.2070805198805159
84.1984198419842187 26.3434814584796086
84.2184218421842274 -25.2851567851356762
84.2384238423842362 16.1659203180259112
84.2584258425842734 -2.1123017054382776
84.2784278427842821 -1.0595536654490694
84.2984298429843193 0.8214845037720613
84.3184318431843280 -13.5599833387854698
84.3384338433843368 -43.8898080092163454
84.3584358435843740 10.1718517778402742
84.3784378437843827 2.9985284419282996
84.3984398439844199 -34.4804131886680665
84.4184418441844286 -17.3758677542381932
84.4384438443844374 -1.8077913072194969
84.4584458445844746 -18.1102310586245920
84.4784478447844833 27.0998445778821413
84.4984498449845205 7.2487875528655694
84.5184518451845292 -16.0917832446422580
84.5384538453845380 7.7614915278351786
84.5584558455845752 5.1333866546814582
84.5784578457845839 0.0724122913647207
84.5984598459846211 12.7568477333334105
84.6184618461846298 -19.1575237040249000
84.6384638463846386 -4.5214098198374586
84.6584658465846758 -7.6870760708085033
84.6784678467846845 -9.4551068856585410
84.6984698469847217 -16.1712218324268804
84.7184718471847304 -27.9422871857460962
84.7384738473847392 -26.1245011753044594
84.7584758475847764 -0.0089560351704581
84.7784778477847851 -67.8630334645616529
84.7984798479847939 -28.2491521010710898
84.8184818481848311 -50.2076924156541011
84.8384838483848398 -16.7746399196962024
84.8584858485848770 1.5788632592317065
84.8784878487848857 -12.0408259236898605
84.8984898489848945 -0.5223890687572617
84.9184918491849317 -7.3795213839097613
84.9384938493849404 -30.2604197850434424
84.9584958495849776 -14.4945922139117158
84.9784978497849863 3.3412410113609319
84.9984998499849951 1.6256761559686215
85.0185018501850323 -40.4107197182811859
85.0385038503850410 -16.7323770298798493
85.0585058505850782 -13.2842087332468513
85.0785078507850869 21.0114086242165143
85.0985098509850957 -14.0886840040873160
85.1185118511851329 2.5612785661267115
85.1385138513851416 -26.7506809569099246
85.1585158515851788 1.1792961305069021
85.1785178517851875 17.6981217151960024
85.1985198519851963 -5.2033979246847180
85.2185218521852335 -10.5568883970787066
85.2385238523852422 -42.1037926213645690
85.2585258525852794 -26.9308949323496165
85.2785278527852881 -27.2237557919991175
85.2985298529852969 -27.8991234329344095
85.3185318531853341 -18.3364601926509465
85.3385338533853428 -19.1421645637953475
85.3585358535853800 25.5839703129964278
85.3785378537853887 -2.3098808666004942
85.3985398539853975 -15.8252572519691377
85.4185418541854347 -24.8147055938732848
85.4385438543854434 -26.7279893844605496
85.4585458545854806 14.2836466723408773
85.4785478547854893 6.0955284460842591
85.4985498549854981 -18.6635665976420917
85.5185518551855353 -19.1394138250504291
85.5385538553855440 -43.4801587240971301
85.5585558555855812 1.0780414607690307
85.5785578557855899 -18.5767127536060954
85.5985598559855987 -22.8375793135353113
85.6185618561856359 4.5369025459227927
85.6385638563856446 -49.1814383007315570
85.6585658565856818 10.4458054215243159
85.6785678567856905 -33.4698291501762526
85.6985698569856993 18.4929705249714154
85.7185718571857365 1.7216035226118986
85.7385738573857452 5.3165222875762961
85.7585758575857540 17.7064779608716236
85.7785778577857911 -14.8868960585239893
85.7985798579857999 -15.3701054969281223
85.8185818581858371 -19.9958220851997943
85.8385838583858458 -21.5797623550531057
85.8585858585858546 -32.5015597530770179
85.8785878587858917 -4.6938106908819197
85.8985898589859005 13.1237539235245038
85.9185918591859377 -37.8971400990972072
85.9385938593859464 -5.0353771575179618
85.9585958595859552 7.3843791506729453
85.9785978597859923 -57.3108836019921739
85.9985998599860011 -4.5240354408514634
86.0186018601860383 -16.3486800640443057
86.0386038603860470 -14.5423577850843397
86.0586058605860558 -57.2332728009409948
86.0786078607860929 -9.9505595793895267
86.0986098609861017 -29.0865206629431938
86.1186118611861389 21.8769653756185782
86.1386138613861476 -13.3336659548221714
86.1586158615861564 -18.8692246047596015
86.1786178617861935 -28.8274676155377350
86.1986198619862023 -32.9008460702694876
86.2186218621862395 0.2407902283617922
86.2386238623862482 7.1867476843247680
86.2586258625862570 25.4992370377952646
86.2786278627862941 -34.1771878688914299
86.2986298629863029 -15.7096007369915345
86.3186318631863401 -18.5882443511455726
86.3386338633863488 -52.9018121052699399
86.3586358635863576 -4.3548538235705916
86.3786378637863947 -0.4797797910803432
86.3986398639864035 -21.2046668084804075
86.4186418641864407 -2.5426739657153199
86.4386438643864494 -18.0361643604964641
86.4586458645864582 -16.2716321384623726
86.4786478647864953 -30.2497815721279437
86.4986498649865041 -26.0087004616848674
86.5186518651865413 -11.0418885609736073
86.5386538653865500 -20.8975259877011510
86.5586558655865588 -13.8146178529765766
86.5786578657865959 -3.5841113730044825
86.5986598659866047 -33.9149125569828129
86.6186618661866419 -9.8942942148490367
86.6386638663866506 -33.6082009259118024
86.6586658665866594 -39.2290346107950540
86.6786678667866965 -37.5563378808489929
86.6986698669867053 27.8939314028359036
86.7186718671867141 -22.7399310306216158
86.7386738673867512 -24.3156478783350849
86.7586758675867600 -40.6426642844986503
86.7786778677867972 -2.0777037303891319
86.7986798679868059 -51.8816768506561630
86.8186818681868147 -47.3592444124792991
86.8386838683868518 -28.9101855545914646
86.8586858685868606 -17.2072737405136280
86.8786878687868978 -51.6219889693678411
86.8986898689869065 -10.7819122992286722
86.9186918691869153 -29.2292871011168884
86.9386938693869524 3.1662189056659820
86.9586958695869612 -11.2930771020390210
86.9786978697869984 -28.5411854192088050
86.9986998699870071 -1.2553080136368528
87.0187018701870159 -20.6144431580357939
87.0387038703870530 -25.5452483835151085
87.0587058705870618 -22.2777502862625596
87.0787078707870990 1.9316772149100849
87.0987098709871077 -20.6098986142937406
87.1187118711871165 -47.4931766121750485
87.1387138713871536 -12.3633677257805576
87.1587158715871624 -20.2850746294899018
87.1787178717871996 -44.9174708470965953
87.1987198719872083 -58.4465177635567841
87.2187218721872171 -51.8803676249046219
87.2387238723872542 -51.0982882450679341
87.2587258725872630 -13.2769570898412077
87.2787278727873002 -9.4258310868772242
87.2987298729873089 6.7802925720440790
87.3187318731873177 -18.3403753252703723
87.3387338733873548 -38.4710452465280497
87.3587358735873636 -10.7492330259410220
87.3787378737874008 -39.7071832035776566
87.3987398739874095 -20.9700764536315027
87.4187418741874183 -48.2991582146503617
87.4387438743874554 -38.9970895167766116
87.4587458745874642 9.3835428960543013
87.4787478747875014 -34.3238363384854495
87.4987498749875101 -24.2065150535068909
87.5187518751875189 -31.4623311756016442
87.5387538753875560 -45.9699707547226950
87.5587558755875648 -20.6360322982127506
87.5787578757876020 -32.7711170132097109
87.5987598759876107 -24.5702760787649837
87.6187618761876195 -25.8121332754213597
87.6387638763876566 -67.1954667043055451
87.6587658765876654 -38.7032502331105235
87.6787678767876741 3.6420705166832121
87.6987698769877113 -70.7774812206424713
87.7187718771877201 -43.0373580070226112
87.7387738773877572 -34.9440525957211747
87.7587758775877660 -36.5391570510824337
87.7787778777877747 -28.8885808436397191
87.7987798779878119 -15.3424546503215637
87.8187818781878207 -28.8321257416251306
87.8387838783878578 -45.0946608876017905
87.8587858785878666 -34.0646301492845041
87.8787878787878753 -46.3044422822889032
87.8987898789879125 -3.1970336881980010
87.9187918791879213 -9.6183216681394974
87.9387938793879584 -28.7327849526922918
87.9587958795879672 -8.8695468764350629
87.9787978797879759 -22.2836215367744934
87.9987998799880131 -45.4957254422892703
88.0188018801880219 -31.3321342245905079
88.0388038803880590 -56.2677865852419359
88.0588058805880678 -40.7304355300989869
88.0788078807880765 -16.1143254136472081
88.0988098809881137 -38.1601989445190810
88.1188118811881225 -42.1751458043283094
88.1388138813881596 -42.4092297827708720
88.1588158815881684 -29.3511875689238231
88.1788178817881771 -20.1476181984363691
88.1988198819882143 -28.6569721045479433
88.2188218821882231 -6.8245603741984979
88.2388238823882602 -9.7236442306261424
88.2588258825882690 -3.1527214212797894
88.2788278827882777 -48.5876325343321867
88.2988298829883149 5.7251192032646578
88.3188318831883237 -46.9205689283895993
88.3388338833883608 -31.4889216725812808
88.3588358835883696 -23.1474593240524058
88.3788378837883783 -53.2632776236568404
88.3988398839884155 -40.8885664533380861
88.4188418841884243 -30.9096415826805213
88.4388438843884614 -46.7506874239613950
88.4588458845884702 -7.0760449801520799
88.4788478847884790 -58.4401347834172213
88.4988498849885161 -49.0828676284917691
88.5188518851885249 -31.7338451915085855
88.5388538853885620 -1.7720194849918833
88.5588558855885708 -36.0947148485717477
88.5788578857885796 -30.9761949747457166
88.5988598859886167 -39.1770423113337003
88.6188618861886255 -46.4196341834213229
88.6388638863886342 -26.1498161486916132
88.6588658865886714 -6.7465681675392766
88.6788678867886802 -29.9961033645516721
88.6988698869887173 -38.6326145475278366
88.7188718871887261 3.4878462494466760
88.7388738873887348 -29.1107668703181837
88.7588758875887720 -20.1427435765813634
88.7788778877887808 -43.6783469579655801
88.7988798879888179 -12.9169272174380332
88.8188818881888267 -33.0576860739879592
88.8388838883888354 -35.8336566089305251
88.8588858885888726 -55.4505451651638239
88.8788878887888814 -61.9825101884270282
88.8988898889889185 -48.8771268806653865
88.9188918891889273 -35.9815199495814966
88.9388938893889360 -44.2056790235918413
88.9588958895889732 -34.3518037582288187
88.9788978897889820 -50.8603839386457750
88.9988998899890191 -45.7536402066622827
89.0189018901890279 -52.2881360543520870
89.0389038903890366 -43.3402650859704863
89.0589058905890738 -15.1024695132879430
89.0789078907890826 -45.9607183899901415
89.0989098909891197 -45.0383788652258445
89.1189118911891285 -16.3040548111983483
89.1389138913891372 -22.5088220032610238
89.1589158915891744 -54.5256745337552999
89.1789178917891832 -45.6968014012597052
89.1989198919892203 -11.5218632663119003
89.2189218921892291 -32.0406377527106514
89.2389238923892378 -34.8965607363215895
89.2589258925892750 -7.8828081958018821
89.2789278927892838 -16.5395497644048142
89.2989298929893209 -33.8045566990753343
89.3189318931893297 -8.0016472036411947
89.3389338933893384 -13.9233456621264544
89.3589358935893756 -34.2399699139710592
89.3789378937893844 -48.1793544434522829
89.3989398939894215 -41.3822270651177391
89.4189418941894303 -45.6030393267377008
89.4389438943894390 -38.2086027396244035
89.4589458945894762 -19.7468782236307945
89.4789478947894850 -57.1210553286185956
89.4989498949895221 -42.0365681581612947
89.5189518951895309 -31.2440140136369422
89.5389538953895396 -33.7402322593280530
89.5589558955895768 -44.0179543284997621
89.5789578957895856 -18.5686970872129535
89.5989598959895943 -27.6946184115301506
89.6189618961896315 -50.1747227419752519
89.6389638963896402 -14.1332993993893652
89.6589658965896774 -34.3185057873968731
89.6789678967896862 24.8651160394972237
89.6989698969896949 -61.4550391417746482
89.7189718971897321 -55.2482551052427340
89.7389738973897408 -53.2256330727531832
89.7589758975897780 -48.5451920302367768
89.7789778977897868 -16.7853460116743953
89.7989798979897955 -44.8484475840787056
89.8189818981898327 -44.6862536951919935
89.8389838983898414 -39.6521789982705073
89.8589858985898786 -63.7272230569270874
89.8789878987898874 -52.2504161432753946
89.8989898989898961 -46.6112894752188041
89.9189918991899333 -80.1487953652301996
89.9389938993899420 -43.2178619885285116
89.9589958995899792 -33.3833602621177974
89.9789978997899880 -40.4161328593624063
89.9989998999899967 -46.5310220734849835
90.0190019001900339 -62.3575017572157009
90.0390039003900426 -52.6508961506890643
90.0590059005900798 -21.0122709614466672
90.0790079007900886 -59.7593633035718952
90.0990099009900973 -36.5541292971169582
90.1190119011901345 -22.5761738029221597
90.1390139013901432 -60.0014400074132368
90.1590159015901804 -17.2986559628357561
90.1790179017901892 -23.7659330890551814
90.1990199019901979 -45.9956865040218048
90.2190219021902351 -48.0469705672957446
90.2390239023902438 -42.8154858488244940
90.2590259025902810 -3.8933048846963203
90.2790279027902898 -30.6441999026822813
90.2990299029902985 -42.6425932958300677
90.3190319031903357 -44.5333974131284265
90.3390339033903444 -5.7959696844852076
90.3590359035903816 -62.1189775684452030
90.3790379037903904 -27.1702160922199667
90.3990399039903991 -62.5268982775115063
90.4190419041904363 -31.2314596545407213
90.4390439043904451 -49.0909891853644069
90.4590459045904822 -41.8330960144015265
90.4790479047904910 -32.3729262062421626
90.4990499049904997 -24.2920413811075733
90.5190519051905369 -81.9764542608828037
90.5390539053905457 -52.0513101281408481
90.5590559055905544 -40.1181449271621986
90.5790579057905916 -46.0384193257880980
90.5990599059906003 -69.8253288240260872
90.6190619061906375 -43.9044621880921682
90.6390639063906463 -40.8761655730453342
90.6590659065906550 -37.2082888192254089
90.6790679067906922 -59.0835713051420299
90.6990699069907009 -56.2722722149576668
90.7190719071907381 -86.1995895932613223
90.7390739073907469 -55.3732473934692848
90.7590759075907556 -67.4911306852453947
90.7790779077907928 -3.7660534422569469
90.7990799079908015 -56.9377925798244888
90.8190819081908387 -38.7306211938423957
90.8390839083908475 -36.8231143196397497
90.8590859085908562 -63.7130520351391283
90.8790879087908934 -66.7139122569838747
90.8990899089909021 -9.1292764675643596
90.9190919091909393 -18.8668032630050817
90.9390939093909481 -52.7058171861444364
90.9590959095909568 -30.9476298004528800
90.9790979097909940 -55.7888943687659378
90.9990999099910027 -35.3884608572111219
91.0191019101910399 -26.7804398358457014
91.0391039103910487 -3.2953911846399109
91.0591059105910574 -10.6629788961469032
91.0791079107910946 -43.8990317237000056
91.0991099109911033 -22.1191302960488088
91.1191119111911405 -52.6907924570046617
91.1391139113911493 -43.4124109413851471
91.1591159115911580 -35.8615667607479836
91.1791179117911952 -75.8485455891028124
91.1991199119912039 -21.7239419630940738
91.2191219121912411 -30.0362217045259712
91.2391239123912499 -52.2288034225946944
91.2591259125912586 -16.6323381626667448
91.2791279127912958 -1.3610116316231711
91.2991299129913045 -46.7822463307498850
91.3191319131913417 -43.8775175510629580
91.3391339133913505 -27.3660754885293009
91.3591359135913592 -69.0421041592879874
91.3791379137913964 -36.1857005683219555
91.3991399139914051 -43.5536627863201318
91.4191419141914423 -40.6874394228257898
91.4391439143914511 -43.6628749111501548
91.4591459145914598 -31.6359953475264994
91.4791479147914970 -72.5068275814192589
91.4991499149915057 -51.7145393826707647
91.5191519151915145 -11.6302859122290485
91.5391539153915517 -41.7806686034777570
91.5591559155915604 -55.1441026634202132
91.5791579157915976 -54.2326246264180725
91.5991599159916063 -16.3239602134249999
91.6191619161916151 -19.0993970097907351
91.6391639163916523 -40.9229513757368792
91.6591659165916610 -62.9810429465843953
91.6791679167916982 -45.9830945934776310
91.6991699169917069 8.8126819198109061
91.7191719171917157 -49.3856275045251678
91.7391739173917529 -75.7418738694141496
91.7591759175917616 -16.6583526503731854
91.7791779177917988 -63.3716893346385177
91.7991799179918075 -21.4849385736203544
91.8191819181918163 -61.7817511190094706
91.8391839183918535 -12.6710827171189635
91.8591859185918622 -63.8925708427026962
91.8791879187918994 -12.0510055066643886
91.8991899189919081 -12.4251605826112872
91.9191919191919169 -47.9127904145506207
91.9391939193919541 -50.2611848343130703
91.9591959195919628 -69.7855649983064836
91.9791979197920000 -46.1229348683872331
91.9991999199920087 -20.2914658898421933
92.0192019201920175 -32.8864644235814083
92.0392039203920547 -44.9786285961549481
92.0592059205920634 -48.8279734198511690
92.0792079207921006 -52.0381775862441103
92.0992099209921093 -22.6713884104935417
92.1192119211921181 -47.6848167667286020
92.1392139213921553 -50.8098461153453087
92.1592159215921640 -50.6116359645273803
92.1792179217922012 -38.8074970631917679
92.1992199219922099 -52.6965521183879986
92.2192219221922187 -34.9840448851073091
92.2392239223922559 -7.5625769041050006
92.2592259225922646 -67.6059166692059677
92.2792279227923018 -39.1252705184675946
92.2992299229923105 -47.1928621835805870
92.3192319231923193 -58.6371005482658063
92.3392339233923565 -11.6937036238354573
92.3592359235923652 -79.8487481729074489
92.3792379237924024 -62.7339770054344612
92.3992399239924111 -35.1242544940950410
92.4192419241924199 -61.0720893157703770
92.4392439243924571 -28.6631874216300311
92.4592459245924658 -79.4390412942294972
92.4792479247924746 -52.3577818238756834
92.4992499249925118 -62.7649938899702065
92.5192519251925205 -10.5470890579809797
92.5392539253925577 -38.9176104223824595
92.5592559255925664 -54.1373676923008915
92.5792579257925752 -93.0466980590208550
92.5992599259926124 -48.1442392304979450
92.6192619261926211 -23.2259476410973953
92.6392639263926583 -48.8309691847204093
92.6592659265926670 -16.8038574247597268
92.6792679267926758 -42.2361891428783096
92.6992699269927130 -74.8060597327441883
92.7192719271927217 -66.3276169308296772
92.7392739273927589 -35.8122157993643455
92.7592759275927676 -41.1935039336373379
92.7792779277927764 -51.4541984618210151
92.7992799279928136 -35.6844787492701983
92.8192819281928223 -45.2287837045652381
92.8392839283928595 -51.7174666239877610
92.8592859285928682 -14.8103162199694722
92.8792879287928770 -42.8990791183090110
92.8992899289929142 -56.6272133763436756
92.9192919291929229 -52.4958099270467287
92.9392939293929601 -37.7339189583568100
92.9592959295929688 -80.4724067586802221
92.9792979297929776 -35.9594695558742856
92.9992999299930148 -10.9012730184345372
93.0193019301930235 -48.4201718473081115
93.0393039303930607 -16.8582451648714766
93.0593059305930694 -41.1779876744814430
93.0793079307930782 -60.0895409338536695
93.0993099309931154 -36.7202522307098533
93.1193119311931241 -39.4444930109287668
93.1393139313931613 -43.9208634090266159
93.1593159315931700 -66.4332967346433918
93.1793179317931788 -7.5541491450309621
93.1993199319932160 -23.6238015894652307
93.2193219321932247 -41.7636787464135253
93.2393239323932619 -29.3633829013954433
93.2593259325932706 -30.3401845706081090
93.2793279327932794 -23.2678426146795765
93.2993299329933166 -51.5846642127229771
93.3193319331933253 -61.5827904341026056
93.3393339333933625 -47.9138357745859480
93.3593359335933712 -28.7090315944179508
93.3793379337933800 7.2014297409592558
93.3993399339934172 -28.5106555142486506
93.4193419341934259 -10.2587640948902425
93.4393439343934347 1.5197693033980997
93.4593459345934718 -18.8304195420786016
93.4793479347934806 -49.3212299448276994
93.4993499349935178 -55.1274863369822157
93.5193519351935265 -45.8406673048430733
93.5393539353935353 -49.7866198590245617
93.5593559355935724 -49.4316021145501878
93.5793579357935812 -47.9961946633204732
93.5993599359936184 -41.8237964249840743
93.6193619361936271 -72.2435885781331706
93.6393639363936359 -9.0540435020413099
93.6593659365936730 -10.0589846544446289
93.6793679367936818 -20.6854735132886844
93.6993699369937190 -62.1335764371554333
93.7193719371937277 -10.3169364356042408
93.7393739373937365 -27.8140486433134129
93.7593759375937736 -47.5090202992604063
93.7793779377937824 -17.3372422303586475
93.7993799379938196 -25.6918957625830018
93.8193819381938283 -63.1327590863705836
93.8393839383938371 -39.4960103999225680
93.8593859385938742 -38.0359713874855387
93.8793879387938830 -28.7689069807432425
93.8993899389939202 -39.9494403359436419
93.9193919391939289 0.4923244824511457
93.9393939393939377 -55.3745248344050367
93.9593959395939748 -36.2110871864794319
93.9793979397939836 -52.3286855412547567
93.9993999399940208 -52.4435570176715800
94.0194019401940295 -49.1364335751636148
94.0394039403940383 -79.1935969061485565
94.0594059405940754 -34.8094963909169408
94.0794079407940842 -62.9271570773335895
94.0994099409941214 -48.0885911972965232
94.1194119411941301 -26.5102884863697383
94.1394139413941389 -36.4505063342670965
94.1594159415941760 -11.2168723875298184
94.1794179417941848 -23.8802625589760140
94.1994199419942220 -9.1423828398586373
94.2194219421942307 -7.2313103794356373
94.2394239423942395 -57.1677265065505367
94.2594259425942766 -1.3193152135076573
94.2794279427942854 -32.3122489325299327
94.2994299429943226 -38.8709289336752732
94.3194319431943313 -48.0767159955499608
94.3394339433943401 -28.0075300679403618
94.3594359435943772 -57.7143264395998159
94.3794379437943860 -25.3018871206162288
94.3994399439943948 -29.5847481073997649
94.4194419441944319 -5.0935857660395207
94.4394439443944407 -6.0938549889635674
94.4594459445944779 -39.1361196833176308
94.4794479447944866 -44.2330612934185936
94.4994499449944954 -41.7126829445336895
94.5194519451945325 -35.4376576213050569
94.5394539453945413 -23.8314084643941229
94.5594559455945785 16.4027102765798638
94.5794579457945872 -31.8678840549081350
94.5994599459945960 -70.8308999317395234
94.6194619461946331 -13.2393914602856064
94.6394639463946419 -60.0436577490199284
94.6594659465946791 -17.1819508710803532
94.6794679467946878 -2.3868405568623743
94.6994699469946966 -23.8663976135206823
94.7194719471947337 -23.2266841346211734
94.7394739473947425 -27.0551466864556573
94.7594759475947797 -16.2342169367922580
94.7794779477947884 -40.3028296779594939
94.7994799479947972 -30.7820384945501537
94.8194819481948343 -49.0966029677879092
94.8394839483948431 -16.3717522903957367
94.8594859485948803 -45.8093510664743349
94.8794879487948890 -20.6442246846535866
94.8994899489948978 -11.1481882782232162
94.9194919491949349 -33.9450033115753982
94.9394939493949437 -37.0921042892121591
94.9594959495949809 -26.7074796804747123
94.9794979497949896 -17.3548124819974490
94.9994999499949984 -57.8616033474432143
95.0195019501950355 -35.0534510037687568
95.0395039503950443 -35.5178878260776258
95.0595059505950815 34.1558389608866833
95.0795079507950902 -36.3176083146529010
95.0995099509950990 7.4650483662999534
95.1195119511951361 -33.6558370909730229
95.1395139513951449 -8.2647024735664232
95.1595159515951821 0.3360869081434501
95.1795179517951908 -44.0579237627676150
95.1995199519951996 -57.7719568891744615
95.2195219521952367 -58.1335603072002982
95.2395239523952455 -19.5718067887973461
95.2595259525952827 2.1949154104075745
95.2795279527952914 -10.5625102144752088
95.2995299529953002 -5.5024377331124192
95.3195319531953373 -59.5096020130281218
95.3395339533953461 -21.7111590221556767
95.3595359535953833 -21.5291043175030694
95.3795379537953920 -52.4410082257024612
95.3995399539954008 -38.9008862177421619
95.4195419541954379 -3.9350762217477602
95.4395439543954467 -12.8590223639743932
95.4595459545954554 -17.8852168326384167
95.4795479547954926 -11.8589986515252743
95.4995499549955014 -24.1735299158075101
95.5195519551955385 -19.8674487635337265
95.5395539553955473 -1.6464350699705683
95.5595559555955560 -7.4648320018613035
95.5795579557955932 -23.3099472088938775
95.5995599559956020 -11.5683258165281302
95.6195619561956391 -9.9313902221710055
95.6395639563956479 -28.0710295885507080
95.6595659565956566 -5.1705347236834118
95.6795679567956938 -14.3456640962320527
95.6995699569957026 -27.0059672031693054
95.7195719571957397 -23.6493113824485057
95.7395739573957485 -41.9144528077890897
95.7595759575957572 -2.4761071060926874
95.7795779577957944 -14.9852683009313612
95.7995799579958032 -37.1123165776646999
95.8195819581958403 -20.7678068203797608
95.8395839583958491 7.9980445000244433
95.8595859585958578 -19.7858656631707923
95.8795879587958950 -31.7463523031396626
95.8995899589959038 3.0471738886020674
95.9195919591959409 -2.5052616255067868
95.9395939593959497 14.1952668439618606
95.9595959595959584 -30.9752214291511478
95.9795979597959956 -19.2947310516290855
95.9995999599960044 -9.4124326466828947
96.0196019601960415 -41.2308527525361441
96.0396039603960503 -39.9803900252529658
96.0596059605960590 -9.7151933694047408
96.0796079607960962 -29.2691632609451133
96.0996099609961050 -8.9603072351194157
96.1196119611961421 8.7796885795212418
96.1396139613961509 -22.7794950290421667
96.1596159615961597 -16.6593612972945522
96.1796179617961968 -6.4073493697273047
96.1996199619962056 3.2957082000746301
96.2196219621962427 -8.3564595011101979
96.2396239623962515 17.2331686859694670
96.2596259625962603 -35.1090221019830935
96.2796279627962974 -2.3538794395674403
96.2996299629963062 13.2443744144910429
96.3196319631963433 12.9757241786687150
96.3396339633963521 -8.2520047636864149
96.3596359635963609 17.5767230860573882
96.3796379637963980 -18.8089897995593383
96.3996399639964068 -18.2832959089008611
96.4196419641964155 -10.4322502400049402
96.4396439643964527 33.0143920453205908
96.4596459645964615 -1.9599072181325812
96.4796479647964986 -8.1136892921221175
96.4996499649965074 25.8603027605498106
96.5196519651965161 12.4730694222921059
96.5396539653965533 -16.8599959895343616
96.5596559655965621 -0.8099355461049118
96.5796579657965992 -3.4591923310554393
96.5996599659966080 -14.0034759590139153
96.6196619661966167 -31.6376868916299578
96.6396639663966539 0.7569641819200950
96.6596659665966627 0.5371739717627932
96.6796679667966998 -14.9537926849238474
96.6996699669967086 16.9951255006006150
96.7196719671967173 -2.4771760356365604
96.7396739673967545 7.5323102005158296
96.7596759675967633 -25.4545973501263951
96.7796779677968004 11.0287458615900889
96.7996799679968092 23.6068364311414882
96.8196819681968179 14.2467266410531312
96.8396839683968551 -16.4342599179074931
96.8596859685968639 19.2033888864498259
96.8796879687969010 -26.2669872395403345
96.8996899689969098 20.3403790914612159
96.9196919691969185 -11.3126926482108576
96.9396939693969557 4.3083114477232831
96.9596959695969645 -1.9722351223634442
96.9796979697970016 -5.1286687738227830
96.9996999699970104 -20.5856478888462533
97.0197019701970191 -4.3479465817721312
97.0397039703970563 -5.9296242841428022
97.0597059705970651 -27.4924555167179072
97.0797079707971022 49.9974972059594194
97.0997099709971110 10.2306205534430514
97.1197119711971197 -13.2776984553871635
97.1397139713971569 12.7094663698785268
97.1597159715971657 20.2847131664033213
97.1797179717972028 -29.7856910869150866
97.1997199719972116 -1.6370013910629844
97.2197219721972203 10.5162756383324947
97.2397239723972575 -2.6004674883626038
97.2597259725972663 1.3981489028787433
97.2797279727973034 -0.2068012105844268
97.2997299729973122 8.8394384372347634
97.3197319731973209 16.4183512611315976
97.3397339733973581 16.2073090258565067
97.3597359735973669 14.6026503424852976
97.3797379737973756 -4.0803673572375949
97.3997399739974128 20.8144374519603090
97.4197419741974215 -13.3289838899776480
97.4397439743974587 10.8911844747958639
97.4597459745974675 28.3924918321861242
97.4797479747974762 12.8482039856647603
97.4997499749975134 11.1124318824593455
97.5197519751975221 19.1184514004348429
97.5397539753975593 33.2437591407923136
97.5597559755975681 8.4479317674226877
97.5797579757975768 58.6303970912355652
97.5997599759976140 -9.6397216353545936
97.6197619761976227 9.8401948693601646
97.6397639763976599 15.5506610271442209
97.6597659765976687 1.1204301448393572
97.6797679767976774 3.9464359254043551
97.6997699769977146 -9.5045164793763242
97.7197719771977233 7.0263462587077008
97.7397739773977605 15.7720446800512093
97.7597759775977693 25.2887284276103053
97.7797779777977780 33.6095860485006028
97.7997799779978152 35.2770014323162115
97.8197819781978239 14.3334719953927774
97.8397839783978611 45.6622376808924102
97.8597859785978699 17.6538015832315907
97.8797879787978786 9.8225889227913115
97.8997899789979158 15.3191960886841674
97.9197919791979245 37.2582126056444451
97.9397939793979617 19.0641669244434766
97.9597959795979705 18.4967363194994832
97.9797979797979792 22.0431804945147221
97.9997999799980164 19.0544595213970993
98.0198019801980251 71.4881908676224072
98.0398039803980623 -9.5940103085094286
98.0598059805980711 16.7943971673920274
98.0798079807980798 25.6474834929043460
98.0998099809981170 13.7894810920190842
98.1198119811981257 20.6868992310213855
98.1398139813981629 22.7087230727192697
98.1598159815981717 47.7668843624016262
98.1798179817981804 33.8682960691900306
98.1998199819982176 50.8410256308448680
98.2198219821982264 51.2151170276323029
98.2398239823982635 56.0502720708518467
98.2598259825982723 35.4781974902489310
98.2798279827982810 62.0437047394378851
98.2998299829983182 59.1678047657693895
98.3198319831983270 33.7764767829167596
98.3398339833983357 39.9739327206451094
98.3598359835983729 35.7075963220193842
98.3798379837983816 42.0447115136421843
98.3998399839984188 32.1272400076762210
98.4198419841984276 47.9996771619279556
98.4398439843984363 15.7993387652288497
98.4598459845984735 38.6158274674738919
98.4798479847984822 56.2055736763394407
98.4998499849985194 79.1965598601727976
98.5198519851985282 33.9620708605990202
98.5398539853985369 39.1406539901024360
98.5598559855985741 36.4807559312790985
98.5798579857985828 37.7369235938595438
98.5998599859986200 19.6545845206588261
98.6198619861986288 29.7267728209512008
98.6398639863986375 20.3957140945808568
98.6598659865986747 42.5596988633870836
98.6798679867986834 48.3500320170803235
98.6998699869987206 36.0304037348623893
98.7198719871987294 94.5639169905616370
98.7398739873987381 38.5066069236455490
98.7598759875987753 36.7870249961413549
98.7798779877987840 54.3077627299146073
98.7998799879988212 36.9862964497314763
98.8198819881988300 46.8965010307816286
98.8398839883988387 47.2879201100998117
98.8598859885988759 65.5495578480588392
98.8798879887988846 74.3136414979116324
98.8998899889989218 52.3173992478787753
98.9198919891989306 46.2214947591595404
98.9398939893989393 31.8152136599367878
98.9598959895989765 46.5930400763318175
98.9798979897989852 63.7147250442115194
98.9998999899990224 68.5064507361113186
99.0199019901990312 50.5313677572931184
99.0399039903990399 76.3685903474989232
99.0599059905990771 73.5136291097756356
99.0799079907990858 75.6016926389684158
99.0999099909991230 82.2354954299242138
99.1199119911991318 32.9021593639903500
99.1399139913991405 61.7771342460498971
99.1599159915991777 68.0368901406728099
99.1799179917991864 70.9855306145956604
99.1999199919992236 59.0426711903017960
99.2199219921992324 85.9189170808380993
99.2399239923992411 67.0057816859329307
99.2599259925992783 49.2176068087029250
99.2799279927992870 58.5919450376015192
99.2999299929992958 60.3877619343922802
99.3199319931993330 94.4180330871781592
99.3399339933993417 74.7862040125701810
99.3599359935993789 66.6507420306552660
99.3799379937993876 94.2322624132080051
99.3999399939993964 76.3981711943006161
99.4199419941994336 61.0257274902490963
99.4399439943994423 71.4685407640119337
99.4599459945994795 107.9204860780605628
99.4799479947994882 91.1339828375874674
99.4999499949994970 96.0447457455403963
99.5199519951995342 57.4849117126804359
99.5399539953995429 66.0162563128322688
99.5599559955995801 87.7033719714336968
99.5799579957995888 97.5738927998158090
99.5999599959995976 110.0583637829747943
99.6199619961996348 67.8389180114239707
99.6399639963996435 108.3910395896389787
99.6599659965996807 61.3647415032320538
99.6799679967996894 72.3849304614244318
99.6999699969996982 87.3130808750052410
99.7199719971997354 52.7312452759611077
99.7399739973997441 101.5872353135058006
99.7599759975997813 118.2790734278626559
99.7799779977997900 74.8359645261796516
99.7999799979997988 102.6177015604245923
99.8199819981998360 103.7332752741505999
99.8399839983998447 95.3958309921296319
99.8599859985998819 117.4072229434652428
99.8799879987998906 85.3284412866029811
99.8999899989998994 69.3836908721399652
99.9199919991999366 111.2252261848278749
99.9399939993999453 118.2178873872522900
99.9599959995999825 103.2131914016857053
99.9799979997999912 97.9716990280188185
100.0000000000000000 115.2789028757678409
